  -1.000000E+00     1     1    3.073191E-05
  -1.000000E+00     1     2   -2.333689E-12
  -1.000000E+00     1     3   -6.875196E-12
  -1.000000E+00     1     4    1.039403E-13
  -1.000000E+00     1     5    1.824048E-06
  -1.000000E+00     1     6   -2.639443E-13
  -1.000000E+00     2     1    2.851879E-12
  -1.000000E+00     2     2    7.821476E-04
  -1.000000E+00     2     3   -2.123519E-10
  -1.000000E+00     2     4    4.847299E-06
  -1.000000E+00     2     5    1.759785E-11
  -1.000000E+00     2     6    9.484811E-12
  -1.000000E+00     3     1   -8.208947E-12
  -1.000000E+00     3     2   -4.432684E-11
  -1.000000E+00     3     3    9.330169E-04
  -1.000000E+00     3     4   -1.377520E-11
  -1.000000E+00     3     5   -3.684342E-11
  -1.000000E+00     3     6   -2.132734E-11
  -1.000000E+00     4     1   -4.139774E-14
  -1.000000E+00     4     2    3.408324E-06
  -1.000000E+00     4     3   -4.344485E-12
  -1.000000E+00     4     4    2.092058E-05
  -1.000000E+00     4     5    7.986794E-13
  -1.000000E+00     4     6    3.354453E-13
  -1.000000E+00     5     1    1.382021E-06
  -1.000000E+00     5     2    2.601536E-12
  -1.000000E+00     5     3   -9.591620E-12
  -1.000000E+00     5     4   -5.682982E-14
  -1.000000E+00     5     5    5.888542E-05
  -1.000000E+00     5     6   -2.666193E-13
  -1.000000E+00     6     1    2.054029E-12
  -1.000000E+00     6     2    1.022925E-11
  -1.000000E+00     6     3   -3.327272E-11
  -1.000000E+00     6     4    2.868750E-13
  -1.000000E+00     6     5    7.336437E-12
  -1.000000E+00     6     6    3.063605E-05
    0.000000E+00     1     1    7.836355E-05
    0.000000E+00     1     2   -1.141356E-12
    0.000000E+00     1     3   -4.923749E-11
    0.000000E+00     1     4    3.359111E-12
    0.000000E+00     1     5    3.468223E-05
    0.000000E+00     1     6   -2.872121E-12
    0.000000E+00     2     1    1.688227E-11
    0.000000E+00     2     2    1.471030E-03
    0.000000E+00     2     3   -3.274045E-09
    0.000000E+00     2     4   -2.589403E-05
    0.000000E+00     2     5    4.438436E-11
    0.000000E+00     2     6   -1.736273E-11
    0.000000E+00     3     1   -1.753391E-11
    0.000000E+00     3     2   -2.524212E-10
    0.000000E+00     3     3    7.096147E-03
    0.000000E+00     3     4    5.962539E-11
    0.000000E+00     3     5    4.682152E-11
    0.000000E+00     3     6   -1.747897E-11
    0.000000E+00     4     1    5.336123E-13
    0.000000E+00     4     2   -2.480226E-05
    0.000000E+00     4     3   -3.947977E-12
    0.000000E+00     4     4    4.228976E-05
    0.000000E+00     4     5    2.524488E-12
    0.000000E+00     4     6   -1.315354E-12
    0.000000E+00     5     1    2.196273E-05
    0.000000E+00     5     2    1.297664E-11
    0.000000E+00     5     3    5.760936E-11
    0.000000E+00     5     4   -6.941896E-12
    0.000000E+00     5     5    1.323732E-04
    0.000000E+00     5     6    3.177673E-13
    0.000000E+00     6     1    1.470112E-11
    0.000000E+00     6     2   -2.953367E-11
    0.000000E+00     6     3   -1.341746E-10
    0.000000E+00     6     4    5.041173E-12
    0.000000E+00     6     5    6.404953E-11
    0.000000E+00     6     6    6.467280E-05
    3.141593E+01     1     1    7.836355E-05  -5.774659E-07
    3.141593E+01     1     2   -1.141356E-12   3.822616E-13
    3.141593E+01     1     3   -4.923749E-11   5.415098E-11
    3.141593E+01     1     4    3.359111E-12   8.096958E-13
    3.141593E+01     1     5    3.468223E-05  -1.250900E-06
    3.141593E+01     1     6   -2.872121E-12   2.550339E-13
    3.141593E+01     2     1    1.688227E-11   6.188130E-13
    3.141593E+01     2     2    1.471030E-03  -1.815927E-06
    3.141593E+01     2     3   -3.274045E-09  -2.021604E-09
    3.141593E+01     2     4   -2.589403E-05   6.817366E-07
    3.141593E+01     2     5    4.438436E-11   1.059815E-12
    3.141593E+01     2     6   -1.736273E-11  -1.559800E-12
    3.141593E+01     3     1   -1.753391E-11  -4.407074E-11
    3.141593E+01     3     2   -2.524212E-10  -3.432358E-10
    3.141593E+01     3     3    7.096147E-03   1.384536E-03
    3.141593E+01     3     4    5.962539E-11  -1.013137E-10
    3.141593E+01     3     5    4.682152E-11  -1.179037E-10
    3.141593E+01     3     6   -1.747897E-11  -5.749960E-11
    3.141593E+01     4     1    5.336123E-13   8.553279E-14
    3.141593E+01     4     2   -2.480226E-05   6.376337E-07
    3.141593E+01     4     3   -3.947977E-12   1.798725E-10
    3.141593E+01     4     4    4.228976E-05  -2.389251E-07
    3.141593E+01     4     5    2.524488E-12   3.437902E-13
    3.141593E+01     4     6   -1.315354E-12   5.824318E-13
    3.141593E+01     5     1    2.196273E-05  -8.251010E-07
    3.141593E+01     5     2    1.297664E-11   4.504875E-12
    3.141593E+01     5     3    5.760936E-11  -3.398139E-10
    3.141593E+01     5     4   -6.941896E-12  -1.534792E-13
    3.141593E+01     5     5    1.323732E-04  -1.786845E-06
    3.141593E+01     5     6    3.177673E-13   7.949711E-13
    3.141593E+01     6     1    1.470112E-11  -1.189520E-13
    3.141593E+01     6     2   -2.953367E-11   3.463399E-12
    3.141593E+01     6     3   -1.341746E-10  -3.875366E-11
    3.141593E+01     6     4    5.041173E-12   6.092922E-14
    3.141593E+01     6     5    6.404953E-11  -5.956337E-13
    3.141593E+01     6     6    6.467280E-05  -2.388948E-09
    1.175526E+01     1     1    7.842746E-05   2.000644E-07
    1.175526E+01     1     2   -2.515546E-12  -3.201349E-13
    1.175526E+01     1     3   -6.173479E-12  -1.424413E-11
    1.175526E+01     1     4    1.512648E-12  -2.053529E-13
    1.175526E+01     1     5    3.488767E-05   4.353288E-07
    1.175526E+01     1     6   -2.763796E-12  -6.368421E-14
    1.175526E+01     2     1    2.294472E-11  -2.048130E-13
    1.175526E+01     2     2    1.471413E-03   6.152925E-07
    1.175526E+01     2     3   -2.744281E-09  -4.079372E-10
    1.175526E+01     2     4   -2.605364E-05  -2.330124E-07
    1.175526E+01     2     5    6.944820E-11  -7.386288E-13
    1.175526E+01     2     6   -3.262057E-11   8.159746E-13
    1.175526E+01     3     1    8.631026E-12   6.587547E-12
    1.175526E+01     3     2   -5.920092E-11   9.634404E-11
    1.175526E+01     3     3    6.472786E-03   1.472397E-03
    1.175526E+01     3     4    2.384568E-11   2.508181E-11
    1.175526E+01     3     5    6.556910E-11   1.412548E-14
    1.175526E+01     3     6   -1.304796E-11   6.787127E-12
    1.175526E+01     4     1    3.370600E-13   3.358651E-14
    1.175526E+01     4     2   -2.494423E-05  -2.179755E-07
    1.175526E+01     4     3    4.312230E-11  -4.145379E-11
    1.175526E+01     4     4    4.237257E-05   8.244211E-08
    1.175526E+01     4     5    1.782751E-12   3.240439E-13
    1.175526E+01     4     6   -4.514548E-13  -2.850300E-13
    1.175526E+01     5     1    2.211882E-05   2.870059E-07
    1.175526E+01     5     2    8.259793E-12  -7.816716E-13
    1.175526E+01     5     3    1.235005E-10   1.276777E-10
    1.175526E+01     5     4    2.860060E-12   9.930196E-14
    1.175526E+01     5     5    1.327750E-04   6.244172E-07
    1.175526E+01     5     6   -5.794180E-13  -3.481378E-13
    1.175526E+01     6     1    1.764267E-11   7.662586E-14
    1.175526E+01     6     2   -3.609851E-11  -8.274224E-13
    1.175526E+01     6     3   -1.722463E-10  -4.077523E-11
    1.175526E+01     6     4    3.618188E-12  -7.875558E-14
    1.175526E+01     6     5    6.622364E-11   1.937861E-13
    1.175526E+01     6     6    6.466876E-05   7.120686E-10
    7.231195E+00     1     1    7.858398E-05   1.803343E-07
    7.231195E+00     1     2   -3.104679E-12  -4.681199E-13
    7.231195E+00     1     3    2.461133E-11  -5.689456E-12
    7.231195E+00     1     4    4.128822E-13  -2.347236E-13
    7.231195E+00     1     5    3.522147E-05   3.944705E-07
    7.231195E+00     1     6   -2.413600E-12  -5.260383E-14
    7.231195E+00     2     1    2.608943E-11  -3.964840E-14
    7.231195E+00     2     2    1.472737E-03   5.482656E-07
    7.231195E+00     2     3   -2.414000E-09  -3.612578E-10
    7.231195E+00     2     4   -2.629844E-05  -2.090942E-07
    7.231195E+00     2     5    8.647155E-11  -3.866844E-13
    7.231195E+00     2     6   -4.417043E-11   5.941036E-13
    7.231195E+00     3     1    1.774913E-11   9.047637E-12
    7.231195E+00     3     2    4.002305E-11   1.108170E-10
    7.231195E+00     3     3    6.024868E-03   1.495547E-03
    7.231195E+00     3     4    1.505134E-11   3.154533E-11
    7.231195E+00     3     5    5.859736E-11   8.496782E-12
    7.231195E+00     3     6   -9.935756E-12   7.736154E-12
    7.231195E+00     4     1    1.248532E-13  -4.473549E-14
    7.231195E+00     4     2   -2.516791E-05  -1.956730E-07
    7.231195E+00     4     3    8.204541E-11  -2.779315E-11
    7.231195E+00     4     4    4.249088E-05   7.460072E-08
    7.231195E+00     4     5    1.052665E-12   2.144365E-13
    7.231195E+00     4     6    2.196717E-13  -2.930392E-13
    7.231195E+00     5     1    2.235090E-05   2.599228E-07
    7.231195E+00     5     2    4.835720E-12  -6.293784E-13
    7.231195E+00     5     3    1.308470E-10   1.207998E-10
    7.231195E+00     5     4    7.865390E-12   1.021037E-13
    7.231195E+00     5     5    1.333820E-04   5.686401E-07
    7.231195E+00     5     6   -2.065974E-14  -1.964315E-13
    7.231195E+00     6     1    1.959879E-11   6.582617E-14
    7.231195E+00     6     2   -4.274206E-11  -8.270812E-13
    7.231195E+00     6     3   -1.928363E-10  -5.226512E-11
    7.231195E+00     6     4    2.603471E-12  -3.288855E-14
    7.231195E+00     6     5    6.757437E-11   1.305115E-13
    7.231195E+00     6     6    6.469942E-05   6.004699E-10
    5.221194E+00     1     1    7.884244E-05   1.127641E-07
    5.221194E+00     1     2   -3.125575E-12  -5.161826E-13
    5.221194E+00     1     3    4.441841E-11   9.520952E-12
    5.221194E+00     1     4   -9.051091E-14  -1.399276E-13
    5.221194E+00     1     5    3.570874E-05   2.515987E-07
    5.221194E+00     1     6   -1.908353E-12  -1.083102E-14
    5.221194E+00     2     1    2.671231E-11   1.926881E-13
    5.221194E+00     2     2    1.475073E-03   3.197340E-07
    5.221194E+00     2     3   -2.230228E-09  -5.124976E-10
    5.221194E+00     2     4   -2.665130E-05  -1.261662E-07
    5.221194E+00     2     5    9.556479E-11   1.183462E-13
    5.221194E+00     2     6   -5.132926E-11   1.205775E-13
    5.221194E+00     3     1    1.461473E-11   5.513728E-12
    5.221194E+00     3     2    6.762412E-11   7.172079E-11
    5.221194E+00     3     3    5.722072E-03   1.531648E-03
    5.221194E+00     3     4    2.478925E-11   2.193976E-11
    5.221194E+00     3     5    3.470824E-11   2.650627E-12
    5.221194E+00     3     6   -7.680401E-12   1.458577E-12
    5.221194E+00     4     1   -9.244611E-14  -1.000857E-13
    5.221194E+00     4     2   -2.549434E-05  -1.182242E-07
    5.221194E+00     4     3    1.112195E-10   8.932250E-12
    5.221194E+00     4     4    4.265327E-05   4.671396E-08
    5.221194E+00     4     5    3.298365E-13   1.128989E-13
    5.221194E+00     4     6    6.802706E-13  -1.999751E-13
    5.221194E+00     5     1    2.267682E-05   1.654351E-07
    5.221194E+00     5     2    2.496288E-12   1.315626E-13
    5.221194E+00     5     3    9.740230E-11   6.063694E-11
    5.221194E+00     5     4    9.135154E-12   6.642294E-14
    5.221194E+00     5     5    1.342372E-04   3.692702E-07
    5.221194E+00     5     6    1.529676E-12   4.971996E-14
    5.221194E+00     6     1    2.074786E-11   6.201334E-14
    5.221194E+00     6     2   -4.795524E-11  -3.470646E-13
    5.221194E+00     6     3   -1.976806E-10  -6.037381E-11
    5.221194E+00     6     4    1.829403E-12   1.928402E-14
    5.221194E+00     6     5    6.816562E-11   5.540919E-14
    5.221194E+00     6     6    6.476508E-05   2.004390E-10
    4.085827E+00     1     1    7.921220E-05   9.486092E-08
    4.085827E+00     1     2   -2.795053E-12  -5.235408E-13
    4.085827E+00     1     3    5.454924E-11   2.224432E-11
    4.085827E+00     1     4   -1.478538E-13  -3.305430E-14
    4.085827E+00     1     5    3.637456E-05   2.181533E-07
    4.085827E+00     1     6   -1.334874E-12   2.272398E-14
    4.085827E+00     2     1    2.520929E-11   3.723330E-13
    4.085827E+00     2     2    1.478491E-03   2.337267E-07
    4.085827E+00     2     3   -2.139989E-09  -6.837209E-10
    4.085827E+00     2     4   -2.713511E-05  -9.867981E-08
    4.085827E+00     2     5    9.683833E-11   5.166215E-13
    4.085827E+00     2     6   -5.341400E-11  -2.993720E-13
    4.085827E+00     3     1    4.022163E-12   1.476297E-12
    4.085827E+00     3     2    4.597577E-11   2.739784E-11
    4.085827E+00     3     3    5.534077E-03   1.591190E-03
    4.085827E+00     3     4    4.460628E-11   9.779200E-12
    4.085827E+00     3     5    2.703691E-12  -5.154850E-12
    4.085827E+00     3     6   -5.819950E-12  -4.746953E-12
    4.085827E+00     4     1   -3.042758E-13  -1.260548E-13
    4.085827E+00     4     2   -2.594456E-05  -9.267818E-08
    4.085827E+00     4     3    1.290428E-10   4.115643E-11
    4.085827E+00     4     4    4.286829E-05   3.900713E-08
    4.085827E+00     4     5   -3.901315E-13   3.222477E-14
    4.085827E+00     4     6    9.125864E-13  -1.045325E-13
    4.085827E+00     5     1    2.311443E-05   1.429939E-07
    4.085827E+00     5     2    1.033361E-12   8.728717E-13
    4.085827E+00     5     3    4.091994E-11   1.978065E-12
    4.085827E+00     5     4    7.730411E-12   1.978762E-14
    4.085827E+00     5     5    1.353839E-04   3.286148E-07
    4.085827E+00     5     6    3.607223E-12   2.341627E-13
    4.085827E+00     6     1    2.126825E-11   9.295469E-14
    4.085827E+00     6     2   -5.022901E-11   1.167682E-13
    4.085827E+00     6     3   -1.885155E-10  -6.344330E-11
    4.085827E+00     6     4    1.128367E-12   5.444235E-14
    4.085827E+00     6     5    6.806125E-11   7.787129E-14
    4.085827E+00     6     6    6.486604E-05  -1.075980E-10
    3.355865E+00     1     1    7.970259E-05   1.544316E-07
    3.355865E+00     1     2   -2.329935E-12  -5.069938E-13
    3.355865E+00     1     3    5.630530E-11   2.986883E-11
    3.355865E+00     1     4    9.053068E-14   5.392570E-14
    3.355865E+00     1     5    3.724404E-05   3.544302E-07
    3.355865E+00     1     6   -7.799832E-13   3.695638E-14
    3.355865E+00     2     1    2.197628E-11   4.650322E-13
    3.355865E+00     2     2    1.483063E-03   3.769534E-07
    3.355865E+00     2     3   -2.090310E-09  -8.240193E-10
    3.355865E+00     2     4   -2.777274E-05  -1.592754E-07
    3.355865E+00     2     5    9.040257E-11   7.339485E-13
    3.355865E+00     2     6   -4.974161E-11  -5.786394E-13
    3.355865E+00     3     1   -9.234251E-12  -1.498368E-12
    3.355865E+00     3     2   -2.548539E-12  -8.365886E-12
    3.355865E+00     3     3    5.430562E-03   1.676839E-03
    3.355865E+00     3     4    6.604932E-11  -1.082799E-12
    3.355865E+00     3     5   -2.861435E-11  -1.138879E-11
    3.355865E+00     3     6   -3.892457E-12  -8.797152E-12
    3.355865E+00     4     1   -5.000738E-13  -1.207949E-13
    3.355865E+00     4     2   -2.653961E-05  -1.495644E-07
    3.355865E+00     4     3    1.339135E-10   6.100849E-11
    3.355865E+00     4     4    4.314448E-05   6.295151E-08
    3.355865E+00     4     5   -1.111634E-12  -2.396021E-14
    3.355865E+00     4     6    8.988637E-13  -3.484405E-14
    3.355865E+00     5     1    2.368159E-05   2.323661E-07
    3.355865E+00     5     2    2.388041E-13   1.415163E-12
    3.355865E+00     5     3   -2.084667E-11  -3.954886E-11
    3.355865E+00     5     4    4.712221E-12  -2.995664E-14
    3.355865E+00     5     5    1.368653E-04   5.328800E-07
    3.355865E+00     5     6    5.747615E-12   3.123140E-13
    3.355865E+00     6     1    2.133836E-11   1.665602E-13
    3.355865E+00     6     2   -4.805429E-11   4.229362E-13
    3.355865E+00     6     3   -1.670769E-10  -6.098791E-11
    3.355865E+00     6     4    3.327438E-13   6.592685E-14
    3.355865E+00     6     5    6.732513E-11   2.291046E-13
    3.355865E+00     6     6    6.500259E-05  -2.150907E-10
    2.847322E+00     1     1    8.032313E-05   2.643432E-07
    2.847322E+00     1     2   -3.170350E-12  -5.129988E-13
    2.847322E+00     1     3    4.662305E-11   2.473549E-11
    2.847322E+00     1     4    9.116621E-14   4.022766E-14
    2.847322E+00     1     5    3.835249E-05   6.021657E-07
    2.847322E+00     1     6   -6.096005E-13  -1.398529E-13
    2.847322E+00     2     1    1.396842E-11  -9.501671E-14
    2.847322E+00     2     2    1.488758E-03   6.517027E-07
    2.847322E+00     2     3   -1.903211E-09  -8.493163E-10
    2.847322E+00     2     4   -2.858784E-05  -2.723960E-07
    2.847322E+00     2     5    6.289368E-11  -3.556151E-13
    2.847322E+00     2     6   -2.717236E-11  -2.122261E-13
    2.847322E+00     3     1   -1.258125E-11   3.929443E-12
    2.847322E+00     3     2   -5.312219E-11  -2.244343E-11
    2.847322E+00     3     3    5.382040E-03   1.790250E-03
    2.847322E+00     3     4    5.986917E-11  -4.783305E-12
    2.847322E+00     3     5   -4.072264E-11  -7.438135E-12
    2.847322E+00     3     6    4.491436E-12  -5.574343E-12
    2.847322E+00     4     1   -6.693795E-13   5.290368E-14
    2.847322E+00     4     2   -2.729997E-05  -2.557746E-07
    2.847322E+00     4     3    1.113304E-10   5.400138E-11
    2.847322E+00     4     4    4.349162E-05   1.065367E-07
    2.847322E+00     4     5   -2.599720E-12   1.474889E-13
    2.847322E+00     4     6    5.975179E-13  -1.173273E-13
    2.847322E+00     5     1    2.440398E-05   3.950691E-07
    2.847322E+00     5     2    9.405533E-13   1.955315E-12
    2.847322E+00     5     3   -4.459773E-11  -3.380316E-11
    2.847322E+00     5     4    2.345984E-12   7.398596E-14
    2.847322E+00     5     5    1.387404E-04   8.994162E-07
    2.847322E+00     5     6    5.860328E-12  -6.213713E-14
    2.847322E+00     6     1    2.268768E-11   4.562970E-13
    2.847322E+00     6     2   -2.720537E-11   1.563076E-13
    2.847322E+00     6     3   -1.127521E-10  -2.840404E-11
    2.847322E+00     6     4   -1.148432E-12   3.526480E-14
    2.847322E+00     6     5    6.919840E-11   9.739462E-13
    2.847322E+00     6     6    6.517013E-05  -3.584081E-10
    2.472527E+00     1     1    8.109711E-05   4.364282E-07
    2.472527E+00     1     2   -2.097103E-12  -3.512501E-13
    2.472527E+00     1     3    3.600604E-11   1.483928E-11
    2.472527E+00     1     4    4.474451E-13   3.048183E-14
    2.472527E+00     1     5    3.972718E-05   9.867593E-07
    2.472527E+00     1     6   -2.440392E-13   1.871659E-14
    2.472527E+00     2     1    1.053216E-11  -3.482814E-14
    2.472527E+00     2     2    1.495997E-03   1.085438E-06
    2.472527E+00     2     3   -1.639221E-09  -7.236815E-10
    2.472527E+00     2     4   -2.960224E-05  -4.492745E-07
    2.472527E+00     2     5    4.604759E-11  -3.266229E-13
    2.472527E+00     2     6   -1.110881E-11  -3.117285E-13
    2.472527E+00     3     1   -8.400063E-12   8.408973E-13
    2.472527E+00     3     2   -3.716581E-12  -1.241216E-11
    2.472527E+00     3     3    5.332238E-03   1.932037E-03
    2.472527E+00     3     4    3.877544E-11  -6.778203E-12
    2.472527E+00     3     5   -1.051213E-11  -8.922848E-12
    2.472527E+00     3     6    7.490722E-12   1.121070E-12
    2.472527E+00     4     1   -8.286024E-13   6.616074E-14
    2.472527E+00     4     2   -2.825066E-05  -4.215885E-07
    2.472527E+00     4     3    6.998708E-11   1.840189E-11
    2.472527E+00     4     4    4.391668E-05   1.739269E-07
    2.472527E+00     4     5   -3.464891E-12   2.126008E-14
    2.472527E+00     4     6   -9.195316E-13  -1.110614E-13
    2.472527E+00     5     1    2.529917E-05   6.478852E-07
    2.472527E+00     5     2   -2.785287E-12   1.801315E-12
    2.472527E+00     5     3   -2.628727E-11  -1.715502E-12
    2.472527E+00     5     4    6.375007E-13  -9.145983E-14
    2.472527E+00     5     5    1.410470E-04   1.464171E-06
    2.472527E+00     5     6    7.735668E-12  -4.370033E-13
    2.472527E+00     6     1    2.086234E-11   3.310623E-13
    2.472527E+00     6     2   -7.606352E-12   6.180857E-14
    2.472527E+00     6     3   -8.320317E-11  -1.929745E-11
    2.472527E+00     6     4   -4.922420E-12  -1.739208E-13
    2.472527E+00     6     5    6.080945E-11   7.390616E-13
    2.472527E+00     6     6    6.538444E-05  -5.941049E-10
    2.185000E+00     1     1    8.202795E-05   7.107035E-07
    2.185000E+00     1     2   -2.578502E-12  -3.028575E-13
    2.185000E+00     1     3    2.202965E-11   9.677603E-12
    2.185000E+00     1     4    9.303591E-13   5.561839E-14
    2.185000E+00     1     5    4.141273E-05   1.594305E-06
    2.185000E+00     1     6   -1.069709E-13  -5.547147E-14
    2.185000E+00     2     1    6.848769E-12  -2.125201E-13
    2.185000E+00     2     2    1.504473E-03   1.792013E-06
    2.185000E+00     2     3   -1.498864E-09  -8.680272E-10
    2.185000E+00     2     4   -3.085565E-05  -7.332752E-07
    2.185000E+00     2     5    2.543056E-11  -1.056679E-12
    2.185000E+00     2     6    9.487694E-12  -1.719856E-13
    2.185000E+00     3     1   -8.444663E-13   1.576152E-13
    2.185000E+00     3     2   -9.862589E-12  -7.904247E-12
    2.185000E+00     3     3    5.283474E-03   2.105352E-03
    2.185000E+00     3     4    2.812909E-11  -1.192657E-11
    2.185000E+00     3     5    1.808569E-11  -7.887526E-12
    2.185000E+00     3     6    7.820293E-12   5.890002E-12
    2.185000E+00     4     1   -4.685445E-13   1.827993E-13
    2.185000E+00     4     2   -2.942223E-05  -6.877945E-07
    2.185000E+00     4     3    3.086797E-11  -3.410179E-12
    2.185000E+00     4     4    4.443552E-05   2.805949E-07
    2.185000E+00     4     5   -1.111058E-12   1.763865E-13
    2.185000E+00     4     6   -9.646295E-13  -2.559731E-13
    2.185000E+00     5     1    2.639956E-05   1.047573E-06
    2.185000E+00     5     2   -2.936206E-13   1.365455E-14
    2.185000E+00     5     3    9.956129E-12   3.327971E-11
    2.185000E+00     5     4   -3.234027E-13  -3.038092E-13
    2.185000E+00     5     5    1.438656E-04   2.349138E-06
    2.185000E+00     5     6    8.370831E-12  -2.905499E-13
    2.185000E+00     6     1    2.048852E-11   5.253605E-13
    2.185000E+00     6     2    8.693961E-12  -2.548768E-13
    2.185000E+00     6     3   -5.233283E-11  -1.546204E-11
    2.185000E+00     6     4   -5.522242E-12  -1.287661E-13
    2.185000E+00     6     5    5.816801E-11   1.216269E-12
    2.185000E+00     6     6    6.562697E-05  -9.367034E-10
    1.957318E+00     1     1    8.313393E-05   1.147200E-06
    1.957318E+00     1     2   -2.387733E-12  -4.319388E-13
    1.957318E+00     1     3    6.369253E-12  -1.448908E-11
    1.957318E+00     1     4    1.094293E-12   1.750543E-13
    1.957318E+00     1     5    4.342937E-05   2.553046E-06
    1.957318E+00     1     6   -6.198629E-13  -1.774238E-14
    1.957318E+00     2     1    9.124730E-12   1.805922E-12
    1.957318E+00     2     2    1.514404E-03   2.956064E-06
    1.957318E+00     2     3   -1.341028E-09  -8.949966E-10
    1.957318E+00     2     4   -3.237993E-05  -1.193619E-06
    1.957318E+00     2     5    2.380385E-11   4.114466E-12
    1.957318E+00     2     6    2.126933E-11  -5.042588E-13
    1.957318E+00     3     1    9.987452E-12   8.935321E-13
    1.957318E+00     3     2   -5.076042E-11   5.001900E-11
    1.957318E+00     3     3    5.226330E-03   2.310665E-03
    1.957318E+00     3     4    7.274333E-12  -6.969247E-12
    1.957318E+00     3     5    4.982029E-11  -5.055808E-12
    1.957318E+00     3     6    5.041117E-12   7.026475E-12
    1.957318E+00     4     1   -6.059900E-13   6.743640E-14
    1.957318E+00     4     2   -3.084558E-05  -1.119076E-06
    1.957318E+00     4     3   -1.662583E-11  -3.539764E-11
    1.957318E+00     4     4    4.505674E-05   4.507008E-07
    1.957318E+00     4     5   -1.538125E-12  -6.808116E-13
    1.957318E+00     4     6   -1.531757E-12  -3.367244E-13
    1.957318E+00     5     1    2.771690E-05   1.678859E-06
    1.957318E+00     5     2   -3.549470E-13  -6.737165E-13
    1.957318E+00     5     3    6.702400E-11   6.586004E-11
    1.957318E+00     5     4   -2.661666E-12  -6.063127E-13
    1.957318E+00     5     5    1.472268E-04   3.735145E-06
    1.957318E+00     5     6    7.928461E-12  -1.596766E-13
    1.957318E+00     6     1    2.133160E-11   1.516987E-12
    1.957318E+00     6     2    2.525424E-11  -8.007361E-13
    1.957318E+00     6     3   -4.127043E-11  -4.115663E-11
    1.957318E+00     6     4   -5.017304E-12  -9.128499E-15
    1.957318E+00     6     5    6.099465E-11   3.513402E-12
    1.957318E+00     6     6    6.590560E-05  -1.309387E-09
    1.772658E+00     1     1    8.440724E-05   1.824044E-06
    1.772658E+00     1     2   -3.006172E-12  -3.346199E-13
    1.772658E+00     1     3   -7.067512E-12  -2.510463E-11
    1.772658E+00     1     4    1.699732E-12  -3.109897E-14
    1.772658E+00     1     5    4.575904E-05   4.029220E-06
    1.772658E+00     1     6   -2.773783E-12   5.512001E-14
    1.772658E+00     2     1    7.183356E-12  -6.275376E-13
    1.772658E+00     2     2    1.525812E-03   4.844730E-06
    1.772658E+00     2     3   -1.204827E-09  -1.061042E-09
    1.772658E+00     2     4   -3.419628E-05  -1.928769E-06
    1.772658E+00     2     5   -5.576300E-12  -2.370936E-12
    1.772658E+00     2     6    2.610668E-11   4.942918E-14
    1.772658E+00     3     1    2.112057E-11   1.459085E-12
    1.772658E+00     3     2   -1.007262E-10   4.560743E-11
    1.772658E+00     3     3    5.149242E-03   2.544950E-03
    1.772658E+00     3     4   -2.406957E-11  -1.330826E-11
    1.772658E+00     3     5    7.720248E-11  -7.547634E-12
    1.772658E+00     3     6    5.358285E-12   7.813032E-12
    1.772658E+00     4     1   -7.143830E-13   1.446647E-13
    1.772658E+00     4     2   -3.254037E-05  -1.806931E-06
    1.772658E+00     4     3   -7.217535E-11  -5.612371E-11
    1.772658E+00     4     4    4.578551E-05   7.178062E-07
    1.772658E+00     4     5   -2.274992E-12  -2.757866E-13
    1.772658E+00     4     6   -1.632516E-12   7.263948E-14
    1.772658E+00     5     1    2.923789E-05   2.651610E-06
    1.772658E+00     5     2   -3.920139E-12  -1.708655E-12
    1.772658E+00     5     3    1.105903E-10   9.829896E-11
    1.772658E+00     5     4   -2.590211E-12  -4.845526E-13
    1.772658E+00     5     5    1.511137E-04   5.855575E-06
    1.772658E+00     5     6    7.473652E-12  -1.847562E-13
    1.772658E+00     6     1    1.819743E-11   1.915647E-12
    1.772658E+00     6     2    3.491373E-11  -1.326753E-12
    1.772658E+00     6     3   -1.153092E-11  -8.062403E-12
    1.772658E+00     6     4   -4.834993E-12  -1.809954E-13
    1.772658E+00     6     5    6.053857E-11   4.767629E-12
    1.772658E+00     6     6    6.622128E-05  -1.396294E-09
    1.619795E+00     1     1    8.581030E-05   2.830281E-06
    1.619795E+00     1     2   -2.833314E-12  -3.553229E-13
    1.619795E+00     1     3   -1.093329E-11  -1.906083E-11
    1.619795E+00     1     4    2.152504E-12  -9.405511E-14
    1.619795E+00     1     5    4.831729E-05   6.213024E-06
    1.619795E+00     1     6   -4.692259E-12   5.570870E-14
    1.619795E+00     2     1    1.084409E-11   8.943500E-13
    1.619795E+00     2     2    1.538982E-03   7.823454E-06
    1.619795E+00     2     3   -8.716890E-10  -9.601801E-10
    1.619795E+00     2     4   -3.630166E-05  -3.067742E-06
    1.619795E+00     2     5    2.507292E-12   2.481539E-12
    1.619795E+00     2     6    3.982960E-11   2.536528E-13
    1.619795E+00     3     1    2.912025E-11   3.733451E-12
    1.619795E+00     3     2   -6.518178E-11   9.538297E-11
    1.619795E+00     3     3    5.040602E-03   2.801765E-03
    1.619795E+00     3     4   -3.113234E-11  -1.155550E-11
    1.619795E+00     3     5    1.025934E-10   1.207287E-11
    1.619795E+00     3     6    6.574164E-12   7.940213E-12
    1.619795E+00     4     1   -1.488449E-12  -2.636673E-13
    1.619795E+00     4     2   -3.450518E-05  -2.872874E-06
    1.619795E+00     4     3   -1.279144E-10  -8.496546E-11
    1.619795E+00     4     4    4.661766E-05   1.124593E-06
    1.619795E+00     4     5   -2.492203E-12  -5.387152E-13
    1.619795E+00     4     6   -1.273874E-12   5.790735E-13
    1.619795E+00     5     1    3.090640E-05   4.091054E-06
    1.619795E+00     5     2   -6.573004E-12  -2.610606E-12
    1.619795E+00     5     3    1.365459E-10   9.364105E-11
    1.619795E+00     5     4   -2.818629E-12  -5.034777E-13
    1.619795E+00     5     5    1.554249E-04   8.977739E-06
    1.619795E+00     5     6    5.872751E-12  -2.082052E-13
    1.619795E+00     6     1    1.113665E-11   1.321985E-12
    1.619795E+00     6     2    4.062432E-11  -1.353414E-12
    1.619795E+00     6     3   -1.949366E-11  -3.366571E-11
    1.619795E+00     6     4   -1.909660E-12   1.841741E-14
    1.619795E+00     6     5    4.624314E-11   3.482021E-12
    1.619795E+00     6     6    6.658564E-05  -3.127770E-10
    1.491239E+00     1     1    8.725804E-05   4.241837E-06
    1.491239E+00     1     2   -2.789082E-12  -2.073511E-13
    1.491239E+00     1     3   -9.850012E-12  -2.024253E-11
    1.491239E+00     1     4    2.393942E-12   4.166022E-13
    1.491239E+00     1     5    5.093357E-05   9.268244E-06
    1.491239E+00     1     6   -5.655636E-12  -1.177978E-13
    1.491239E+00     2     1    1.197352E-11   5.119355E-13
    1.491239E+00     2     2    1.553659E-03   1.229670E-05
    1.491239E+00     2     3   -4.867975E-10  -7.129401E-10
    1.491239E+00     2     4   -3.864490E-05  -4.750867E-06
    1.491239E+00     2     5    8.010691E-12   1.346284E-12
    1.491239E+00     2     6    3.162394E-11  -2.007292E-15
    1.491239E+00     3     1    3.268670E-11   3.392077E-12
    1.491239E+00     3     2   -6.716831E-12   1.279061E-10
    1.491239E+00     3     3    4.891323E-03   3.070416E-03
    1.491239E+00     3     4   -5.300563E-11  -1.114027E-11
    1.491239E+00     3     5    1.185105E-10   2.566521E-11
    1.491239E+00     3     6    3.957293E-12   3.402708E-12
    1.491239E+00     4     1   -1.631983E-12  -3.559360E-13
    1.491239E+00     4     2   -3.669031E-05  -4.446077E-06
    1.491239E+00     4     3   -1.548965E-10  -9.276882E-11
    1.491239E+00     4     4    4.753326E-05   1.715350E-06
    1.491239E+00     4     5   -3.294893E-12  -9.386622E-13
    1.491239E+00     4     6   -7.332206E-13   1.230736E-12
    1.491239E+00     5     1    3.260974E-05   6.106205E-06
    1.491239E+00     5     2   -7.899977E-12   6.356014E-14
    1.491239E+00     5     3    1.160464E-10   8.922822E-11
    1.491239E+00     5     4   -1.680042E-12  -2.393369E-13
    1.491239E+00     5     5    1.599433E-04   1.333520E-05
    1.491239E+00     5     6    4.126461E-12  -7.386893E-13
    1.491239E+00     6     1    4.405395E-12   5.703195E-13
    1.491239E+00     6     2    3.260551E-11  -1.732038E-12
    1.491239E+00     6     3   -2.098232E-11  -3.156150E-11
    1.491239E+00     6     4   -1.447976E-13   4.593320E-14
    1.491239E+00     6     5    3.127466E-11   1.956336E-12
    1.491239E+00     6     6    6.699704E-05   3.743002E-09
    1.381557E+00     1     1    8.863338E-05   6.108559E-06
    1.381557E+00     1     2   -1.947852E-12   5.291333E-13
    1.381557E+00     1     3   -1.433698E-11  -2.150312E-11
    1.381557E+00     1     4    2.886070E-12   3.183979E-13
    1.381557E+00     1     5    5.335544E-05   1.330943E-05
    1.381557E+00     1     6   -4.812489E-12  -3.589527E-13
    1.381557E+00     2     1    1.753181E-11   5.781845E-12
    1.381557E+00     2     2    1.569887E-03   1.870257E-05
    1.381557E+00     2     3   -1.820312E-10  -4.711853E-10
    1.381557E+00     2     4   -4.112152E-05  -7.119741E-06
    1.381557E+00     2     5    2.535598E-11   1.462856E-11
    1.381557E+00     2     6    1.429660E-11   2.597363E-13
    1.381557E+00     3     1    1.951493E-11   1.069483E-12
    1.381557E+00     3     2   -7.192891E-11   8.270282E-11
    1.381557E+00     3     3    4.695875E-03   3.339579E-03
    1.381557E+00     3     4   -4.872808E-11  -1.995470E-11
    1.381557E+00     3     5    9.374053E-11   1.865660E-11
    1.381557E+00     3     6   -1.059928E-12   7.778082E-15
    1.381557E+00     4     1   -1.668601E-12  -6.411171E-13
    1.381557E+00     4     2   -3.899952E-05  -6.660273E-06
    1.381557E+00     4     3   -1.557095E-10  -8.096789E-11
    1.381557E+00     4     4    4.849405E-05   2.532703E-06
    1.381557E+00     4     5   -3.905827E-12  -1.576843E-12
    1.381557E+00     4     6   -1.095598E-13   9.200676E-13
    1.381557E+00     5     1    3.417960E-05   8.772289E-06
    1.381557E+00     5     2   -5.282933E-12  -3.758765E-14
    1.381557E+00     5     3    8.709588E-11   3.796954E-11
    1.381557E+00     5     4   -2.327415E-12  -7.529613E-13
    1.381557E+00     5     5    1.643453E-04   1.910055E-05
    1.381557E+00     5     6    4.606547E-12   2.198517E-13
    1.381557E+00     6     1   -1.311580E-12  -1.290323E-13
    1.381557E+00     6     2    1.583845E-11  -1.199232E-12
    1.381557E+00     6     3   -2.378014E-11  -5.829681E-11
    1.381557E+00     6     4    1.862724E-12   3.477745E-13
    1.381557E+00     6     5    1.670447E-11   4.742535E-13
    1.381557E+00     6     6    6.747004E-05   1.417929E-08
    1.286905E+00     1     1    8.978228E-05   8.426392E-06
    1.286905E+00     1     2   -2.215961E-12  -1.006522E-13
    1.286905E+00     1     3   -1.261161E-11  -8.514351E-12
    1.286905E+00     1     4    2.188605E-12  -9.510788E-14
    1.286905E+00     1     5    5.526904E-05   1.834374E-05
    1.286905E+00     1     6   -4.296371E-12  -5.713180E-13
    1.286905E+00     2     1    1.291112E-11  -2.029285E-12
    1.286905E+00     2     2    1.587044E-03   2.740004E-05
    1.286905E+00     2     3   -2.800047E-11  -1.662892E-10
    1.286905E+00     2     4   -4.356593E-05  -1.028262E-05
    1.286905E+00     2     5    1.992542E-11  -5.116775E-12
    1.286905E+00     2     6   -8.234726E-12   6.704010E-13
    1.286905E+00     3     1    1.284633E-11  -3.084924E-12
    1.286905E+00     3     2   -6.724287E-11   1.169948E-10
    1.286905E+00     3     3    4.454016E-03   3.596663E-03
    1.286905E+00     3     4   -3.317824E-11  -1.333026E-11
    1.286905E+00     3     5    4.858101E-11   2.414042E-11
    1.286905E+00     3     6   -9.309250E-12  -5.051418E-12
    1.286905E+00     4     1   -1.717837E-12  -4.088297E-13
    1.286905E+00     4     2   -4.127456E-05  -9.613697E-06
    1.286905E+00     4     3   -1.283885E-10  -6.223372E-11
    1.286905E+00     4     4    4.944379E-05   3.604794E-06
    1.286905E+00     4     5   -3.753820E-12  -1.453976E-12
    1.286905E+00     4     6    7.331537E-13   3.295980E-13
    1.286905E+00     5     1    3.540874E-05   1.209435E-05
    1.286905E+00     5     2    4.054121E-13   1.932947E-12
    1.286905E+00     5     3    5.294687E-11  -1.257686E-11
    1.286905E+00     5     4   -2.922179E-12  -2.462371E-13
    1.286905E+00     5     5    1.682285E-04   2.630645E-05
    1.286905E+00     5     6    2.126948E-12  -4.257225E-13
    1.286905E+00     6     1   -6.519587E-12  -2.079787E-12
    1.286905E+00     6     2   -7.860347E-12  -1.016107E-12
    1.286905E+00     6     3   -4.389392E-11  -2.914684E-11
    1.286905E+00     6     4    3.043356E-12   2.775931E-13
    1.286905E+00     6     5   -8.244172E-13  -4.614175E-12
    1.286905E+00     6     6    6.800329E-05   3.643787E-08
    1.204414E+00     1     1    9.054666E-05   1.113673E-05
    1.204414E+00     1     2   -2.356529E-12   1.210505E-12
    1.204414E+00     1     3   -4.020487E-12  -2.232317E-12
    1.204414E+00     1     4    1.822924E-12  -2.799272E-13
    1.204414E+00     1     5    5.634002E-05   2.427421E-05
    1.204414E+00     1     6   -2.174505E-12  -6.782759E-14
    1.204414E+00     2     1    1.106278E-11   3.272174E-12
    1.204414E+00     2     2    1.604685E-03   3.865024E-05
    1.204414E+00     2     3   -2.222851E-11   2.006793E-10
    1.204414E+00     2     4   -4.576122E-05  -1.430246E-05
    1.204414E+00     2     5    2.747430E-11   9.561150E-12
    1.204414E+00     2     6   -1.520947E-11  -2.682609E-13
    1.204414E+00     3     1   -2.510889E-13  -4.410757E-12
    1.204414E+00     3     2   -1.263861E-11   3.291784E-11
    1.204414E+00     3     3    4.168776E-03   3.832067E-03
    1.204414E+00     3     4   -9.914575E-12  -1.276528E-11
    1.204414E+00     3     5   -8.496063E-12   1.972059E-11
    1.204414E+00     3     6   -5.244655E-12  -6.654530E-12
    1.204414E+00     4     1   -1.483819E-12  -8.136894E-14
    1.204414E+00     4     2   -4.331442E-05  -1.336449E-05
    1.204414E+00     4     3   -1.099411E-10  -4.481909E-11
    1.204414E+00     4     4    5.031156E-05   4.942561E-06
    1.204414E+00     4     5   -1.762830E-12  -1.702381E-13
    1.204414E+00     4     6    1.508735E-12   1.265310E-13
    1.204414E+00     5     1    3.607542E-05   1.600749E-05
    1.204414E+00     5     2    1.419779E-12  -4.450737E-12
    1.204414E+00     5     3   -7.237483E-12  -4.057035E-11
    1.204414E+00     5     4   -3.883726E-12  -1.281791E-12
    1.204414E+00     5     5    1.711669E-04   3.485763E-05
    1.204414E+00     5     6    4.752066E-13   2.557864E-13
    1.204414E+00     6     1   -7.687243E-12  -9.823534E-13
    1.204414E+00     6     2   -2.147633E-11  -3.557335E-13
    1.204414E+00     6     3   -3.538068E-11  -3.998514E-11
    1.204414E+00     6     4    1.938439E-12  -2.813788E-13
    1.204414E+00     6     5   -6.981735E-12  -1.884652E-12
    1.204414E+00     6     6    6.860489E-05   7.879254E-08
    1.131840E+00     1     1    9.078737E-05   1.412068E-05
    1.131840E+00     1     2   -2.035776E-12   1.898123E-12
    1.131840E+00     1     3   -5.223590E-12   5.108249E-13
    1.131840E+00     1     4    3.896282E-13  -1.462610E-12
    1.131840E+00     1     5    5.626853E-05   3.088637E-05
    1.131840E+00     1     6   -8.133822E-14  -3.485818E-14
    1.131840E+00     2     1    2.991044E-12  -6.238890E-14
    1.131840E+00     2     2    1.622303E-03   5.251589E-05
    1.131840E+00     2     3    9.257679E-11   3.824658E-10
    1.131840E+00     2     4   -4.746189E-05  -1.916722E-05
    1.131840E+00     2     5    1.134790E-11   7.471868E-14
    1.131840E+00     2     6   -1.719987E-11  -1.376368E-12
    1.131840E+00     3     1   -1.650749E-13  -6.777152E-12
    1.131840E+00     3     2    3.164539E-11  -3.180100E-11
    1.131840E+00     3     3    3.846668E-03   4.038934E-03
    1.131840E+00     3     4   -9.002745E-13  -1.622480E-12
    1.131840E+00     3     5   -2.996376E-11   5.287916E-12
    1.131840E+00     3     6   -3.811809E-12  -2.658779E-13
    1.131840E+00     4     1   -1.032557E-12   1.413608E-13
    1.131840E+00     4     2   -4.489321E-05  -1.790189E-05
    1.131840E+00     4     3   -8.124026E-11  -4.739491E-12
    1.131840E+00     4     4    5.102162E-05   6.531457E-06
    1.131840E+00     4     5   -4.579899E-13   6.711981E-13
    1.131840E+00     4     6    1.679217E-12   1.742494E-14
    1.131840E+00     5     1    3.597953E-05   2.036953E-05
    1.131840E+00     5     2   -2.983855E-14  -6.014186E-12
    1.131840E+00     5     3   -3.667042E-11  -5.985371E-11
    1.131840E+00     5     4   -3.322343E-12  -2.016194E-12
    1.131840E+00     5     5    1.727827E-04   4.451450E-05
    1.131840E+00     5     6   -3.578461E-13   1.437071E-13
    1.131840E+00     6     1   -7.864866E-12  -4.332261E-12
    1.131840E+00     6     2   -2.447002E-11  -6.353128E-13
    1.131840E+00     6     3   -1.573025E-11  -3.087603E-11
    1.131840E+00     6     4    5.305607E-13  -2.434346E-14
    1.131840E+00     6     5   -1.914197E-11  -1.220028E-11
    1.131840E+00     6     6    6.928421E-05   1.524058E-07
    1.067534E+00     1     1    9.040920E-05   1.721383E-05
    1.067534E+00     1     2   -8.632097E-13   2.008117E-12
    1.067534E+00     1     3   -1.177464E-11   6.821378E-12
    1.067534E+00     1     4   -5.605162E-13  -1.136873E-12
    1.067534E+00     1     5    5.482620E-05   3.787833E-05
    1.067534E+00     1     6    1.363301E-12   1.055198E-14
    1.067534E+00     2     1    4.574256E-12   7.826173E-12
    1.067534E+00     2     2    1.639060E-03   6.885845E-05
    1.067534E+00     2     3    1.926461E-10   5.345422E-10
    1.067534E+00     2     4   -4.841487E-05  -2.479152E-05
    1.067534E+00     2     5    2.571332E-11   2.425894E-11
    1.067534E+00     2     6   -1.932558E-11  -6.520422E-13
    1.067534E+00     3     1   -2.198846E-13  -9.591734E-12
    1.067534E+00     3     2    5.092955E-11  -1.909027E-11
    1.067534E+00     3     3    3.493741E-03   4.213534E-03
    1.067534E+00     3     4    2.230168E-11   8.415487E-12
    1.067534E+00     3     5   -1.437898E-11  -4.778707E-12
    1.067534E+00     3     6    1.774230E-12  -7.766957E-13
    1.067534E+00     4     1   -4.791274E-13   4.140625E-13
    1.067534E+00     4     2   -4.577163E-05  -2.314188E-05
    1.067534E+00     4     3   -6.834452E-11   2.960256E-11
    1.067534E+00     4     4    5.150062E-05   8.331083E-06
    1.067534E+00     4     5    3.228157E-12   7.647994E-13
    1.067534E+00     4     6    1.109423E-12  -2.278252E-13
    1.067534E+00     5     1    3.496945E-05   2.497818E-05
    1.067534E+00     5     2   -5.067442E-12  -3.799749E-12
    1.067534E+00     5     3   -3.785980E-11  -5.287687E-11
    1.067534E+00     5     4   -2.490907E-12  -1.266709E-12
    1.067534E+00     5     5    1.727906E-04   5.493433E-05
    1.067534E+00     5     6    5.733550E-13   4.721628E-13
    1.067534E+00     6     1   -5.126700E-12  -3.043858E-12
    1.067534E+00     6     2   -2.441629E-11  -4.351816E-13
    1.067534E+00     6     3   -9.108494E-12  -3.482902E-11
    1.067534E+00     6     4   -2.321466E-12   4.461736E-13
    1.067534E+00     6     5   -2.581971E-11  -9.233248E-12
    1.067534E+00     6     6    7.003825E-05   2.714033E-07
    1.010126E+00     1     1    8.937647E-05   2.022972E-05
    1.010126E+00     1     2    1.330229E-12   1.068121E-12
    1.010126E+00     1     3   -1.359024E-11   6.400842E-12
    1.010126E+00     1     4   -9.764967E-13  -4.394826E-13
    1.010126E+00     1     5    5.189282E-05   4.490513E-05
    1.010126E+00     1     6    1.869340E-12  -6.561356E-13
    1.010126E+00     2     1    3.561017E-12   3.629563E-12
    1.010126E+00     2     2    1.654592E-03   8.730474E-05
    1.010126E+00     2     3    8.410771E-11   3.255360E-10
    1.010126E+00     2     4   -4.839741E-05  -3.100949E-05
    1.010126E+00     2     5    1.995818E-11   1.130414E-11
    1.010126E+00     2     6   -2.214755E-11  -1.848980E-12
    1.010126E+00     3     1   -3.919241E-13  -6.645770E-12
    1.010126E+00     3     2    4.860552E-11   3.779733E-12
    1.010126E+00     3     3    3.115892E-03   4.355317E-03
    1.010126E+00     3     4    2.698441E-11  -1.187243E-11
    1.010126E+00     3     5   -7.920324E-13  -2.016099E-12
    1.010126E+00     3     6    3.581648E-12  -4.344031E-13
    1.010126E+00     4     1   -1.858504E-13   6.392956E-15
    1.010126E+00     4     2   -4.574643E-05  -2.893239E-05
    1.010126E+00     4     3   -5.790162E-11   6.288949E-11
    1.010126E+00     4     4    5.168962E-05   1.027869E-05
    1.010126E+00     4     5    5.308137E-12   6.694442E-13
    1.010126E+00     4     6    7.423387E-13  -5.392365E-13
    1.010126E+00     5     1    3.296403E-05   2.960325E-05
    1.010126E+00     5     2   -9.383630E-13  -3.172994E-12
    1.010126E+00     5     3   -3.625896E-11  -4.408152E-11
    1.010126E+00     5     4   -3.400614E-12  -7.768789E-13
    1.010126E+00     5     5    1.710468E-04   6.574139E-05
    1.010126E+00     5     6    1.217284E-12   2.148486E-12
    1.010126E+00     6     1   -8.384483E-13  -2.349617E-12
    1.010126E+00     6     2   -3.020395E-11  -3.278311E-13
    1.010126E+00     6     3   -1.128778E-11  -2.037508E-11
    1.010126E+00     6     4   -2.726049E-12  -3.598115E-13
    1.010126E+00     6     5   -1.919093E-11  -6.854573E-12
    1.010126E+00     6     6    7.087364E-05   4.516034E-07
    9.585917E-01     1     1    8.772105E-05   2.298183E-05
    9.585917E-01     1     2    2.264808E-12  -1.086832E-13
    9.585917E-01     1     3   -1.187235E-11  -2.087604E-12
    9.585917E-01     1     4   -1.314036E-12   1.459846E-13
    9.585917E-01     1     5    4.746225E-05   5.161551E-05
    9.585917E-01     1     6    2.379014E-13  -1.508645E-13
    9.585917E-01     2     1    6.892795E-12   5.158745E-12
    9.585917E-01     2     2    1.668217E-03   1.072622E-04
    9.585917E-01     2     3    8.311515E-11   1.325408E-10
    9.585917E-01     2     4   -4.724054E-05  -3.759302E-05
    9.585917E-01     2     5    2.794076E-11   1.459151E-11
    9.585917E-01     2     6   -1.520375E-11   1.747583E-13
    9.585917E-01     3     1   -2.334742E-12  -1.464778E-11
    9.585917E-01     3     2    4.371229E-11   3.129368E-11
    9.585917E-01     3     3    2.714698E-03   4.465821E-03
    9.585917E-01     3     4    2.181341E-11  -2.022712E-11
    9.585917E-01     3     5   -1.397616E-11  -2.952383E-11
    9.585917E-01     3     6    4.359378E-12   2.678958E-12
    9.585917E-01     4     1   -3.477188E-13  -6.570011E-13
    9.585917E-01     4     2   -4.465891E-05  -3.505787E-05
    9.585917E-01     4     3   -3.486952E-11   6.705153E-11
    9.585917E-01     4     4    5.155394E-05   1.229465E-05
    9.585917E-01     4     5    4.270310E-12  -1.858264E-12
    9.585917E-01     4     6   -9.390210E-14  -1.244975E-12
    9.585917E-01     5     1    2.995909E-05   3.400926E-05
    9.585917E-01     5     2    1.720590E-13  -2.527808E-12
    9.585917E-01     5     3   -3.226983E-11  -3.338229E-11
    9.585917E-01     5     4   -6.739487E-12  -2.169755E-12
    9.585917E-01     5     5    1.675501E-04   7.657141E-05
    9.585917E-01     5     6    1.670704E-13   2.570423E-12
    9.585917E-01     6     1    3.567507E-12   1.864648E-12
    9.585917E-01     6     2   -1.264396E-11   1.020398E-12
    9.585917E-01     6     3   -1.457951E-11  -2.929181E-11
    9.585917E-01     6     4   -3.072573E-12  -6.927885E-13
    9.585917E-01     6     5   -2.738274E-12   5.114394E-12
    9.585917E-01     6     6    7.177728E-05   7.086768E-07
    9.120473E-01     1     1    8.553105E-05   2.531075E-05
    9.120473E-01     1     2    4.116601E-12  -3.526690E-13
    9.120473E-01     1     3    4.643464E-12  -8.141830E-12
    9.120473E-01     1     4   -7.160970E-13   5.261184E-13
    9.120473E-01     1     5    4.161448E-05   5.770079E-05
    9.120473E-01     1     6   -2.120815E-12   3.258353E-13
    9.120473E-01     2     1    2.457849E-12  -3.793532E-13
    9.120473E-01     2     2    1.679601E-03   1.279963E-04
    9.120473E-01     2     3    2.022488E-11  -1.406665E-10
    9.120473E-01     2     4   -4.484529E-05  -4.427693E-05
    9.120473E-01     2     5    1.518795E-12  -4.661380E-12
    9.120473E-01     2     6   -3.900031E-12   2.487761E-12
    9.120473E-01     3     1    2.667751E-12  -9.718290E-12
    9.120473E-01     3     2    5.453532E-11  -4.050454E-11
    9.120473E-01     3     3    2.286446E-03   4.546195E-03
    9.120473E-01     3     4    1.821518E-11  -1.854896E-11
    9.120473E-01     3     5   -1.002771E-12  -1.920805E-11
    9.120473E-01     3     6    1.305138E-11   6.274697E-12
    9.120473E-01     4     1   -5.172538E-13  -6.713255E-13
    9.120473E-01     4     2   -4.241867E-05  -4.126949E-05
    9.120473E-01     4     3   -2.779339E-11   5.590346E-11
    9.120473E-01     4     4    5.108347E-05   1.429249E-05
    9.120473E-01     4     5    4.140684E-12  -1.565955E-12
    9.120473E-01     4     6   -2.450902E-13  -7.999558E-13
    9.120473E-01     5     1    2.600688E-05   3.798722E-05
    9.120473E-01     5     2    6.401517E-13   3.403032E-12
    9.120473E-01     5     3   -2.281960E-11  -1.749073E-12
    9.120473E-01     5     4   -6.962753E-12  -4.412484E-13
    9.120473E-01     5     5    1.623953E-04   8.714400E-05
    9.120473E-01     5     6   -4.410919E-13   4.696683E-12
    9.120473E-01     6     1    5.292370E-12   4.254869E-12
    9.120473E-01     6     2   -1.076784E-12   2.671239E-12
    9.120473E-01     6     3    5.682010E-12  -5.823282E-12
    9.120473E-01     6     4   -3.873642E-12  -5.137226E-13
    9.120473E-01     6     5    5.123618E-12   1.122309E-11
    9.120473E-01     6     6    7.273630E-05   1.056195E-06
    8.698256E-01     1     1    8.293360E-05   2.709928E-05
    8.698256E-01     1     2    3.694966E-12  -1.527017E-12
    8.698256E-01     1     3    1.793251E-11  -6.005362E-12
    8.698256E-01     1     4   -3.774792E-13   1.065872E-12
    8.698256E-01     1     5    3.448574E-05   6.291728E-05
    8.698256E-01     1     6   -2.765491E-12   1.088206E-13
    8.698256E-01     2     1    1.459093E-12   1.967313E-12
    8.698256E-01     2     2    1.688974E-03   1.486940E-04
    8.698256E-01     2     3    7.506610E-11  -2.759755E-10
    8.698256E-01     2     4   -4.119993E-05  -5.078585E-05
    8.698256E-01     2     5    6.717554E-12   1.022703E-11
    8.698256E-01     2     6   -5.419830E-13   7.432511E-13
    8.698256E-01     3     1    5.422667E-12  -2.763431E-13
    8.698256E-01     3     2    3.940625E-11  -3.387824E-11
    8.698256E-01     3     3    1.820451E-03   4.593558E-03
    8.698256E-01     3     4    2.592182E-11  -1.688552E-11
    8.698256E-01     3     5    1.315511E-11   5.703513E-12
    8.698256E-01     3     6    1.732808E-11   4.399045E-12
    8.698256E-01     4     1   -1.112211E-12  -7.655927E-13
    8.698256E-01     4     2   -3.901658E-05  -4.731325E-05
    8.698256E-01     4     3   -5.805423E-12   3.967713E-11
    8.698256E-01     4     4    5.029857E-05   1.618954E-05
    8.698256E-01     4     5    4.302386E-12  -1.280384E-12
    8.698256E-01     4     6   -5.678632E-13  -7.658616E-14
    8.698256E-01     5     1    2.119980E-05   4.137087E-05
    8.698256E-01     5     2    2.963836E-12   4.206231E-12
    8.698256E-01     5     3   -3.511112E-11   8.836118E-12
    8.698256E-01     5     4   -5.387470E-12   7.195739E-14
    8.698256E-01     5     5    1.557371E-04   9.729954E-05
    8.698256E-01     5     6   -2.539492E-12   8.472850E-12
    8.698256E-01     6     1    4.935754E-12   7.616574E-12
    8.698256E-01     6     2    9.497690E-13  -1.206440E-12
    8.698256E-01     6     3    5.572881E-12  -1.961906E-11
    8.698256E-01     6     4   -4.102427E-13   1.587800E-12
    8.698256E-01     6     5    7.645484E-12   2.235805E-11
    8.698256E-01     6     6    7.374323E-05   1.503339E-06
    8.313291E-01     1     1    8.006164E-05   2.827202E-05
    8.313291E-01     1     2    1.103382E-12   1.949283E-13
    8.313291E-01     1     3    2.631252E-11  -1.602204E-11
    8.313291E-01     1     4   -4.287928E-13   8.036916E-13
    8.313291E-01     1     5    2.621390E-05   6.708611E-05
    8.313291E-01     1     6   -2.192469E-12  -1.942727E-14
    8.313291E-01     2     1    2.748076E-12  -2.448357E-12
    8.313291E-01     2     2    1.696253E-03   1.684943E-04
    8.313291E-01     2     3    9.447621E-11  -2.934665E-10
    8.313291E-01     2     4   -3.636581E-05  -5.685866E-05
    8.313291E-01     2     5    2.817218E-12  -6.132219E-12
    8.313291E-01     2     6    3.470909E-12   2.131547E-12
    8.313291E-01     3     1    6.486888E-12   3.906289E-12
    8.313291E-01     3     2    4.501369E-11  -4.864996E-11
    8.313291E-01     3     3    1.299120E-03   4.589506E-03
    8.313291E-01     3     4    1.633627E-11  -8.051045E-12
    8.313291E-01     3     5    1.477782E-11   2.363193E-11
    8.313291E-01     3     6    1.756822E-11  -9.293829E-13
    8.313291E-01     4     1   -9.007252E-13  -1.097192E-12
    8.313291E-01     4     2   -3.450922E-05  -5.294174E-05
    8.313291E-01     4     3    1.180201E-11   3.321669E-11
    8.313291E-01     4     4    4.924265E-05   1.791436E-05
    8.313291E-01     4     5    5.899289E-13  -2.185701E-12
    8.313291E-01     4     6   -8.589676E-13   1.114766E-13
    8.313291E-01     5     1    1.563174E-05   4.403745E-05
    8.313291E-01     5     2    7.923123E-12   8.441354E-12
    8.313291E-01     5     3   -3.360767E-11   2.870561E-11
    8.313291E-01     5     4   -3.297316E-12   9.641042E-14
    8.313291E-01     5     5    1.477066E-04   1.070164E-04
    8.313291E-01     5     6   -3.440223E-12   7.668091E-12
    8.313291E-01     6     1    5.923577E-12   7.838959E-12
    8.313291E-01     6     2   -2.842264E-12  -1.091153E-12
    8.313291E-01     6     3    7.904040E-12  -1.317988E-11
    8.313291E-01     6     4   -5.538962E-13   7.046785E-13
    8.313291E-01     6     5    1.097878E-11   2.156963E-11
    8.313291E-01     6     6    7.476947E-05   2.052762E-06
    7.961058E-01     1     1    7.702959E-05   2.878214E-05
    7.961058E-01     1     2   -1.363915E-12  -5.151496E-13
    7.961058E-01     1     3    3.259413E-11  -2.143467E-11
    7.961058E-01     1     4    1.594642E-14   3.675941E-13
    7.961058E-01     1     5    1.686980E-05   7.009218E-05
    7.961058E-01     1     6    3.213465E-13  -1.712187E-12
    7.961058E-01     2     1    7.759497E-12  -1.770228E-12
    7.961058E-01     2     2    1.702150E-03   1.866268E-04
    7.961058E-01     2     3    1.201283E-10  -3.050579E-10
    7.961058E-01     2     4   -3.047346E-05  -6.228206E-05
    7.961058E-01     2     5    4.352449E-12  -1.312793E-11
    7.961058E-01     2     6    1.569752E-12   2.179240E-12
    7.961058E-01     3     1    2.121189E-12   7.177099E-12
    7.961058E-01     3     2    9.994888E-12  -4.585356E-11
    7.961058E-01     3     3    7.117581E-04   4.487227E-03
    7.961058E-01     3     4    1.029145E-11  -1.591707E-11
    7.961058E-01     3     5    2.530320E-12   2.825521E-11
    7.961058E-01     3     6    1.971882E-11  -1.302431E-11
    7.961058E-01     4     1   -1.004505E-12  -1.197938E-12
    7.961058E-01     4     2   -2.902135E-05  -5.795757E-05
    7.961058E-01     4     3    2.414998E-11   2.303197E-11
    7.961058E-01     4     4    4.797836E-05   1.941689E-05
    7.961058E-01     4     5   -1.007728E-12  -1.995836E-12
    7.961058E-01     4     6   -1.937761E-13  -2.060119E-13
    7.961058E-01     5     1    9.354788E-06   4.590620E-05
    7.961058E-01     5     2    9.740015E-12   6.747023E-12
    7.961058E-01     5     3   -2.004844E-11   1.677378E-11
    7.961058E-01     5     4   -1.162478E-12  -1.251766E-12
    7.961058E-01     5     5    1.383232E-04   1.164690E-04
    7.961058E-01     5     6   -1.739435E-12   5.284889E-12
    7.961058E-01     6     1    6.955915E-12   8.341418E-12
    7.961058E-01     6     2    1.092521E-12  -1.969053E-12
    7.961058E-01     6     3    7.162278E-12  -1.671045E-11
    7.961058E-01     6     4    1.516215E-12   2.344935E-12
    7.961058E-01     6     5    9.524812E-12   2.455338E-11
    7.961058E-01     6     6    7.580254E-05   2.700627E-06
    7.637367E-01     1     1    7.391219E-05   2.853205E-05
    7.637367E-01     1     2   -4.982662E-12  -3.392707E-12
    7.637367E-01     1     3    3.213023E-11  -7.493168E-12
    7.637367E-01     1     4   -6.853227E-14  -1.190622E-12
    7.637367E-01     1     5    6.354964E-06   7.176325E-05
    7.637367E-01     1     6    2.363531E-12  -1.975687E-12
    7.637367E-01     2     1    4.125682E-12  -8.006503E-12
    7.637367E-01     2     2    1.707282E-03   2.024228E-04
    7.637367E-01     2     3    3.430781E-11  -1.871237E-10
    7.637367E-01     2     4   -2.369753E-05  -6.689597E-05
    7.637367E-01     2     5   -1.801704E-11  -4.151114E-11
    7.637367E-01     2     6   -4.226214E-12   1.267535E-12
    7.637367E-01     3     1    3.844830E-12   1.085581E-11
    7.637367E-01     3     2    8.267628E-12  -1.863795E-11
    7.637367E-01     3     3    8.750197E-05   4.217171E-03
    7.637367E-01     3     4   -1.357318E-11   2.241146E-12
    7.637367E-01     3     5    1.532988E-11   4.091481E-11
    7.637367E-01     3     6    2.173241E-11  -1.832341E-11
    7.637367E-01     4     1   -1.001757E-12  -7.582908E-13
    7.637367E-01     4     2   -2.271440E-05  -6.221023E-05
    7.637367E-01     4     3    2.586223E-11   9.169909E-12
    7.637367E-01     4     4    4.657773E-05   2.066689E-05
    7.637367E-01     4     5   -2.220228E-12  -6.290380E-14
    7.637367E-01     4     6    2.872932E-13  -5.102634E-13
    7.637367E-01     5     1    2.307924E-06   4.685794E-05
    7.637367E-01     5     2    9.520368E-12   1.507641E-12
    7.637367E-01     5     3    3.545218E-12   3.429025E-11
    7.637367E-01     5     4   -1.560161E-13  -2.761785E-12
    7.637367E-01     5     5    1.272803E-04   1.260135E-04
    7.637367E-01     5     6   -1.913561E-12   2.230164E-12
    7.637367E-01     6     1    5.095516E-12   7.329692E-12
    7.637367E-01     6     2   -8.296151E-12  -1.567854E-12
    7.637367E-01     6     3    1.731456E-12   8.999166E-12
    7.637367E-01     6     4    2.259574E-12   2.412668E-12
    7.637367E-01     6     5    2.980498E-12   2.502556E-11
    7.637367E-01     6     6    7.682309E-05   3.436320E-06
    7.339055E-01     1     1    7.082625E-05   2.724507E-05
    7.339055E-01     1     2   -5.701494E-12  -2.371544E-12
    7.339055E-01     1     3    2.372455E-11  -6.199814E-12
    7.339055E-01     1     4    3.617024E-13  -1.338767E-12
    7.339055E-01     1     5   -5.671974E-06   7.151286E-05
    7.339055E-01     1     6    3.105422E-12  -1.468085E-12
    7.339055E-01     2     1    5.186592E-12  -6.201897E-12
    7.339055E-01     2     2    1.712650E-03   2.154147E-04
    7.339055E-01     2     3   -4.750804E-11  -2.718545E-11
    7.339055E-01     2     4   -1.622670E-05  -7.061973E-05
    7.339055E-01     2     5   -3.521176E-12  -2.921558E-11
    7.339055E-01     2     6    6.659602E-13   1.485892E-12
    7.339055E-01     3     1    1.447445E-12   1.172466E-11
    7.339055E-01     3     2   -2.294890E-12  -4.357651E-11
    7.339055E-01     3     3   -4.948739E-04   3.739118E-03
    7.339055E-01     3     4   -3.081980E-11   2.408984E-11
    7.339055E-01     3     5    2.110374E-11   4.432741E-11
    7.339055E-01     3     6    2.263765E-11  -2.333263E-11
    7.339055E-01     4     1   -6.759168E-13  -3.368801E-13
    7.339055E-01     4     2   -1.576949E-05  -6.562319E-05
    7.339055E-01     4     3    1.654695E-11  -2.838534E-12
    7.339055E-01     4     4    4.511463E-05   2.166089E-05
    7.339055E-01     4     5   -1.643862E-12   1.478685E-12
    7.339055E-01     4     6    7.508594E-13  -5.528273E-13
    7.339055E-01     5     1   -5.726911E-06   4.649429E-05
    7.339055E-01     5     2    2.342856E-12  -7.195598E-12
    7.339055E-01     5     3    1.902149E-11   4.539216E-11
    7.339055E-01     5     4    2.494264E-12  -4.357364E-12
    7.339055E-01     5     5    1.134826E-04   1.359513E-04
    7.339055E-01     5     6    2.734705E-13   1.225136E-12
    7.339055E-01     6     1    5.200449E-12   7.178951E-12
    7.339055E-01     6     2   -6.284930E-13  -1.151038E-12
    7.339055E-01     6     3    9.030426E-13  -4.877083E-12
    7.339055E-01     6     4    2.031188E-12   3.333325E-12
    7.339055E-01     6     5    4.558511E-12   2.250830E-11
    7.339055E-01     6     6    7.781900E-05   4.242982E-06
    7.063092E-01     1     1    6.827789E-05   2.449498E-05
    7.063092E-01     1     2   -6.786559E-12   1.711396E-12
    7.063092E-01     1     3    1.108384E-11   2.270365E-12
    7.063092E-01     1     4   -6.720088E-13  -2.725898E-12
    7.063092E-01     1     5   -1.921924E-05   6.763243E-05
    7.063092E-01     1     6    3.089562E-12  -3.770797E-13
    7.063092E-01     2     1   -1.475489E-12  -9.440204E-12
    7.063092E-01     2     2    1.719301E-03   2.253227E-04
    7.063092E-01     2     3   -5.416885E-11   2.906338E-11
    7.063092E-01     2     4   -8.243374E-06  -7.343527E-05
    7.063092E-01     2     5   -1.739764E-11  -2.527682E-11
    7.063092E-01     2     6   -1.089691E-12   2.631131E-12
    7.063092E-01     3     1    2.170131E-12   1.004138E-11
    7.063092E-01     3     2   -5.001589E-12  -7.851546E-12
    7.063092E-01     3     3   -9.359256E-04   3.079472E-03
    7.063092E-01     3     4   -2.553128E-11   3.548209E-11
    7.063092E-01     3     5    2.609189E-11   3.500720E-11
    7.063092E-01     3     6    1.669628E-11  -2.418140E-11
    7.063092E-01     4     1   -5.710854E-13   1.517816E-13
    7.063092E-01     4     2   -8.361665E-06  -6.817983E-05
    7.063092E-01     4     3    2.461658E-11   5.925407E-13
    7.063092E-01     4     4    4.365603E-05   2.241441E-05
    7.063092E-01     4     5   -1.561014E-12   4.126567E-12
    7.063092E-01     4     6    9.437975E-13   1.990923E-13
    7.063092E-01     5     1   -1.473649E-05   4.366798E-05
    7.063092E-01     5     2   -3.471947E-12  -5.085388E-12
    7.063092E-01     5     3    1.383113E-11   5.354358E-11
    7.063092E-01     5     4    4.088277E-12  -2.399303E-12
    7.063092E-01     5     5    9.482281E-05   1.450213E-04
    7.063092E-01     5     6    9.680935E-13  -2.727757E-12
    7.063092E-01     6     1    7.864930E-13   2.235823E-12
    7.063092E-01     6     2   -1.121496E-11  -1.937924E-12
    7.063092E-01     6     3    2.198802E-12  -5.235303E-12
    7.063092E-01     6     4    1.832354E-12   1.535763E-12
    7.063092E-01     6     5   -5.108754E-12   1.177453E-11
    7.063092E-01     6     6    7.878147E-05   5.096676E-06
    6.807130E-01     1     1    6.733714E-05   2.048895E-05
    6.807130E-01     1     2   -4.166298E-12   3.612292E-12
    6.807130E-01     1     3   -1.606547E-12   9.997173E-12
    6.807130E-01     1     4   -7.719377E-13  -1.484615E-12
    6.807130E-01     1     5   -3.244048E-05   5.802214E-05
    6.807130E-01     1     6    9.093020E-13  -3.641052E-13
    6.807130E-01     2     1    2.173292E-12  -1.925900E-12
    6.807130E-01     2     2    1.728459E-03   2.321087E-04
    6.807130E-01     2     3   -1.356444E-11   1.001910E-10
    6.807130E-01     2     4    1.081266E-07  -7.538835E-05
    6.807130E-01     2     5   -1.595972E-12  -6.275409E-12
    6.807130E-01     2     6    5.374439E-12   2.677179E-12
    6.807130E-01     3     1    1.966013E-12   9.127412E-12
    6.807130E-01     3     2    8.837535E-12   4.681194E-11
    6.807130E-01     3     3   -1.160888E-03   2.320349E-03
    6.807130E-01     3     4   -1.374168E-11   3.798292E-11
    6.807130E-01     3     5    4.020388E-11   2.806302E-11
    6.807130E-01     3     6    1.252361E-11  -2.267180E-11
    6.807130E-01     4     1   -5.337901E-13   4.536164E-13
    6.807130E-01     4     2   -6.268877E-07  -6.992270E-05
    6.807130E-01     4     3    2.744278E-11   3.837037E-12
    6.807130E-01     4     4    4.225610E-05   2.295841E-05
    6.807130E-01     4     5   -6.546527E-13   4.685216E-12
    6.807130E-01     4     6    2.400862E-13  -1.272563E-13
    6.807130E-01     5     1   -2.345357E-05   3.699175E-05
    6.807130E-01     5     2   -3.352156E-12  -2.713036E-12
    6.807130E-01     5     3    1.277299E-11   6.463417E-11
    6.807130E-01     5     4    4.533862E-12   5.026557E-13
    6.807130E-01     5     5    7.031849E-05   1.488432E-04
    6.807130E-01     5     6    1.743695E-12  -5.295238E-12
    6.807130E-01     6     1   -4.060421E-13  -2.645910E-13
    6.807130E-01     6     2   -1.590251E-11  -1.958328E-12
    6.807130E-01     6     3    4.644136E-12  -1.748356E-12
    6.807130E-01     6     4    1.071058E-12  -1.416245E-12
    6.807130E-01     6     5   -6.332140E-12   8.496104E-12
    6.807130E-01     6     6    7.971160E-05   5.965658E-06
    6.569140E-01     1     1    6.871830E-05   1.659256E-05
    6.569140E-01     1     2    9.907868E-13  -3.013301E-12
    6.569140E-01     1     3   -1.071970E-11   1.330726E-11
    6.569140E-01     1     4   -4.258664E-13   2.653797E-13
    6.569140E-01     1     5   -4.188096E-05   4.297748E-05
    6.569140E-01     1     6   -1.526941E-12  -4.517323E-13
    6.569140E-01     2     1    3.198916E-12   7.936703E-13
    6.569140E-01     2     2    1.741356E-03   2.359213E-04
    6.569140E-01     2     3    2.723349E-11   6.313404E-11
    6.569140E-01     2     4    8.741766E-06  -7.656244E-05
    6.569140E-01     2     5   -5.984077E-13  -1.618933E-11
    6.569140E-01     2     6    4.686558E-12   3.939789E-12
    6.569140E-01     3     1    5.199461E-12   8.028920E-12
    6.569140E-01     3     2    9.981824E-12   7.166120E-11
    6.569140E-01     3     3   -1.139113E-03   1.565346E-03
    6.569140E-01     3     4   -2.079542E-11   1.005044E-11
    6.569140E-01     3     5    3.737166E-11   1.123047E-11
    6.569140E-01     3     6    5.161295E-12  -1.969637E-11
    6.569140E-01     4     1   -1.273995E-12   1.378266E-13
    6.569140E-01     4     2    7.346902E-06  -7.093309E-05
    6.569140E-01     4     3    1.298961E-11   1.620169E-12
    6.569140E-01     4     4    4.095470E-05   2.333308E-05
    6.569140E-01     4     5   -2.808401E-12   4.551230E-12
    6.569140E-01     4     6    6.934216E-14  -3.330128E-13
    6.569140E-01     5     1   -2.955271E-05   2.671197E-05
    6.569140E-01     5     2    3.558304E-12   1.063221E-13
    6.569140E-01     5     3    1.148615E-11   5.830879E-11
    6.569140E-01     5     4    2.126644E-12   1.302489E-12
    6.569140E-01     5     5    4.298708E-05   1.429162E-04
    6.569140E-01     5     6    6.689035E-15  -6.860436E-12
    6.569140E-01     6     1   -4.296947E-12  -2.451632E-12
    6.569140E-01     6     2   -2.139655E-11  -1.212061E-12
    6.569140E-01     6     3   -2.322945E-12   7.673068E-12
    6.569140E-01     6     4   -3.330653E-13  -1.787374E-12
    6.569140E-01     6     5   -6.275862E-12   2.321353E-12
    6.569140E-01     6     6    8.062166E-05   6.808721E-06
    6.347165E-01     1     1    7.203053E-05   1.431420E-05
    6.347165E-01     1     2    2.206416E-12  -4.358059E-12
    6.347165E-01     1     3   -8.350111E-12   1.032337E-11
    6.347165E-01     1     4   -1.652612E-13   1.062694E-12
    6.347165E-01     1     5   -4.504476E-05   2.547397E-05
    6.347165E-01     1     6   -2.712649E-12   7.067630E-13
    6.347165E-01     2     1    5.137851E-12   5.426738E-12
    6.347165E-01     2     2    1.759094E-03   2.370607E-04
    6.347165E-01     2     3    8.290252E-11   3.443669E-11
    6.347165E-01     2     4    1.763994E-05  -7.705882E-05
    6.347165E-01     2     5    8.795709E-12  -6.975112E-12
    6.347165E-01     2     6    1.067559E-11   5.037729E-12
    6.347165E-01     3     1    4.440759E-12   3.545374E-12
    6.347165E-01     3     2    5.515187E-11   6.980227E-11
    6.347165E-01     3     3   -8.881436E-04   9.127823E-04
    6.347165E-01     3     4   -2.135740E-11   3.240007E-12
    6.347165E-01     3     5    1.858705E-11  -1.663213E-11
    6.347165E-01     3     6    2.454551E-12  -1.263085E-11
    6.347165E-01     4     1   -1.295115E-12   1.299043E-13
    6.347165E-01     4     2    1.553895E-05  -7.130652E-05
    6.347165E-01     4     3    9.212650E-12  -5.853610E-12
    6.347165E-01     4     4    3.977775E-05   2.358027E-05
    6.347165E-01     4     5   -1.876028E-12   3.307935E-12
    6.347165E-01     4     6    5.293295E-13  -1.533641E-12
    6.347165E-01     5     1   -3.138367E-05   1.486704E-05
    6.347165E-01     5     2    6.264021E-12   2.737226E-12
    6.347165E-01     5     3    3.345869E-12   4.490820E-11
    6.347165E-01     5     4    1.954197E-13   3.020752E-12
    6.347165E-01     5     5    1.808502E-05   1.266400E-04
    6.347165E-01     5     6   -5.752298E-13  -7.419382E-12
    6.347165E-01     6     1   -3.989582E-12  -1.622211E-12
    6.347165E-01     6     2   -7.287228E-12   9.190048E-15
    6.347165E-01     6     3   -4.534295E-12   7.168160E-13
    6.347165E-01     6     4   -1.232231E-12  -1.322400E-13
    6.347165E-01     6     5   -9.217804E-13   3.027011E-12
    6.347165E-01     6     6    8.153868E-05   7.576938E-06
    6.139761E-01     1     1    7.615114E-05   1.440431E-05
    6.139761E-01     1     2    3.554037E-12  -3.763198E-12
    6.139761E-01     1     3   -6.168069E-12   7.460252E-12
    6.139761E-01     1     4    4.490003E-13   1.004883E-12
    6.139761E-01     1     5   -4.146659E-05   9.068305E-06
    6.139761E-01     1     6   -4.568592E-12   1.637606E-12
    6.139761E-01     2     1    4.007733E-12   8.504633E-12
    6.139761E-01     2     2    1.782931E-03   2.359378E-04
    6.139761E-01     2     3    1.111920E-10   4.064843E-12
    6.139761E-01     2     4    2.686373E-05  -7.697805E-05
    6.139761E-01     2     5    1.371684E-11  -6.696388E-12
    6.139761E-01     2     6    9.335563E-12   4.779575E-12
    6.139761E-01     3     1    2.673648E-12   5.901355E-12
    6.139761E-01     3     2    8.513919E-11   2.486746E-11
    6.139761E-01     3     3   -4.686688E-04   4.390921E-04
    6.139761E-01     3     4   -1.368313E-11   1.465282E-12
    6.139761E-01     3     5    1.548703E-11  -1.464411E-11
    6.139761E-01     3     6   -1.841160E-12  -5.757584E-12
    6.139761E-01     4     1   -1.158754E-12   5.419005E-13
    6.139761E-01     4     2    2.400194E-05  -7.114164E-05
    6.139761E-01     4     3    9.669752E-12  -2.171620E-11
    6.139761E-01     4     4    3.873893E-05   2.374064E-05
    6.139761E-01     4     5   -6.700056E-13   3.471901E-12
    6.139761E-01     4     6    8.694643E-13  -9.087568E-13
    6.139761E-01     5     1   -2.867432E-05   3.859633E-06
    6.139761E-01     5     2    4.585615E-12   1.035501E-11
    6.139761E-01     5     3   -1.052059E-12   3.688722E-11
    6.139761E-01     5     4    7.535984E-13   6.314735E-12
    6.139761E-01     5     5    1.884862E-08   1.028040E-04
    6.139761E-01     5     6   -3.285005E-12  -4.954405E-12
    6.139761E-01     6     1   -3.284374E-12  -5.740368E-13
    6.139761E-01     6     2   -3.857186E-12   2.632411E-12
    6.139761E-01     6     3   -9.239762E-12   6.939041E-12
    6.139761E-01     6     4   -1.919215E-12  -2.293515E-12
    6.139761E-01     6     5    4.372066E-13   6.802816E-13
    6.139761E-01     6     6    8.252286E-05   8.220789E-06
    5.945426E-01     1     1    7.977439E-05   1.677708E-05
    5.945426E-01     1     2    1.446113E-13  -4.607605E-12
    5.945426E-01     1     3   -3.435360E-12   6.002325E-12
    5.945426E-01     1     4    3.627965E-13   1.122418E-12
    5.945426E-01     1     5   -3.224436E-05  -3.407734E-06
    5.945426E-01     1     6   -4.901690E-12   1.745219E-12
    5.945426E-01     2     1    2.745802E-12   1.249039E-12
    5.945426E-01     2     2    1.814138E-03   2.329158E-04
    5.945426E-01     2     3    9.649792E-11  -1.246001E-11
    5.945426E-01     2     4    3.654601E-05  -7.639063E-05
    5.945426E-01     2     5    5.657131E-12   3.190669E-12
    5.945426E-01     2     6    4.673153E-12   2.558753E-12
    5.945426E-01     3     1    5.884773E-12   2.607702E-12
    5.945426E-01     3     2    6.377098E-11   1.833860E-11
    5.945426E-01     3     3    2.382846E-05   1.810021E-04
    5.945426E-01     3     4    4.041041E-12  -2.748286E-12
    5.945426E-01     3     5    6.286098E-12  -2.126764E-11
    5.945426E-01     3     6    2.344064E-12  -2.337780E-12
    5.945426E-01     4     1   -1.141654E-12   3.282983E-13
    5.945426E-01     4     2    3.285549E-05  -7.051012E-05
    5.945426E-01     4     3    4.036812E-12  -2.146460E-11
    5.945426E-01     4     4    3.784605E-05   2.384800E-05
    5.945426E-01     4     5   -2.463509E-13   3.012720E-12
    5.945426E-01     4     6    9.838788E-13  -6.049571E-13
    5.945426E-01     5     1   -2.220464E-05  -4.416356E-06
    5.945426E-01     5     2    1.239737E-12   1.191200E-11
    5.945426E-01     5     3   -8.316444E-12   2.035690E-11
    5.945426E-01     5     4    1.111939E-12   5.690124E-12
    5.945426E-01     5     5   -8.672240E-06   7.553238E-05
    5.945426E-01     5     6   -5.134724E-12  -1.020012E-12
    5.945426E-01     6     1   -3.727517E-12  -8.322559E-13
    5.945426E-01     6     2   -1.436548E-11   2.349766E-12
    5.945426E-01     6     3   -1.649831E-12   1.831287E-12
    5.945426E-01     6     4   -1.892782E-12  -3.648297E-12
    5.945426E-01     6     5    2.043326E-12   8.201268E-13
    5.945426E-01     6     6    8.366946E-05   8.701082E-06
    5.763068E-01     1     1    8.170346E-05   2.064533E-05
    5.763068E-01     1     2   -8.065051E-13   1.445127E-12
    5.763068E-01     1     3   -1.513911E-12  -4.853679E-12
    5.763068E-01     1     4   -9.497241E-13   1.420770E-12
    5.763068E-01     1     5   -1.950425E-05  -1.014491E-05
    5.763068E-01     1     6   -3.860224E-12   2.652569E-12
    5.763068E-01     2     1    5.313448E-12  -5.538959E-12
    5.763068E-01     2     2    1.853805E-03   2.281372E-04
    5.763068E-01     2     3    8.367752E-11   4.065316E-12
    5.763068E-01     2     4    4.688443E-05  -7.533491E-05
    5.763068E-01     2     5   -1.798414E-12  -8.855936E-12
    5.763068E-01     2     6    4.307989E-12   1.346292E-13
    5.763068E-01     3     1    5.556797E-12   9.453829E-14
    5.763068E-01     3     2    5.347832E-11  -1.497688E-12
    5.763068E-01     3     3    4.820633E-04   1.218080E-04
    5.763068E-01     3     4    4.267689E-12   4.541829E-13
    5.763068E-01     3     5   -9.012919E-12  -1.792780E-11
    5.763068E-01     3     6    1.702788E-12  -1.953911E-12
    5.763068E-01     4     1   -8.844039E-13  -5.165773E-13
    5.763068E-01     4     2    4.228040E-05  -6.944915E-05
    5.763068E-01     4     3   -1.803667E-12  -1.601108E-11
    5.763068E-01     4     4    3.710527E-05   2.393141E-05
    5.763068E-01     4     5   -2.150232E-12   1.662300E-12
    5.763068E-01     4     6    6.156649E-13  -1.418516E-12
    5.763068E-01     5     1   -1.343935E-05  -8.770586E-06
    5.763068E-01     5     2   -3.941737E-12   9.244574E-12
    5.763068E-01     5     3   -1.021844E-12   1.014926E-11
    5.763068E-01     5     4    1.242943E-12   3.478858E-12
    5.763068E-01     5     5   -7.271036E-06   4.910838E-05
    5.763068E-01     5     6   -4.558640E-12  -9.415287E-14
    5.763068E-01     6     1   -3.272923E-12  -1.998582E-12
    5.763068E-01     6     2   -3.171543E-11   9.780473E-14
    5.763068E-01     6     3    2.189711E-12   3.554128E-12
    5.763068E-01     6     4   -2.872365E-12  -8.092544E-12
    5.763068E-01     6     5    2.886528E-12  -4.494690E-12
    5.763068E-01     6     6    8.510059E-05   9.004761E-06
    5.591515E-01     1     1    8.115478E-05   2.450827E-05
    5.591515E-01     1     2   -1.513894E-12   3.769921E-13
    5.591515E-01     1     3    2.388994E-12  -9.377564E-12
    5.591515E-01     1     4   -1.100755E-12   9.251200E-13
    5.591515E-01     1     5   -6.143754E-06  -1.045498E-05
    5.591515E-01     1     6   -8.720630E-13   1.115764E-12
    5.591515E-01     2     1    9.337448E-12  -6.347132E-12
    5.591515E-01     2     2    1.903234E-03   2.212588E-04
    5.591515E-01     2     3    1.694506E-11   1.883004E-11
    5.591515E-01     2     4    5.811521E-05  -7.382470E-05
    5.591515E-01     2     5   -7.103147E-12  -1.279059E-11
    5.591515E-01     2     6    5.684517E-12  -1.153111E-12
    5.591515E-01     3     1    5.902696E-12  -1.235546E-12
    5.591515E-01     3     2    4.935500E-11   9.071933E-12
    5.591515E-01     3     3    8.250735E-04   1.957308E-04
    5.591515E-01     3     4    5.531571E-12  -2.687390E-13
    5.591515E-01     3     5   -4.064364E-12  -1.788505E-11
    5.591515E-01     3     6    4.684018E-12  -5.467134E-12
    5.591515E-01     4     1   -7.110042E-13  -3.838638E-13
    5.591515E-01     4     2    5.249324E-05  -6.797350E-05
    5.591515E-01     4     3   -6.945706E-12  -1.152421E-11
    5.591515E-01     4     4    3.652490E-05   2.401088E-05
    5.591515E-01     4     5   -1.603918E-12   7.202625E-13
    5.591515E-01     4     6    1.050234E-12  -1.460920E-12
    5.591515E-01     5     1   -4.350153E-06  -8.781130E-06
    5.591515E-01     5     2   -8.006131E-12   7.600131E-12
    5.591515E-01     5     3    5.034548E-12  -9.633331E-13
    5.591515E-01     5     4    1.065073E-12   1.754745E-12
    5.591515E-01     5     5    3.210062E-06   2.745881E-05
    5.591515E-01     5     6   -3.150127E-12  -8.407072E-13
    5.591515E-01     6     1   -2.248378E-12  -1.443902E-12
    5.591515E-01     6     2   -2.087062E-11   4.095981E-13
    5.591515E-01     6     3    1.063823E-12   4.412563E-12
    5.591515E-01     6     4   -1.130088E-12  -7.397949E-12
    5.591515E-01     6     5    2.926756E-13  -2.737196E-12
    5.591515E-01     6     6    8.697040E-05   9.160231E-06
    5.429927E-01     1     1    7.856844E-05   2.639124E-05
    5.429927E-01     1     2   -3.101342E-12   2.798866E-12
    5.429927E-01     1     3    4.395146E-12  -2.415812E-12
    5.429927E-01     1     4   -6.009066E-13  -8.221262E-13
    5.429927E-01     1     5    4.454882E-06  -5.199279E-06
    5.429927E-01     1     6    8.780161E-13   1.821212E-12
    5.429927E-01     2     1    8.387735E-12  -6.321369E-12
    5.429927E-01     2     2    1.965132E-03   2.104100E-04
    5.429927E-01     2     3   -5.895571E-11   1.897025E-11
    5.429927E-01     2     4    7.051723E-05  -7.170191E-05
    5.429927E-01     2     5    5.225416E-13  -9.626062E-12
    5.429927E-01     2     6    1.624601E-11  -7.863027E-13
    5.429927E-01     3     1    6.036825E-13  -1.433154E-12
    5.429927E-01     3     2    3.057411E-11   2.714866E-11
    5.429927E-01     3     3    1.031088E-03   3.166452E-04
    5.429927E-01     3     4   -3.428554E-12   1.479122E-11
    5.429927E-01     3     5    1.091878E-11  -7.899436E-12
    5.429927E-01     3     6    5.527870E-12  -3.954436E-12
    5.429927E-01     4     1   -5.564352E-13  -3.428062E-13
    5.429927E-01     4     2    6.378936E-05  -6.594077E-05
    5.429927E-01     4     3   -9.988725E-12  -8.101435E-12
    5.429927E-01     4     4    3.609202E-05   2.413380E-05
    5.429927E-01     4     5   -2.316353E-12   7.977938E-13
    5.429927E-01     4     6    1.261296E-12  -1.576850E-12
    5.429927E-01     5     1    2.785591E-06  -5.089211E-06
    5.429927E-01     5     2   -7.530361E-12   4.314691E-12
    5.429927E-01     5     3    1.783854E-11   4.834605E-12
    5.429927E-01     5     4    9.470443E-13   4.534160E-13
    5.429927E-01     5     5    1.986096E-05   1.372273E-05
    5.429927E-01     5     6   -1.740218E-12   3.465360E-13
    5.429927E-01     6     1   -2.301445E-12  -1.475743E-12
    5.429927E-01     6     2   -2.471803E-11  -1.227455E-12
    5.429927E-01     6     3    1.738911E-12   2.948231E-12
    5.429927E-01     6     4   -6.230005E-13  -8.333457E-12
    5.429927E-01     6     5    3.230333E-13   1.753158E-13
    5.429927E-01     6     6    8.949232E-05   9.228550E-06
    5.277371E-01     1     1    7.558283E-05   2.523706E-05
    5.277371E-01     1     2   -2.124519E-12   2.143533E-12
    5.277371E-01     1     3    5.491339E-13  -6.264354E-12
    5.277371E-01     1     4    1.553013E-13  -1.120701E-12
    5.277371E-01     1     5    9.587993E-06   2.806009E-06
    5.277371E-01     1     6    2.171643E-12   4.138019E-12
    5.277371E-01     2     1   -1.526999E-13  -9.783254E-12
    5.277371E-01     2     2    2.029387E-03   1.917603E-04
    5.277371E-01     2     3   -5.965874E-11   5.150297E-11
    5.277371E-01     2     4    8.368418E-05  -7.048783E-05
    5.277371E-01     2     5   -3.965188E-12   8.620813E-12
    5.277371E-01     2     6    2.302265E-11   3.539753E-12
    5.277371E-01     3     1   -2.503701E-12  -2.523634E-12
    5.277371E-01     3     2    1.589001E-11   3.629219E-11
    5.277371E-01     3     3    1.133528E-03   4.226347E-04
    5.277371E-01     3     4   -6.940648E-12   1.879129E-11
    5.277371E-01     3     5    1.528479E-11   2.410167E-12
    5.277371E-01     3     6    1.246453E-12  -7.763964E-12
    5.277371E-01     4     1   -3.930229E-13  -5.743253E-13
    5.277371E-01     4     2    7.567688E-05  -6.470710E-05
    5.277371E-01     4     3   -1.131810E-11  -6.482499E-12
    5.277371E-01     4     4    3.589959E-05   2.408492E-05
    5.277371E-01     4     5   -2.578441E-12   3.235120E-13
    5.277371E-01     4     6    1.361684E-13  -9.608624E-13
    5.277371E-01     5     1    6.204142E-06   3.891782E-07
    5.277371E-01     5     2   -6.969792E-12   9.636620E-15
    5.277371E-01     5     3    1.852773E-11  -5.217667E-13
    5.277371E-01     5     4    7.350949E-13  -6.382374E-13
    5.277371E-01     5     5    3.789222E-05   9.297290E-06
    5.277371E-01     5     6   -1.151356E-12   1.280032E-12
    5.277371E-01     6     1   -6.297524E-13  -6.684553E-13
    5.277371E-01     6     2   -9.706702E-12   9.950423E-12
    5.277371E-01     6     3   -3.262055E-14   3.072763E-12
    5.277371E-01     6     4   -1.526991E-12  -6.701278E-12
    5.277371E-01     6     5   -5.230643E-13  -3.405298E-12
    5.277371E-01     6     6    9.257245E-05   9.345947E-06
    5.133196E-01     1     1    7.463352E-05   2.215359E-05
    5.133196E-01     1     2   -1.439599E-12   1.326640E-11
    5.133196E-01     1     3   -4.431849E-12  -6.888669E-12
    5.133196E-01     1     4   -1.032371E-12  -8.633131E-13
    5.133196E-01     1     5    8.923657E-06   9.671396E-06
    5.133196E-01     1     6    4.112528E-13   3.147416E-12
    5.133196E-01     2     1    4.303755E-12   2.708623E-12
    5.133196E-01     2     2    2.072011E-03   1.300219E-04
    5.133196E-01     2     3    1.297782E-11   5.018407E-11
    5.133196E-01     2     4    9.621784E-05  -7.457584E-05
    5.133196E-01     2     5    4.810295E-12   1.892833E-13
    5.133196E-01     2     6    2.700018E-11   1.664976E-12
    5.133196E-01     3     1   -3.683174E-12  -2.733186E-12
    5.133196E-01     3     2   -7.721990E-12   4.360975E-11
    5.133196E-01     3     3    1.180530E-03   4.912187E-04
    5.133196E-01     3     4   -7.667508E-12   1.453467E-11
    5.133196E-01     3     5    7.235338E-12   2.807892E-12
    5.133196E-01     3     6    4.033451E-12  -3.461358E-12
    5.133196E-01     4     1   -8.286259E-14   3.673550E-13
    5.133196E-01     4     2    8.701402E-05  -6.821775E-05
    5.133196E-01     4     3   -1.882817E-12   1.565518E-12
    5.133196E-01     4     4    3.592418E-05   2.343838E-05
    5.133196E-01     4     5   -1.478973E-12  -1.839664E-13
    5.133196E-01     4     6   -2.209215E-13  -9.838213E-15
    5.133196E-01     5     1    5.739382E-06   5.028504E-06
    5.133196E-01     5     2   -2.871579E-12  -1.496223E-12
    5.133196E-01     5     3    1.779441E-11   1.158642E-11
    5.133196E-01     5     4    4.580461E-13  -3.528988E-13
    5.133196E-01     5     5    5.185978E-05   1.235711E-05
    5.133196E-01     5     6    5.686393E-13   1.238327E-12
    5.133196E-01     6     1   -2.987059E-12  -2.743944E-12
    5.133196E-01     6     2   -1.579992E-11   7.568338E-12
    5.133196E-01     6     3    4.346248E-12   6.593972E-12
    5.133196E-01     6     4   -5.884706E-13  -6.830267E-12
    5.133196E-01     6     5   -2.736216E-12  -3.630590E-12
    5.133196E-01     6     6    9.631656E-05   9.419013E-06
    4.996648E-01     1     1    7.665971E-05   1.947447E-05
    4.996648E-01     1     2    2.582566E-12   8.399650E-12
    4.996648E-01     1     3   -3.228289E-12  -9.172701E-12
    4.996648E-01     1     4   -7.703348E-13  -3.160654E-13
    4.996648E-01     1     5    5.164458E-06   1.287147E-05
    4.996648E-01     1     6   -4.472063E-13   1.319076E-12
    4.996648E-01     2     1    9.131819E-12   2.716846E-12
    4.996648E-01     2     2    1.954356E-03  -9.529322E-05
    4.996648E-01     2     3    1.380645E-10   1.145646E-10
    4.996648E-01     2     4    9.382383E-05  -9.177160E-05
    4.996648E-01     2     5   -4.334039E-12  -5.212876E-12
    4.996648E-01     2     6    5.826328E-11   3.568264E-11
    4.996648E-01     3     1   -2.696208E-12  -2.006636E-12
    4.996648E-01     3     2   -6.697332E-12   4.015898E-11
    4.996648E-01     3     3    1.206886E-03   5.296823E-04
    4.996648E-01     3     4   -5.744822E-12   7.205112E-12
    4.996648E-01     3     5    1.751441E-11   1.222364E-11
    4.996648E-01     3     6    3.381683E-12  -3.792989E-12
    4.996648E-01     4     1   -8.787497E-13   1.279886E-13
    4.996648E-01     4     2    9.320384E-05  -7.835114E-05
    4.996648E-01     4     3    1.241536E-11   7.053406E-12
    4.996648E-01     4     4    3.496440E-05   2.260872E-05
    4.996648E-01     4     5   -1.597291E-12  -1.071132E-12
    4.996648E-01     4     6    2.292646E-13   2.340844E-12
    4.996648E-01     5     1    3.229874E-06   7.140022E-06
    4.996648E-01     5     2    1.780423E-12  -6.074753E-13
    4.996648E-01     5     3    1.416413E-11   1.334748E-11
    4.996648E-01     5     4    9.144597E-13  -8.266366E-13
    4.996648E-01     5     5    5.911712E-05   1.842770E-05
    4.996648E-01     5     6    2.165773E-12   1.868800E-12
    4.996648E-01     6     1   -5.107916E-12  -2.500678E-12
    4.996648E-01     6     2    3.196077E-11   2.120450E-11
    4.996648E-01     6     3    7.572702E-12   8.350636E-12
    4.996648E-01     6     4    2.712745E-12  -2.425264E-12
    4.996648E-01     6     5   -5.289177E-12  -5.505221E-12
    4.996648E-01     6     6    1.002503E-04   8.950349E-06
    4.867215E-01     1     1    8.102873E-05   1.875686E-05
    4.867215E-01     1     2    1.857620E-12  -1.857681E-13
    4.867215E-01     1     3   -5.861494E-12  -9.016350E-12
    4.867215E-01     1     4   -7.249469E-13   1.700263E-13
    4.867215E-01     1     5    1.580717E-06   1.243023E-05
    4.867215E-01     1     6   -1.922139E-12   1.298712E-12
    4.867215E-01     2     1   -1.956103E-11  -7.556626E-12
    4.867215E-01     2     2    4.081752E-03  -6.153270E-04
    4.867215E-01     2     3   -5.406518E-11   1.095024E-10
    4.867215E-01     2     4    3.359177E-04  -5.953725E-05
    4.867215E-01     2     5    1.014846E-11   3.407591E-11
    4.867215E-01     2     6    3.335874E-11  -2.174743E-11
    4.867215E-01     3     1   -1.778274E-12  -1.279633E-12
    4.867215E-01     3     2   -7.126899E-11   2.985766E-11
    4.867215E-01     3     3    1.232300E-03   5.419505E-04
    4.867215E-01     3     4   -1.052575E-11  -5.985146E-13
    4.867215E-01     3     5    1.173584E-11   6.748947E-12
    4.867215E-01     3     6   -2.951074E-12   7.169385E-13
    4.867215E-01     4     1   -1.356472E-12  -1.199155E-12
    4.867215E-01     4     2    2.890331E-04  -4.869399E-05
    4.867215E-01     4     3   -4.418476E-13   6.252383E-12
    4.867215E-01     4     4    5.314443E-05   3.262928E-05
    4.867215E-01     4     5   -3.876475E-13  -1.622636E-12
    4.867215E-01     4     6   -1.458343E-12   1.120736E-14
    4.867215E-01     5     1    9.008019E-07   6.885026E-06
    4.867215E-01     5     2    1.754128E-11   4.282234E-12
    4.867215E-01     5     3    1.006405E-11  -3.713804E-13
    4.867215E-01     5     4    1.314722E-12  -1.799428E-13
    4.867215E-01     5     5    6.141560E-05   2.336896E-05
    4.867215E-01     5     6    1.232572E-12   1.278150E-12
    4.867215E-01     6     1   -3.640727E-12  -4.158008E-13
    4.867215E-01     6     2    2.999500E-11  -3.663968E-12
    4.867215E-01     6     3    1.618547E-11  -1.412481E-11
    4.867215E-01     6     4    9.369339E-13  -3.577244E-12
    4.867215E-01     6     5   -8.002947E-12  -7.414904E-12
    4.867215E-01     6     6    1.031721E-04   1.953887E-06
    4.744282E-01     1     1    8.607018E-05   2.071817E-05
    4.744282E-01     1     2    4.090272E-12   1.790509E-11
    4.744282E-01     1     3   -2.735448E-12  -5.391743E-12
    4.744282E-01     1     4   -1.650209E-13   2.087735E-12
    4.744282E-01     1     5   -6.774040E-08   1.014689E-05
    4.744282E-01     1     6   -2.242721E-12  -1.280980E-12
    4.744282E-01     2     1   -1.408725E-11  -7.632432E-12
    4.744282E-01     2     2    4.419277E-03   6.165044E-04
    4.744282E-01     2     3   -1.069957E-10   4.809183E-11
    4.744282E-01     2     4    3.353778E-04   8.253341E-05
    4.744282E-01     2     5    2.823375E-11   1.308743E-11
    4.744282E-01     2     6   -4.734777E-11  -1.592921E-11
    4.744282E-01     3     1    1.138993E-12  -6.559634E-12
    4.744282E-01     3     2   -6.119696E-11   2.166904E-11
    4.744282E-01     3     3    1.263552E-03   5.415409E-04
    4.744282E-01     3     4   -9.585510E-12  -1.867276E-12
    4.744282E-01     3     5    1.387799E-11   3.165884E-12
    4.744282E-01     3     6   -1.054593E-11  -6.789388E-12
    4.744282E-01     4     1   -1.961934E-13   4.163213E-13
    4.744282E-01     4     2    2.899114E-04   6.588699E-05
    4.744282E-01     4     3   -1.703072E-11  -1.238382E-11
    4.744282E-01     4     4    4.851822E-05   4.354212E-05
    4.744282E-01     4     5    3.670734E-12  -1.087903E-12
    4.744282E-01     4     6   -5.003110E-12  -2.766092E-12
    4.744282E-01     5     1   -1.003769E-07   5.477324E-06
    4.744282E-01     5     2    1.816188E-11  -3.179538E-12
    4.744282E-01     5     3    1.350295E-11  -1.855212E-12
    4.744282E-01     5     4    2.269916E-12  -6.508138E-14
    4.744282E-01     5     5    6.138259E-05   2.613044E-05
    4.744282E-01     5     6    3.928256E-12   2.994183E-12
    4.744282E-01     6     1   -5.628572E-12  -6.733980E-12
    4.744282E-01     6     2   -2.782958E-11  -5.472165E-11
    4.744282E-01     6     3    5.473143E-12  -1.167095E-11
    4.744282E-01     6     4   -5.920333E-12  -6.829391E-12
    4.744282E-01     6     5   -1.058003E-11  -1.051362E-11
    4.744282E-01     6     6    1.611143E-04  -1.677341E-05
    4.627407E-01     1     1    9.015206E-05   2.482592E-05
    4.627407E-01     1     2    4.669908E-12   2.633432E-11
    4.627407E-01     1     3   -7.509505E-12   6.076991E-12
    4.627407E-01     1     4    7.774453E-13   3.071367E-12
    4.627407E-01     1     5    4.129516E-07   7.734404E-06
    4.627407E-01     1     6   -1.836572E-12  -2.347459E-12
    4.627407E-01     2     1   -8.095621E-12  -6.735530E-12
    4.627407E-01     2     2    3.969305E-03   1.736422E-03
    4.627407E-01     2     3   -2.230600E-10   1.637836E-11
    4.627407E-01     2     4    2.527998E-04   1.802351E-04
    4.627407E-01     2     5    2.503683E-11  -1.817653E-11
    4.627407E-01     2     6   -8.474540E-11  -2.733357E-11
    4.627407E-01     3     1   -2.198316E-12  -1.398414E-11
    4.627407E-01     3     2   -1.131039E-11  -8.319677E-12
    4.627407E-01     3     3    1.297957E-03   5.391545E-04
    4.627407E-01     3     4   -4.052344E-12  -4.268624E-12
    4.627407E-01     3     5    9.351870E-13   8.265252E-12
    4.627407E-01     3     6   -6.570532E-12  -4.995739E-13
    4.627407E-01     4     1    1.225856E-12   2.069788E-12
    4.627407E-01     4     2    2.235709E-04   1.444239E-04
    4.627407E-01     4     3   -2.554677E-11  -3.945577E-11
    4.627407E-01     4     4    3.810696E-05   4.789586E-05
    4.627407E-01     4     5    5.134134E-12  -1.857057E-12
    4.627407E-01     4     6   -6.206208E-12  -1.124579E-12
    4.627407E-01     5     1    3.187028E-07   4.044110E-06
    4.627407E-01     5     2    1.367052E-11  -3.957587E-12
    4.627407E-01     5     3    6.246086E-12  -3.937231E-12
    4.627407E-01     5     4    2.963197E-12  -1.759798E-13
    4.627407E-01     5     5    6.058434E-05   2.699177E-05
    4.627407E-01     5     6    1.902902E-12   1.599521E-12
    4.627407E-01     6     1   -2.624674E-12  -7.930761E-12
    4.627407E-01     6     2   -3.382618E-11  -3.426875E-11
    4.627407E-01     6     3    3.024650E-11   1.511144E-11
    4.627407E-01     6     4   -1.453245E-11  -4.175380E-12
    4.627407E-01     6     5   -5.530018E-12  -1.207511E-11
    4.627407E-01     6     6    1.779803E-04   4.684628E-05
    4.516183E-01     1     1    9.236661E-05   2.983444E-05
    4.516183E-01     1     2    1.982148E-12   2.806999E-11
    4.516183E-01     1     3   -1.637241E-12   1.114042E-11
    4.516183E-01     1     4    9.884258E-13   3.564156E-12
    4.516183E-01     1     5    2.428704E-06   6.383153E-06
    4.516183E-01     1     6   -1.396504E-12  -3.889982E-12
    4.516183E-01     2     1   -7.162849E-12  -9.737541E-12
    4.516183E-01     2     2    3.203975E-03   2.589501E-03
    4.516183E-01     2     3   -2.304732E-10  -1.723271E-10
    4.516183E-01     2     4    1.429720E-04   2.343666E-04
    4.516183E-01     2     5    2.489107E-12  -2.915643E-11
    4.516183E-01     2     6   -1.236748E-10  -2.986461E-11
    4.516183E-01     3     1    3.765229E-13  -1.960205E-11
    4.516183E-01     3     2    6.532372E-12  -5.013401E-11
    4.516183E-01     3     3    1.328504E-03   5.379367E-04
    4.516183E-01     3     4   -4.480701E-12  -2.113261E-12
    4.516183E-01     3     5   -1.256938E-11   3.798543E-12
    4.516183E-01     3     6    6.621138E-13  -7.652844E-13
    4.516183E-01     4     1    1.554109E-12   2.695167E-12
    4.516183E-01     4     2    1.336278E-04   1.877420E-04
    4.516183E-01     4     3   -4.853876E-11  -4.580884E-11
    4.516183E-01     4     4    2.649859E-05   4.741857E-05
    4.516183E-01     4     5    4.953997E-12  -2.238013E-12
    4.516183E-01     4     6   -9.162050E-12   7.917201E-14
    4.516183E-01     5     1    1.736440E-06   3.341052E-06
    4.516183E-01     5     2    9.418242E-12  -6.140566E-12
    4.516183E-01     5     3    5.740595E-12  -4.506116E-12
    4.516183E-01     5     4    2.635465E-12  -9.455606E-13
    4.516183E-01     5     5    5.982999E-05   2.644026E-05
    4.516183E-01     5     6    2.426555E-12   1.413977E-12
    4.516183E-01     6     1   -7.761583E-13  -6.007221E-12
    4.516183E-01     6     2   -6.165785E-11   5.188672E-12
    4.516183E-01     6     3    6.058119E-11   1.985073E-11
    4.516183E-01     6     4   -2.187012E-11  -2.094249E-12
    4.516183E-01     6     5   -1.970670E-12  -6.259706E-12
    4.516183E-01     6     6    1.615388E-04   1.019676E-04
    4.410150E-01     1     1    9.277594E-05   3.456805E-05
    4.410150E-01     1     2    2.603265E-12   2.343984E-11
    4.410150E-01     1     3    3.335689E-12   1.085334E-11
    4.410150E-01     1     4    4.269912E-14   4.029278E-12
    4.410150E-01     1     5    4.916100E-06   6.644766E-06
    4.410150E-01     1     6   -1.053041E-12  -4.026551E-12
    4.410150E-01     2     1   -1.289249E-12  -9.078506E-12
    4.410150E-01     2     2    2.172615E-03   3.235660E-03
    4.410150E-01     2     3   -2.417758E-10  -1.925138E-10
    4.410150E-01     2     4    1.415818E-05   2.562923E-04
    4.410150E-01     2     5   -1.899177E-11  -4.200715E-11
    4.410150E-01     2     6   -1.444444E-10  -2.999257E-11
    4.410150E-01     3     1    1.058237E-12  -2.286282E-11
    4.410150E-01     3     2    1.824501E-11  -6.083623E-11
    4.410150E-01     3     3    1.351491E-03   5.348815E-04
    4.410150E-01     3     4   -8.780995E-12   2.578649E-12
    4.410150E-01     3     5   -2.608506E-11   8.390514E-12
    4.410150E-01     3     6    1.659833E-12  -7.945687E-12
    4.410150E-01     4     1    2.089725E-12   3.109568E-12
    4.410150E-01     4     2    2.714569E-05   2.047993E-04
    4.410150E-01     4     3   -6.025805E-11  -4.963184E-11
    4.410150E-01     4     4    1.443630E-05   4.362128E-05
    4.410150E-01     4     5    4.772635E-12  -2.246342E-12
    4.410150E-01     4     6   -1.103760E-11   3.419750E-13
    4.410150E-01     5     1    3.444969E-06   3.695879E-06
    4.410150E-01     5     2    1.118292E-12  -6.574686E-12
    4.410150E-01     5     3    7.267296E-12  -4.844380E-12
    4.410150E-01     5     4    1.514945E-12  -1.353424E-12
    4.410150E-01     5     5    5.960286E-05   2.501038E-05
    4.410150E-01     5     6    2.229759E-12   1.399541E-12
    4.410150E-01     6     1   -8.269529E-13  -3.140537E-12
    4.410150E-01     6     2   -8.364867E-11   3.841311E-11
    4.410150E-01     6     3    7.807126E-11   2.801044E-11
    4.410150E-01     6     4   -2.539070E-11  -8.309250E-13
    4.410150E-01     6     5    6.265121E-12   2.357570E-13
    4.410150E-01     6     6    1.293899E-04   1.390883E-04
    4.309012E-01     1     1    9.203442E-05   3.854643E-05
    4.309012E-01     1     2    5.373522E-12   1.588818E-11
    4.309012E-01     1     3    8.111804E-12   9.136460E-12
    4.309012E-01     1     4   -8.248699E-14   3.327482E-12
    4.309012E-01     1     5    6.699616E-06   8.281866E-06
    4.309012E-01     1     6   -1.201956E-12  -5.005707E-12
    4.309012E-01     2     1    8.874787E-12  -2.623654E-12
    4.309012E-01     2     2    9.977443E-04   3.549256E-03
    4.309012E-01     2     3   -2.401530E-10  -2.478161E-10
    4.309012E-01     2     4   -1.175745E-04   2.401699E-04
    4.309012E-01     2     5   -1.963213E-11  -4.228270E-11
    4.309012E-01     2     6   -1.339164E-10  -1.916031E-11
    4.309012E-01     3     1    3.744960E-12  -2.379533E-11
    4.309012E-01     3     2    7.349588E-11  -3.661749E-11
    4.309012E-01     3     3    1.368659E-03   5.275319E-04
    4.309012E-01     3     4   -4.216692E-12   8.255112E-12
    4.309012E-01     3     5   -2.313935E-11   5.338884E-12
    4.309012E-01     3     6    2.571528E-12  -1.170153E-11
    4.309012E-01     4     1    2.518651E-12   3.102971E-12
    4.309012E-01     4     2   -8.254573E-05   1.911316E-04
    4.309012E-01     4     3   -5.529862E-11  -4.508095E-11
    4.309012E-01     4     4    3.309061E-06   3.671613E-05
    4.309012E-01     4     5    3.662225E-12  -3.114415E-12
    4.309012E-01     4     6   -1.090950E-11   1.456313E-12
    4.309012E-01     5     1    4.677444E-06   4.937982E-06
    4.309012E-01     5     2   -1.200512E-12  -7.229468E-13
    4.309012E-01     5     3    2.216905E-12  -7.199480E-13
    4.309012E-01     5     4    6.129083E-13  -6.015103E-13
    4.309012E-01     5     5    6.010905E-05   2.330655E-05
    4.309012E-01     5     6    2.800267E-12   1.219679E-12
    4.309012E-01     6     1    1.139035E-12  -8.953480E-13
    4.309012E-01     6     2   -7.259219E-11   6.034214E-11
    4.309012E-01     6     3    6.827440E-11   3.916887E-11
    4.309012E-01     6     4   -2.579320E-11   2.647358E-12
    4.309012E-01     6     5    1.120237E-11   9.854789E-13
    4.309012E-01     6     6    9.345026E-05   1.598169E-04
    4.212380E-01     1     1    9.102138E-05   4.180054E-05
    4.212380E-01     1     2    3.031741E-12   8.945962E-12
    4.212380E-01     1     3    1.338233E-11   7.208773E-12
    4.212380E-01     1     4   -1.785893E-14   1.885258E-12
    4.212380E-01     1     5    7.013053E-06   1.040562E-05
    4.212380E-01     1     6   -1.846160E-12  -4.697825E-12
    4.212380E-01     2     1    1.367614E-11  -1.153473E-13
    4.212380E-01     2     2   -1.702357E-04   3.494906E-03
    4.212380E-01     2     3   -1.736388E-10  -2.365867E-10
    4.212380E-01     2     4   -2.351920E-04   1.886559E-04
    4.212380E-01     2     5   -1.142777E-11  -3.789547E-11
    4.212380E-01     2     6   -1.056763E-10  -1.200944E-12
    4.212380E-01     3     1    2.932329E-12  -2.053296E-11
    4.212380E-01     3     2    6.397475E-11   1.283949E-11
    4.212380E-01     3     3    1.382523E-03   5.157382E-04
    4.212380E-01     3     4   -4.965078E-12   1.163355E-11
    4.212380E-01     3     5   -1.744041E-11   7.354687E-12
    4.212380E-01     3     6    5.744490E-12  -1.422389E-11
    4.212380E-01     4     1    2.467323E-12   3.025921E-12
    4.212380E-01     4     2   -1.811974E-04   1.490155E-04
    4.212380E-01     4     3   -4.494661E-11  -3.551240E-11
    4.212380E-01     4     4   -5.544948E-06   2.750421E-05
    4.212380E-01     4     5    3.105365E-12  -2.616271E-12
    4.212380E-01     4     6   -9.553821E-12   2.261393E-12
    4.212380E-01     5     1    4.929582E-06   6.483376E-06
    4.212380E-01     5     2   -4.652807E-12   4.660238E-12
    4.212380E-01     5     3    1.634665E-12   9.609613E-12
    4.212380E-01     5     4   -4.846967E-13  -1.010185E-14
    4.212380E-01     5     5    6.119494E-05   2.187712E-05
    4.212380E-01     5     6    3.471265E-12  -7.262801E-15
    4.212380E-01     6     1    2.495631E-12   6.281245E-13
    4.212380E-01     6     2   -6.282414E-11   7.364814E-11
    4.212380E-01     6     3    4.385784E-11   6.090131E-11
    4.212380E-01     6     4   -2.246663E-11   4.667555E-12
    4.212380E-01     6     5    1.739692E-11   3.435187E-13
    4.212380E-01     6     6    5.329057E-05   1.695515E-04
    4.120013E-01     1     1    9.041516E-05   4.493382E-05
    4.120013E-01     1     2    4.338661E-12  -2.792885E-12
    4.120013E-01     1     3    1.600399E-11  -1.548203E-12
    4.120013E-01     1     4   -1.557118E-13   9.614693E-13
    4.120013E-01     1     5    6.025598E-06   1.196970E-05
    4.120013E-01     1     6   -2.250749E-12  -2.073719E-12
    4.120013E-01     2     1    1.947170E-11   4.267660E-13
    4.120013E-01     2     2   -1.170412E-03   3.065483E-03
    4.120013E-01     2     3   -1.226842E-10  -1.539806E-10
    4.120013E-01     2     4   -3.210441E-04   1.067786E-04
    4.120013E-01     2     5   -1.608201E-11  -3.362763E-11
    4.120013E-01     2     6   -6.962569E-11   1.070348E-11
    4.120013E-01     3     1    1.592064E-12  -1.341520E-11
    4.120013E-01     3     2    6.541355E-11   4.717179E-11
    4.120013E-01     3     3    1.396434E-03   5.007878E-04
    4.120013E-01     3     4   -9.880999E-12   8.191427E-12
    4.120013E-01     3     5   -1.038112E-11   1.409643E-11
    4.120013E-01     3     6    3.224789E-12  -8.896400E-12
    4.120013E-01     4     1    1.846142E-12   2.499873E-12
    4.120013E-01     4     2   -2.538754E-04   8.268835E-05
    4.120013E-01     4     3   -2.513279E-11  -1.706016E-11
    4.120013E-01     4     4   -1.072192E-05   1.694849E-05
    4.120013E-01     4     5    1.961664E-12  -2.760823E-12
    4.120013E-01     4     6   -7.795692E-12   3.101355E-12
    4.120013E-01     5     1    4.320130E-06   7.655637E-06
    4.120013E-01     5     2   -8.066567E-12   6.289870E-13
    4.120013E-01     5     3   -4.370453E-12   1.663341E-11
    4.120013E-01     5     4   -1.656388E-12  -6.070671E-14
    4.120013E-01     5     5    6.246895E-05   2.098545E-05
    4.120013E-01     5     6    2.212969E-12  -2.277701E-12
    4.120013E-01     6     1    3.270312E-12   1.233504E-12
    4.120013E-01     6     2   -4.045935E-11   8.117531E-11
    4.120013E-01     6     3    1.810541E-11   7.150776E-11
    4.120013E-01     6     4   -1.709465E-11   7.432167E-12
    4.120013E-01     6     5    1.495418E-11  -1.638185E-12
    4.120013E-01     6     6    1.187889E-05   1.630668E-04
    4.031585E-01     1     1    9.039707E-05   4.899748E-05
    4.031585E-01     1     2    1.364201E-12  -5.545856E-12
    4.031585E-01     1     3    1.146518E-11  -8.848530E-12
    4.031585E-01     1     4   -8.901769E-13   5.744686E-13
    4.031585E-01     1     5    4.669706E-06   1.253349E-05
    4.031585E-01     1     6   -2.747904E-12  -2.459912E-12
    4.031585E-01     2     1    3.509568E-11   8.019763E-12
    4.031585E-01     2     2   -1.776600E-03   2.290650E-03
    4.031585E-01     2     3    6.748383E-12  -1.053897E-10
    4.031585E-01     2     4   -3.521139E-04   6.383636E-06
    4.031585E-01     2     5    2.524166E-12  -4.353368E-11
    4.031585E-01     2     6   -1.751801E-11   2.524395E-11
    4.031585E-01     3     1   -9.224507E-13  -2.170902E-12
    4.031585E-01     3     2    3.930123E-11   5.497216E-11
    4.031585E-01     3     3    1.411856E-03   4.837639E-04
    4.031585E-01     3     4   -3.060749E-12   5.979076E-12
    4.031585E-01     3     5   -2.754697E-12   1.263861E-11
    4.031585E-01     3     6    9.701450E-12  -3.459659E-12
    4.031585E-01     4     1    1.419046E-12   2.384669E-12
    4.031585E-01     4     2   -2.804165E-04   2.252589E-06
    4.031585E-01     4     3   -2.049135E-12   3.424688E-12
    4.031585E-01     4     4   -1.068621E-05   6.844534E-06
    4.031585E-01     4     5    6.684359E-13  -2.417087E-12
    4.031585E-01     4     6   -4.072096E-12   3.392304E-12
    4.031585E-01     5     1    3.442159E-06   8.149802E-06
    4.031585E-01     5     2   -1.458243E-11   8.476252E-13
    4.031585E-01     5     3   -2.405588E-12   1.953015E-11
    4.031585E-01     5     4   -1.767732E-12  -2.335473E-13
    4.031585E-01     5     5    6.353230E-05   2.050666E-05
    4.031585E-01     5     6    1.816545E-12  -1.637459E-12
    4.031585E-01     6     1    2.258491E-12   2.596569E-12
    4.031585E-01     6     2   -1.039161E-11   6.942900E-11
    4.031585E-01     6     3   -8.825453E-12   7.442358E-11
    4.031585E-01     6     4   -7.558071E-12   8.703094E-12
    4.031585E-01     6     5    1.304709E-11   2.283039E-12
    4.031585E-01     6     6   -2.348712E-05   1.396757E-04
    3.946898E-01     1     1    8.977852E-05   5.428566E-05
    3.946898E-01     1     2    8.080714E-13  -1.614911E-11
    3.946898E-01     1     3    1.733629E-11  -1.479767E-11
    3.946898E-01     1     4   -1.155110E-12  -9.988489E-13
    3.946898E-01     1     5    3.778488E-06   1.249642E-05
    3.946898E-01     1     6   -6.745448E-13  -1.174082E-12
    3.946898E-01     2     1    3.026597E-11   6.662267E-12
    3.946898E-01     2     2   -1.603302E-03   1.268005E-03
    3.946898E-01     2     3    1.198309E-10   3.081577E-11
    3.946898E-01     2     4   -2.929694E-04  -8.662167E-05
    3.946898E-01     2     5   -6.226338E-12  -2.118138E-11
    3.946898E-01     2     6    4.179208E-11   4.179991E-11
    3.946898E-01     3     1    9.989792E-13   4.265575E-12
    3.946898E-01     3     2    3.497673E-11   8.271159E-11
    3.946898E-01     3     3    1.431335E-03   4.672725E-04
    3.946898E-01     3     4   -7.446262E-12   2.171232E-12
    3.946898E-01     3     5    1.339368E-11   1.733193E-11
    3.946898E-01     3     6    7.873539E-12  -3.349213E-12
    3.946898E-01     4     1   -2.256596E-13   6.384363E-13
    3.946898E-01     4     2   -2.293608E-04  -6.935146E-05
    3.946898E-01     4     3    1.921562E-11   1.371518E-11
    3.946898E-01     4     4   -3.365166E-06   7.881838E-07
    3.946898E-01     4     5   -1.112814E-12  -2.064942E-12
    3.946898E-01     4     6   -1.660519E-13   3.270738E-12
    3.946898E-01     5     1    2.819646E-06   8.223092E-06
    3.946898E-01     5     2   -1.532177E-11   5.704995E-12
    3.946898E-01     5     3    1.615116E-12   2.133108E-11
    3.946898E-01     5     4   -1.252837E-12   2.164187E-14
    3.946898E-01     5     5    6.433543E-05   2.024710E-05
    3.946898E-01     5     6    5.628466E-13  -2.320386E-12
    3.946898E-01     6     1    1.354566E-12   3.404384E-12
    3.946898E-01     6     2    4.553662E-11   5.515274E-11
    3.946898E-01     6     3   -3.011171E-11   5.476786E-11
    3.946898E-01     6     4    1.593819E-12   9.242096E-12
    3.946898E-01     6     5    8.462118E-12   1.354932E-13
    3.946898E-01     6     6   -4.447977E-05   1.012148E-04
    3.865672E-01     1     1    8.772971E-05   6.001710E-05
    3.865672E-01     1     2   -3.237730E-12  -1.515418E-11
    3.865672E-01     1     3    1.589783E-11  -1.855119E-11
    3.865672E-01     1     4   -1.247742E-12  -1.709375E-12
    3.865672E-01     1     5    3.420043E-06   1.230446E-05
    3.865672E-01     1     6   -5.290939E-13   1.203357E-12
    3.865672E-01     2     1    7.337261E-12   3.680008E-13
    3.865672E-01     2     2    4.141913E-04   4.127053E-04
    3.865672E-01     2     3   -1.006821E-10   7.294149E-11
    3.865672E-01     2     4   -4.478888E-05  -1.106782E-04
    3.865672E-01     2     5    9.723859E-12   1.928737E-11
    3.865672E-01     2     6    3.484865E-11  -4.992014E-12
    3.865672E-01     3     1   -9.455266E-13   1.154614E-11
    3.865672E-01     3     2   -3.856132E-11   6.514605E-11
    3.865672E-01     3     3    1.456411E-03   4.468885E-04
    3.865672E-01     3     4   -8.545290E-12   2.991038E-12
    3.865672E-01     3     5    1.089093E-11   1.935432E-11
    3.865672E-01     3     6   -6.127333E-13   7.471464E-12
    3.865672E-01     4     1   -8.235757E-13  -1.518894E-12
    3.865672E-01     4     2   -3.335053E-05  -8.700033E-05
    3.865672E-01     4     3    1.095157E-11   2.049061E-11
    3.865672E-01     4     4    1.766129E-05   4.368383E-06
    3.865672E-01     4     5   -2.971348E-13  -2.239388E-12
    3.865672E-01     4     6    3.402932E-13  -9.731630E-13
    3.865672E-01     5     1    2.520517E-06   8.216745E-06
    3.865672E-01     5     2   -2.837785E-12   6.727486E-12
    3.865672E-01     5     3   -1.886515E-12   2.103812E-11
    3.865672E-01     5     4   -1.467087E-12   5.926245E-13
    3.865672E-01     5     5    6.506890E-05   1.981853E-05
    3.865672E-01     5     6   -6.705105E-13  -1.676616E-12
    3.865672E-01     6     1    9.443671E-13   2.097481E-12
    3.865672E-01     6     2    3.062838E-11   7.664857E-12
    3.865672E-01     6     3   -3.744180E-11   2.537623E-11
    3.865672E-01     6     4    4.349992E-12   2.652000E-12
    3.865672E-01     6     5    5.034444E-13  -5.114529E-12
    3.865672E-01     6     6   -3.845270E-05   5.291115E-05
    3.787744E-01     1     1    8.390304E-05   6.561763E-05
    3.787744E-01     1     2   -7.752145E-14  -6.991473E-13
    3.787744E-01     1     3    1.456807E-11  -1.274190E-11
    3.787744E-01     1     4   -6.482585E-13  -5.462713E-13
    3.787744E-01     1     5    3.518050E-06   1.240819E-05
    3.787744E-01     1     6    1.584753E-13   2.085752E-12
    3.787744E-01     2     1    1.780267E-11   1.660955E-12
    3.787744E-01     2     2    2.482111E-04   8.321997E-04
    3.787744E-01     2     3   -1.041339E-10   7.345102E-11
    3.787744E-01     2     4   -7.598721E-05  -6.713357E-05
    3.787744E-01     2     5    1.589814E-11  -2.346823E-12
    3.787744E-01     2     6    1.183846E-12   9.772756E-12
    3.787744E-01     3     1    3.940272E-12   1.008313E-11
    3.787744E-01     3     2   -2.793787E-11   4.525773E-11
    3.787744E-01     3     3    1.483507E-03   4.264778E-04
    3.787744E-01     3     4   -5.745292E-12  -2.748381E-13
    3.787744E-01     3     5    1.316667E-11   1.318470E-11
    3.787744E-01     3     6   -4.189445E-12   3.761953E-12
    3.787744E-01     4     1   -2.325429E-13  -5.569944E-13
    3.787744E-01     4     2   -5.830226E-05  -5.235741E-05
    3.787744E-01     4     3    7.635182E-12   1.144992E-11
    3.787744E-01     4     4    1.341512E-05   6.701989E-06
    3.787744E-01     4     5    1.796987E-12  -7.841503E-13
    3.787744E-01     4     6    1.409966E-13  -2.650462E-12
    3.787744E-01     5     1    2.498150E-06   8.375307E-06
    3.787744E-01     5     2   -4.747654E-12  -7.234718E-13
    3.787744E-01     5     3   -5.275920E-12   1.663132E-11
    3.787744E-01     5     4    2.956351E-13  -6.504505E-13
    3.787744E-01     5     5    6.574781E-05   1.920275E-05
    3.787744E-01     5     6    5.011341E-13  -1.118821E-13
    3.787744E-01     6     1   -4.001419E-12  -3.122203E-12
    3.787744E-01     6     2   -8.540413E-12  -3.829011E-11
    3.787744E-01     6     3   -5.063148E-11   2.353415E-11
    3.787744E-01     6     4    3.518982E-12  -5.029060E-13
    3.787744E-01     6     5   -6.227907E-12  -5.322967E-12
    3.787744E-01     6     6    1.694459E-05   1.573958E-05
    3.712874E-01     1     1    7.831816E-05   7.036869E-05
    3.712874E-01     1     2   -1.920522E-12   1.012600E-12
    3.712874E-01     1     3    6.432348E-12  -6.218880E-12
    3.712874E-01     1     4    2.726375E-13  -2.513276E-13
    3.712874E-01     1     5    3.821195E-06   1.290045E-05
    3.712874E-01     1     6    1.682856E-12   1.653958E-12
    3.712874E-01     2     1    6.259383E-12   6.054339E-12
    3.712874E-01     2     2    2.875434E-04   7.536170E-04
    3.712874E-01     2     3   -1.719391E-10   6.587513E-11
    3.712874E-01     2     4   -6.821214E-05  -7.040290E-05
    3.712874E-01     2     5   -5.663842E-12   2.115014E-12
    3.712874E-01     2     6    1.434119E-11  -7.271366E-12
    3.712874E-01     3     1    9.451053E-12   4.689938E-12
    3.712874E-01     3     2    2.443048E-11   2.134515E-11
    3.712874E-01     3     3    1.482008E-03   4.036139E-04
    3.712874E-01     3     4   -6.785632E-12   3.166477E-12
    3.712874E-01     3     5    3.471696E-12   1.599989E-11
    3.712874E-01     3     6    9.229129E-12   1.335694E-11
    3.712874E-01     4     1   -2.484878E-14  -6.955709E-13
    3.712874E-01     4     2   -5.233323E-05  -5.450061E-05
    3.712874E-01     4     3   -8.205594E-16   5.419153E-12
    3.712874E-01     4     4    1.376552E-05   6.066924E-06
    3.712874E-01     4     5    4.872278E-13  -9.979309E-13
    3.712874E-01     4     6    1.516449E-12  -1.629854E-12
    3.712874E-01     5     1    2.608937E-06   8.762093E-06
    3.712874E-01     5     2    4.254451E-12  -1.774997E-12
    3.712874E-01     5     3   -1.985591E-11   1.864518E-11
    3.712874E-01     5     4    1.677048E-12  -1.090394E-12
    3.712874E-01     5     5    6.621510E-05   1.825914E-05
    3.712874E-01     5     6   -1.369615E-12   4.776400E-13
    3.712874E-01     6     1   -1.215403E-12  -5.981940E-13
    3.712874E-01     6     2    1.184398E-11  -2.380571E-11
    3.712874E-01     6     3   -2.896549E-11   1.313504E-11
    3.712874E-01     6     4    1.424706E-12   2.229125E-12
    3.712874E-01     6     5   -2.998026E-12  -6.406865E-13
    3.712874E-01     6     6    2.153969E-05   3.904838E-05
    3.640928E-01     1     1    7.157712E-05   7.382686E-05
    3.640928E-01     1     2   -1.143807E-12  -9.056648E-12
    3.640928E-01     1     3    1.028964E-10   5.446383E-11
    3.640928E-01     1     4    6.683999E-13   3.783389E-13
    3.640928E-01     1     5    4.902185E-06   1.293898E-05
    3.640928E-01     1     6    1.744379E-12   1.057916E-12
    3.640928E-01     2     1   -2.213467E-11  -3.454438E-11
    3.640928E-01     2     2    4.478807E-04   6.796684E-04
    3.640928E-01     2     3   -1.230511E-11  -5.819077E-10
    3.640928E-01     2     4   -4.859508E-05  -7.182703E-05
    3.640928E-01     2     5   -7.824932E-11   4.748978E-11
    3.640928E-01     2     6   -6.227878E-12   4.208051E-11
    3.640928E-01     3     1    1.021002E-10   9.263537E-11
    3.640928E-01     3     2    3.259726E-10  -5.636858E-10
    3.640928E-01     3     3    3.960856E-03  -4.685683E-03
    3.640928E-01     3     4    9.222491E-11  -8.316356E-11
    3.640928E-01     3     5    2.818240E-10  -4.467574E-10
    3.640928E-01     3     6    1.667904E-10  -3.224908E-11
    3.640928E-01     4     1    5.062409E-13  -1.194739E-12
    3.640928E-01     4     2   -3.711184E-05  -5.520327E-05
    3.640928E-01     4     3   -1.877392E-11  -2.972167E-11
    3.640928E-01     4     4    1.504788E-05   5.712310E-06
    3.640928E-01     4     5    1.300631E-12   4.168852E-12
    3.640928E-01     4     6   -1.674862E-12  -2.357395E-12
    3.640928E-01     5     1    3.307210E-06   8.767634E-06
    3.640928E-01     5     2    1.342995E-11   2.400421E-12
    3.640928E-01     5     3    5.251986E-11  -4.316895E-10
    3.640928E-01     5     4    1.689512E-12   3.580825E-12
    3.640928E-01     5     5    6.296809E-05   1.514225E-05
    3.640928E-01     5     6    4.608622E-12  -3.352129E-12
    3.640928E-01     6     1   -6.345904E-12   2.385603E-12
    3.640928E-01     6     2   -4.866101E-12   2.112798E-11
    3.640928E-01     6     3    9.745977E-11  -3.577944E-11
    3.640928E-01     6     4   -4.351800E-12  -1.506954E-12
    3.640928E-01     6     5   -3.138621E-12   1.058122E-11
    3.640928E-01     6     6    2.007982E-05   3.651449E-05
    3.571696E-01     1     1    6.367073E-05   7.372028E-05
    3.571696E-01     1     2   -4.671670E-12  -1.002663E-12
    3.571696E-01     1     3   -2.606362E-11  -1.289207E-11
    3.571696E-01     1     4    8.008169E-13  -1.310507E-12
    3.571696E-01     1     5    3.288677E-07   2.129546E-05
    3.571696E-01     1     6    4.453571E-13  -1.048528E-12
    3.571696E-01     2     1   -4.362537E-12   3.064401E-11
    3.571696E-01     2     2    5.379197E-04   6.861535E-04
    3.571696E-01     2     3   -2.401767E-10   1.096021E-10
    3.571696E-01     2     4   -3.699200E-05  -6.679404E-05
    3.571696E-01     2     5   -1.166713E-11   7.826343E-12
    3.571696E-01     2     6   -4.616840E-12  -2.634940E-11
    3.571696E-01     3     1   -2.176243E-11  -1.304804E-11
    3.571696E-01     3     2   -8.777723E-11   6.842415E-11
    3.571696E-01     3     3    1.538298E-03   1.630591E-03
    3.571696E-01     3     4   -4.417004E-11   1.623554E-11
    3.571696E-01     3     5   -1.126980E-10   1.284092E-10
    3.571696E-01     3     6   -5.622683E-11   1.237819E-11
    3.571696E-01     4     1   -1.197904E-13  -2.710961E-13
    3.571696E-01     4     2   -2.821103E-05  -5.087514E-05
    3.571696E-01     4     3   -1.011592E-11   9.229832E-12
    3.571696E-01     4     4    1.568657E-05   5.746579E-06
    3.571696E-01     4     5    2.712566E-12  -8.335720E-13
    3.571696E-01     4     6    3.910855E-14  -1.232270E-12
    3.571696E-01     5     1   -1.334527E-07   1.495471E-05
    3.571696E-01     5     2   -2.658825E-12  -6.735869E-12
    3.571696E-01     5     3   -6.293746E-11   1.143216E-10
    3.571696E-01     5     4   -6.098699E-14  -4.376115E-12
    3.571696E-01     5     5    9.160847E-05   1.727563E-05
    3.571696E-01     5     6    9.244907E-12   6.102237E-12
    3.571696E-01     6     1   -2.280238E-12   1.261058E-12
    3.571696E-01     6     2   -2.745662E-12  -1.928815E-11
    3.571696E-01     6     3   -3.185404E-12  -1.032356E-11
    3.571696E-01     6     4    5.849081E-13   3.289577E-12
    3.571696E-01     6     5   -4.958985E-12   4.611695E-12
    3.571696E-01     6     6    2.320598E-05   3.111943E-05
    3.505049E-01     1     1    5.673252E-05   7.446586E-05
    3.505049E-01     1     2   -1.850018E-12   7.361827E-12
    3.505049E-01     1     3   -1.404676E-10  -5.209524E-11
    3.505049E-01     1     4    1.283681E-13  -2.011219E-12
    3.505049E-01     1     5   -5.421395E-07   2.131744E-05
    3.505049E-01     1     6   -1.079770E-12  -1.923559E-12
    3.505049E-01     2     1    3.286638E-12   7.353282E-11
    3.505049E-01     2     2    5.968599E-04   6.700069E-04
    3.505049E-01     2     3   -3.963942E-10   5.769767E-10
    3.505049E-01     2     4   -2.840279E-05  -6.439395E-05
    3.505049E-01     2     5    4.689348E-11  -1.426907E-11
    3.505049E-01     2     6   -3.137017E-12  -7.044458E-11
    3.505049E-01     3     1   -1.248890E-10  -8.899350E-11
    3.505049E-01     3     2   -3.536344E-10   6.184476E-10
    3.505049E-01     3     3   -5.563987E-04   6.362306E-03
    3.505049E-01     3     4   -1.524855E-10   9.272850E-11
    3.505049E-01     3     5   -3.727781E-10   5.671617E-10
    3.505049E-01     3     6   -2.259005E-10   4.702971E-11
    3.505049E-01     4     1   -5.159720E-13   5.338342E-13
    3.505049E-01     4     2   -2.170136E-05  -4.858775E-05
    3.505049E-01     4     3    8.472621E-12   4.006904E-11
    3.505049E-01     4     4    1.613945E-05   5.559463E-06
    3.505049E-01     4     5    3.065403E-12  -5.135552E-12
    3.505049E-01     4     6    1.612300E-12   1.384048E-12
    3.505049E-01     5     1   -8.941010E-07   1.499395E-05
    3.505049E-01     5     2    6.454542E-12  -5.935481E-12
    3.505049E-01     5     3   -8.272139E-11   5.453294E-10
    3.505049E-01     5     4   -2.726831E-12  -6.561686E-12
    3.505049E-01     5     5    9.189326E-05   2.062430E-05
    3.505049E-01     5     6    9.867953E-12   1.004544E-11
    3.505049E-01     6     1    3.187544E-12   1.166878E-12
    3.505049E-01     6     2   -9.187304E-12  -4.968734E-11
    3.505049E-01     6     3   -1.026946E-10   1.570080E-11
    3.505049E-01     6     4    4.702496E-12   4.570994E-12
    3.505049E-01     6     5   -1.697804E-12  -4.979288E-12
    3.505049E-01     6     6    3.056586E-05   2.809212E-05
    3.440862E-01     1     1    5.000112E-05   6.978418E-05
    3.440862E-01     1     2   -3.025740E-12   1.416371E-11
    3.440862E-01     1     3   -2.179707E-10  -7.496247E-11
    3.440862E-01     1     4   -5.041691E-13  -1.993730E-12
    3.440862E-01     1     5   -3.997257E-06   2.317520E-05
    3.440862E-01     1     6   -2.690275E-12  -3.552555E-12
    3.440862E-01     2     1    7.457947E-12   1.003805E-10
    3.440862E-01     2     2    6.519395E-04   6.458151E-04
    3.440862E-01     2     3   -5.220773E-10   9.337855E-10
    3.440862E-01     2     4   -2.062566E-05  -6.302075E-05
    3.440862E-01     2     5    9.901041E-11  -4.135063E-11
    3.440862E-01     2     6   -4.176224E-12  -1.023535E-10
    3.440862E-01     3     1   -2.029746E-10  -1.490543E-10
    3.440862E-01     3     2   -5.879676E-10   9.899124E-10
    3.440862E-01     3     3   -2.254637E-03   9.592526E-03
    3.440862E-01     3     4   -2.282471E-10   1.452363E-10
    3.440862E-01     3     5   -5.658962E-10   8.719563E-10
    3.440862E-01     3     6   -3.392331E-10   7.340540E-11
    3.440862E-01     4     1   -9.542153E-13   1.515257E-12
    3.440862E-01     4     2   -1.590658E-05  -4.706889E-05
    3.440862E-01     4     3    1.831359E-11   6.554696E-11
    3.440862E-01     4     4    1.653499E-05   5.287911E-06
    3.440862E-01     4     5    4.204210E-12  -7.472568E-12
    3.440862E-01     4     6    2.462151E-12   3.095172E-12
    3.440862E-01     5     1   -3.418026E-06   1.600771E-05
    3.440862E-01     5     2    3.956369E-12  -1.144404E-11
    3.440862E-01     5     3   -9.414463E-11   8.292256E-10
    3.440862E-01     5     4   -3.285848E-12  -8.616795E-12
    3.440862E-01     5     5    8.832712E-05   2.289094E-05
    3.440862E-01     5     6    6.602797E-12   9.198044E-12
    3.440862E-01     6     1    7.188368E-12   1.147941E-12
    3.440862E-01     6     2   -1.235629E-11  -7.158989E-11
    3.440862E-01     6     3   -1.849482E-10   4.143514E-11
    3.440862E-01     6     4    8.397942E-12   6.095257E-12
    3.440862E-01     6     5    3.533172E-12  -1.052723E-11
    3.440862E-01     6     6    3.486524E-05   2.947898E-05
    3.378965E-01     1     1    4.601195E-05   6.771715E-05
    3.378965E-01     1     2   -7.738763E-12   1.020921E-11
    3.378965E-01     1     3   -2.600818E-10  -8.562449E-11
    3.378965E-01     1     4   -8.377027E-13  -2.977375E-12
    3.378965E-01     1     5   -5.869334E-06   1.898616E-05
    3.378965E-01     1     6   -2.613198E-12  -5.758460E-12
    3.378965E-01     2     1    1.610264E-11   1.068844E-10
    3.378965E-01     2     2    7.125753E-04   6.207072E-04
    3.378965E-01     2     3   -6.012487E-10   1.173844E-09
    3.378965E-01     2     4   -1.282481E-05  -6.214088E-05
    3.378965E-01     2     5    1.336497E-10  -6.476681E-11
    3.378965E-01     2     6   -6.804223E-12  -1.250435E-10
    3.378965E-01     3     1   -2.509368E-10  -1.776705E-10
    3.378965E-01     3     2   -7.103362E-10   1.187780E-09
    3.378965E-01     3     3   -3.446756E-03   1.138218E-02
    3.378965E-01     3     4   -2.722015E-10   1.740129E-10
    3.378965E-01     3     5   -6.699811E-10   1.043337E-09
    3.378965E-01     3     6   -4.023566E-10   8.817756E-11
    3.378965E-01     4     1   -9.914403E-13   1.715757E-12
    3.378965E-01     4     2   -1.022484E-05  -4.593787E-05
    3.378965E-01     4     3    2.337316E-11   7.938661E-11
    3.378965E-01     4     4    1.692507E-05   4.963873E-06
    3.378965E-01     4     5    4.639048E-12  -9.125960E-12
    3.378965E-01     4     6    2.980403E-12   3.983150E-12
    3.378965E-01     5     1   -4.751047E-06   1.291603E-05
    3.378965E-01     5     2   -6.351537E-12  -1.289250E-11
    3.378965E-01     5     3   -9.659368E-11   9.836949E-10
    3.378965E-01     5     4   -3.769535E-12  -9.305994E-12
    3.378965E-01     5     5    7.778672E-05   2.565648E-05
    3.378965E-01     5     6    5.027980E-12   9.182736E-12
    3.378965E-01     6     1    9.326887E-12   1.273087E-12
    3.378965E-01     6     2   -1.694560E-11  -8.605846E-11
    3.378965E-01     6     3   -2.265038E-10   5.047207E-11
    3.378965E-01     6     4    1.157683E-11   5.546813E-12
    3.378965E-01     6     5    4.065618E-12  -1.169608E-11
    3.378965E-01     6     6    3.697314E-05   2.963330E-05
    3.319273E-01     1     1    4.087562E-05   6.488811E-05
    3.319273E-01     1     2   -1.149177E-11   1.357976E-11
    3.319273E-01     1     3   -2.717172E-10  -8.411506E-11
    3.319273E-01     1     4   -9.820770E-13  -2.626884E-12
    3.319273E-01     1     5   -5.111566E-06   1.431509E-05
    3.319273E-01     1     6   -8.815102E-13  -7.328326E-12
    3.319273E-01     2     1    2.975219E-11   1.074518E-10
    3.319273E-01     2     2    7.785929E-04   6.075435E-04
    3.319273E-01     2     3   -5.609288E-10   1.240967E-09
    3.319273E-01     2     4   -4.697108E-06  -6.058254E-05
    3.319273E-01     2     5    1.592083E-10  -7.703642E-11
    3.319273E-01     2     6   -4.181194E-12  -1.287576E-10
    3.319273E-01     3     1   -2.658553E-10  -1.835505E-10
    3.319273E-01     3     2   -7.451224E-10   1.233538E-09
    3.319273E-01     3     3   -4.084121E-03   1.182386E-02
    3.319273E-01     3     4   -2.753202E-10   1.839504E-10
    3.319273E-01     3     5   -6.948568E-10   1.082209E-09
    3.319273E-01     3     6   -4.198522E-10   8.865437E-11
    3.319273E-01     4     1   -3.712033E-13   1.929195E-12
    3.319273E-01     4     2   -4.373388E-06  -4.435996E-05
    3.319273E-01     4     3    1.909095E-11   8.064249E-11
    3.319273E-01     4     4    1.735006E-05   4.669868E-06
    3.319273E-01     4     5    3.994335E-12  -9.762511E-12
    3.319273E-01     4     6    3.819330E-12   4.208093E-12
    3.319273E-01     5     1   -4.353102E-06   9.365259E-06
    3.319273E-01     5     2   -1.684031E-11  -5.926837E-12
    3.319273E-01     5     3   -8.169859E-11   1.014684E-09
    3.319273E-01     5     4   -4.344207E-12  -8.608778E-12
    3.319273E-01     5     5    6.397519E-05   2.639892E-05
    3.319273E-01     5     6    3.142164E-12   7.610749E-12
    3.319273E-01     6     1    1.133946E-11   1.981287E-12
    3.319273E-01     6     2   -1.976779E-11  -9.139042E-11
    3.319273E-01     6     3   -2.474462E-10   5.100647E-11
    3.319273E-01     6     4    1.229172E-11   4.255645E-12
    3.319273E-01     6     5    6.310854E-12  -1.172314E-11
    3.319273E-01     6     6    3.904652E-05   2.921189E-05
    3.261637E-01     1     1    4.137293E-05   6.044484E-05
    3.261637E-01     1     2   -5.048590E-12   5.407741E-12
    3.261637E-01     1     3   -2.512791E-10  -7.272530E-11
    3.261637E-01     1     4   -5.851146E-13  -2.205375E-12
    3.261637E-01     1     5   -5.763178E-06   9.076268E-06
    3.261637E-01     1     6    1.068409E-13  -7.484537E-12
    3.261637E-01     2     1    3.308879E-11   1.040032E-10
    3.261637E-01     2     2    8.360703E-04   6.018731E-04
    3.261637E-01     2     3   -4.750548E-10   1.179109E-09
    3.261637E-01     2     4    2.476416E-06  -5.841084E-05
    3.261637E-01     2     5    1.585278E-10  -7.229004E-11
    3.261637E-01     2     6    2.358549E-12  -1.195776E-10
    3.261637E-01     3     1   -2.508232E-10  -1.708131E-10
    3.261637E-01     3     2   -6.905062E-10   1.156893E-09
    3.261637E-01     3     3   -4.126425E-03   1.097734E-02
    3.261637E-01     3     4   -2.606459E-10   1.683659E-10
    3.261637E-01     3     5   -6.480194E-10   1.005696E-09
    3.261637E-01     3     6   -3.891064E-10   8.450407E-11
    3.261637E-01     4     1   -4.619731E-13   1.079176E-12
    3.261637E-01     4     2    6.962464E-07  -4.230729E-05
    3.261637E-01     4     3    1.060994E-11   7.440158E-11
    3.261637E-01     4     4    1.771792E-05   4.428818E-06
    3.261637E-01     4     5    2.742624E-12  -9.981694E-12
    3.261637E-01     4     6    3.586071E-12   3.784151E-12
    3.261637E-01     5     1   -4.563933E-06   5.436781E-06
    3.261637E-01     5     2   -2.449225E-11  -3.366240E-12
    3.261637E-01     5     3   -5.573979E-11   9.424020E-10
    3.261637E-01     5     4   -4.404488E-12  -7.285809E-12
    3.261637E-01     5     5    4.991063E-05   2.592066E-05
    3.261637E-01     5     6    1.927984E-12   5.080506E-12
    3.261637E-01     6     1    1.155867E-11   1.797323E-12
    3.261637E-01     6     2   -1.184721E-11  -8.091977E-11
    3.261637E-01     6     3   -2.320762E-10   4.556598E-11
    3.261637E-01     6     4    1.132889E-11   4.148101E-12
    3.261637E-01     6     5    8.021085E-12  -1.308798E-11
    3.261637E-01     6     6    4.146790E-05   2.874005E-05
    3.205985E-01     1     1    4.237214E-05   5.895492E-05
    3.205985E-01     1     2   -6.653796E-12  -2.255156E-12
    3.205985E-01     1     3   -2.052730E-10  -5.083531E-11
    3.205985E-01     1     4    3.289833E-13  -1.883845E-12
    3.205985E-01     1     5   -4.593821E-06   2.907812E-06
    3.205985E-01     1     6    1.120595E-12  -7.049530E-12
    3.205985E-01     2     1    3.148933E-11   8.268464E-11
    3.205985E-01     2     2    8.909652E-04   5.966833E-04
    3.205985E-01     2     3   -3.924760E-10   9.802468E-10
    3.205985E-01     2     4    9.060000E-06  -5.633235E-05
    3.205985E-01     2     5    1.332140E-10  -6.326106E-11
    3.205985E-01     2     6    7.381828E-12  -9.376424E-11
    3.205985E-01     3     1   -2.065122E-10  -1.384370E-10
    3.205985E-01     3     2   -5.743276E-10   9.110733E-10
    3.205985E-01     3     3   -3.527711E-03   8.905942E-03
    3.205985E-01     3     4   -2.056226E-10   1.348138E-10
    3.205985E-01     3     5   -5.218136E-10   8.165703E-10
    3.205985E-01     3     6   -3.119855E-10   7.153873E-11
    3.205985E-01     4     1   -4.203099E-13   2.090519E-13
    3.205985E-01     4     2    5.201619E-06  -4.030612E-05
    3.205985E-01     4     3    5.104192E-12   6.090924E-11
    3.205985E-01     4     4    1.803446E-05   4.187983E-06
    3.205985E-01     4     5    1.182573E-12  -8.641930E-12
    3.205985E-01     4     6    2.868852E-12   2.980940E-12
    3.205985E-01     5     1   -3.593003E-06   1.045806E-06
    3.205985E-01     5     2   -2.826964E-11   2.731925E-12
    3.205985E-01     5     3   -3.550764E-11   7.546873E-10
    3.205985E-01     5     4   -4.890432E-12  -5.429700E-12
    3.205985E-01     5     5    3.610293E-05   2.413600E-05
    3.205985E-01     5     6   -1.034928E-13   2.796583E-12
    3.205985E-01     6     1    9.322072E-12   6.843691E-13
    3.205985E-01     6     2   -1.010370E-11  -5.818419E-11
    3.205985E-01     6     3   -1.881724E-10   3.835829E-11
    3.205985E-01     6     4    9.161977E-12   2.242941E-12
    3.205985E-01     6     5    9.953417E-12  -1.185752E-11
    3.205985E-01     6     6    4.423060E-05   2.878196E-05
    3.152184E-01     1     1    4.306808E-05   5.834694E-05
    3.152184E-01     1     2   -2.909162E-12  -1.166651E-11
    3.152184E-01     1     3   -1.294136E-10  -1.839107E-11
    3.152184E-01     1     4    1.046511E-12  -8.402124E-13
    3.152184E-01     1     5   -2.061523E-06  -2.265295E-06
    3.152184E-01     1     6    1.353422E-12  -5.267911E-12
    3.152184E-01     2     1    2.114588E-11   5.225534E-11
    3.152184E-01     2     2    9.468613E-04   5.917904E-04
    3.152184E-01     2     3   -2.472625E-10   6.533704E-10
    3.152184E-01     2     4    1.542317E-05  -5.444435E-05
    3.152184E-01     2     5    9.242563E-11  -4.712323E-11
    3.152184E-01     2     6    1.000335E-11  -6.129780E-11
    3.152184E-01     3     1   -1.291931E-10  -8.995602E-11
    3.152184E-01     3     2   -3.697870E-10   5.254030E-10
    3.152184E-01     3     3   -2.236046E-03   5.676198E-03
    3.152184E-01     3     4   -1.208004E-10   8.285795E-11
    3.152184E-01     3     5   -3.217899E-10   5.085972E-10
    3.152184E-01     3     6   -1.887569E-10   3.923998E-11
    3.152184E-01     4     1   -1.166218E-13  -1.973043E-14
    3.152184E-01     4     2    9.396757E-06  -3.845554E-05
    3.152184E-01     4     3   -7.960350E-12   3.975581E-11
    3.152184E-01     4     4    1.832437E-05   3.932925E-06
    3.152184E-01     4     5    1.839750E-13  -5.151590E-12
    3.152184E-01     4     6    2.345421E-12   2.298238E-12
    3.152184E-01     5     1   -1.762371E-06  -2.607111E-06
    3.152184E-01     5     2   -3.231019E-11   7.570903E-12
    3.152184E-01     5     3   -9.833550E-12   4.619197E-10
    3.152184E-01     5     4   -3.531277E-12  -3.430170E-12
    3.152184E-01     5     5    2.450538E-05   2.079495E-05
    3.152184E-01     5     6   -2.106924E-12   7.897025E-13
    3.152184E-01     6     1    6.258356E-12   1.388972E-12
    3.152184E-01     6     2   -7.213671E-12  -3.786603E-11
    3.152184E-01     6     3   -1.269981E-10   2.465988E-11
    3.152184E-01     6     4    5.507243E-12   5.659717E-13
    3.152184E-01     6     5    9.929435E-12  -5.566808E-12
    3.152184E-01     6     6    4.653056E-05   2.933636E-05
    3.100174E-01     1     1    4.343072E-05   5.798643E-05
    3.100174E-01     1     2    2.313023E-12  -1.708427E-11
    3.100174E-01     1     3   -2.689445E-11   1.938863E-11
    3.100174E-01     1     4    1.708880E-12   5.265010E-13
    3.100174E-01     1     5    1.109056E-06  -5.524452E-06
    3.100174E-01     1     6    2.568315E-12  -5.185608E-12
    3.100174E-01     2     1   -2.597523E-13   1.725272E-11
    3.100174E-01     2     2    1.004271E-03   5.865933E-04
    3.100174E-01     2     3   -8.198967E-11   1.973941E-10
    3.100174E-01     2     4    2.171994E-05  -5.279267E-05
    3.100174E-01     2     5    2.935521E-11  -1.471458E-11
    3.100174E-01     2     6    1.073831E-11  -1.501768E-11
    3.100174E-01     3     1   -2.457848E-11  -2.349817E-11
    3.100174E-01     3     2   -4.630306E-11   4.624576E-11
    3.100174E-01     3     3   -1.717435E-04   1.346696E-03
    3.100174E-01     3     4   -1.775558E-11   1.901130E-11
    3.100174E-01     3     5   -5.041625E-11   1.081929E-10
    3.100174E-01     3     6   -1.938410E-11   3.288345E-12
    3.100174E-01     4     1   -3.760033E-14  -1.036738E-12
    3.100174E-01     4     2    1.342430E-05  -3.681949E-05
    3.100174E-01     4     3   -2.464235E-11   9.980354E-12
    3.100174E-01     4     4    1.860580E-05   3.659202E-06
    3.100174E-01     4     5   -8.778260E-13  -1.649751E-12
    3.100174E-01     4     6    1.332154E-12   7.001558E-13
    3.100174E-01     5     1    4.398018E-07  -4.967012E-06
    3.100174E-01     5     2   -2.070461E-11   9.744930E-12
    3.100174E-01     5     3    2.553908E-11   8.565933E-11
    3.100174E-01     5     4   -1.061632E-12  -6.074409E-13
    3.100174E-01     5     5    1.758725E-05   1.615808E-05
    3.100174E-01     5     6   -3.126110E-12   2.116207E-13
    3.100174E-01     6     1    3.323891E-13   3.148639E-12
    3.100174E-01     6     2   -4.454437E-12  -8.912760E-12
    3.100174E-01     6     3   -4.059756E-11  -2.898077E-12
    3.100174E-01     6     4    1.093703E-12  -3.297828E-13
    3.100174E-01     6     5    7.889301E-12   1.255558E-12
    3.100174E-01     6     6    4.844597E-05   2.953617E-05
    3.049838E-01     1     1    4.364587E-05   5.749543E-05
    3.049838E-01     1     2    2.918779E-12  -2.487519E-11
    3.049838E-01     1     3    1.043238E-10   6.818576E-11
    3.049838E-01     1     4    2.078090E-12   1.439035E-12
    3.049838E-01     1     5    3.829584E-06  -5.683781E-06
    3.049838E-01     1     6    3.344344E-12  -1.894937E-12
    3.049838E-01     2     1   -1.461361E-11  -3.164383E-11
    3.049838E-01     2     2    1.048748E-03   5.786113E-04
    3.049838E-01     2     3    1.459026E-10  -4.073378E-10
    3.049838E-01     2     4    2.692981E-05  -5.134769E-05
    3.049838E-01     2     5   -4.291551E-11   1.860472E-11
    3.049838E-01     2     6   -7.308713E-12   2.048738E-11
    3.049838E-01     3     1    9.597100E-11   7.101163E-11
    3.049838E-01     3     2    2.821436E-10  -5.935845E-10
    3.049838E-01     3     3    2.873261E-03  -4.017332E-03
    3.049838E-01     3     4    1.165977E-10  -7.257334E-11
    3.049838E-01     3     5    2.978271E-10  -3.862693E-10
    3.049838E-01     3     6    1.788341E-10  -4.916596E-11
    3.049838E-01     4     1    6.396967E-13  -1.812015E-12
    3.049838E-01     4     2    1.678732E-05  -3.537097E-05
    3.049838E-01     4     3   -4.012184E-11  -2.578792E-11
    3.049838E-01     4     4    1.884813E-05   3.381183E-06
    3.049838E-01     4     5   -7.129059E-13   3.548794E-12
    3.049838E-01     4     6   -1.401982E-12  -1.684177E-12
    3.049838E-01     5     1    2.363817E-06  -5.192005E-06
    3.049838E-01     5     2   -1.278634E-11   1.828805E-11
    3.049838E-01     5     3    8.507929E-11  -3.855550E-10
    3.049838E-01     5     4    1.332106E-13   2.709529E-12
    3.049838E-01     5     5    1.964239E-05   1.090655E-05
    3.049838E-01     5     6    2.739375E-12  -2.062351E-12
    3.049838E-01     6     1   -7.494268E-12   2.659491E-12
    3.049838E-01     6     2   -7.386264E-12   2.337339E-11
    3.049838E-01     6     3    9.167628E-11  -1.862330E-11
    3.049838E-01     6     4   -4.836695E-12  -2.206389E-12
    3.049838E-01     6     5    3.589420E-12   8.327442E-12
    3.049838E-01     6     6    5.046785E-05   2.941875E-05
    3.001125E-01     1     1    4.310917E-05   5.663431E-05
    3.001125E-01     1     2    6.302367E-12  -5.978381E-12
    3.001125E-01     1     3   -2.112087E-12   7.691591E-12
    3.001125E-01     1     4    2.799964E-12   7.747226E-13
    3.001125E-01     1     5    2.175452E-06   4.192057E-07
    3.001125E-01     1     6    2.754767E-12  -2.363673E-12
    3.001125E-01     2     1    1.179617E-11   2.558304E-11
    3.001125E-01     2     2    8.507138E-04   4.985232E-04
    3.001125E-01     2     3   -1.223531E-10   6.965765E-11
    3.001125E-01     2     4    1.279187E-05  -5.311680E-05
    3.001125E-01     2     5    2.211818E-12   1.210975E-11
    3.001125E-01     2     6    2.010020E-11   4.794663E-11
    3.001125E-01     3     1   -7.598324E-13   6.640554E-13
    3.001125E-01     3     2   -8.992809E-11  -1.835464E-10
    3.001125E-01     3     3    9.408371E-04   2.092562E-04
    3.001125E-01     3     4    7.629278E-12  -3.973956E-12
    3.001125E-01     3     5   -1.378387E-11  -3.827163E-12
    3.001125E-01     3     6    1.596607E-12  -7.732571E-12
    3.001125E-01     4     1    4.459411E-14  -1.343000E-12
    3.001125E-01     4     2    9.105045E-06  -3.578775E-05
    3.001125E-01     4     3   -3.012325E-11   6.412656E-12
    3.001125E-01     4     4    1.823535E-05   3.082711E-06
    3.001125E-01     4     5   -2.480865E-12  -8.321111E-14
    3.001125E-01     4     6    2.282241E-12   1.957809E-12
    3.001125E-01     5     1    1.182333E-06  -7.754818E-07
    3.001125E-01     5     2   -2.158424E-11  -5.346854E-12
    3.001125E-01     5     3   -2.716063E-11  -1.136649E-11
    3.001125E-01     5     4    1.641276E-13  -3.955959E-12
    3.001125E-01     5     5    4.722402E-05   1.027420E-05
    3.001125E-01     5     6    4.043341E-12   3.398359E-12
    3.001125E-01     6     1   -2.450716E-12   1.491626E-12
    3.001125E-01     6     2   -1.424656E-12   1.301798E-10
    3.001125E-01     6     3    6.370513E-14   6.438975E-12
    3.001125E-01     6     4    1.674166E-12   1.232841E-11
    3.001125E-01     6     5   -5.860593E-12   1.203543E-12
    3.001125E-01     6     6    4.877290E-05   2.805260E-05
    2.953930E-01     1     1    4.249762E-05   5.777094E-05
    2.953930E-01     1     2   -1.407787E-11  -9.773397E-12
    2.953930E-01     1     3   -9.218389E-12   2.133827E-12
    2.953930E-01     1     4    8.448252E-13   9.131126E-13
    2.953930E-01     1     5    4.605044E-06   1.099625E-07
    2.953930E-01     1     6    7.969542E-13  -7.736420E-13
    2.953930E-01     2     1    1.844261E-12  -6.806597E-12
    2.953930E-01     2     2    2.043428E-03   6.387563E-04
    2.953930E-01     2     3   -4.487832E-12   8.517932E-11
    2.953930E-01     2     4    1.079910E-04  -5.057522E-05
    2.953930E-01     2     5    1.096556E-11  -6.202061E-12
    2.953930E-01     2     6    3.985493E-12  -4.524851E-11
    2.953930E-01     3     1   -4.050009E-12   4.013227E-12
    2.953930E-01     3     2   -6.738038E-11  -1.045408E-10
    2.953930E-01     3     3    9.938476E-04   1.914133E-04
    2.953930E-01     3     4    2.564676E-12  -3.370647E-12
    2.953930E-01     3     5    8.076752E-12   4.961712E-12
    2.953930E-01     3     6   -1.146989E-11  -4.129668E-12
    2.953930E-01     4     1   -4.478436E-13  -1.723142E-12
    2.953930E-01     4     2    6.361814E-05  -3.383210E-05
    2.953930E-01     4     3   -2.256829E-11   1.136404E-11
    2.953930E-01     4     4    2.245503E-05   2.409422E-06
    2.953930E-01     4     5   -3.062151E-12  -3.634498E-13
    2.953930E-01     4     6    8.618215E-13  -1.067811E-14
    2.953930E-01     5     1    3.020915E-06  -1.087164E-06
    2.953930E-01     5     2   -1.709209E-11   1.960104E-11
    2.953930E-01     5     3    7.422794E-12   5.416020E-12
    2.953930E-01     5     4   -2.252448E-12  -1.137323E-12
    2.953930E-01     5     5    4.230894E-05   9.138476E-06
    2.953930E-01     5     6    4.626636E-12   3.001359E-13
    2.953930E-01     6     1   -2.284568E-12   1.871763E-12
    2.953930E-01     6     2   -7.117843E-11  -6.545134E-11
    2.953930E-01     6     3   -1.262314E-11   1.287374E-11
    2.953930E-01     6     4   -1.658614E-12   2.934056E-12
    2.953930E-01     6     5    5.437593E-12  -3.519289E-12
    2.953930E-01     6     6    9.958691E-05   3.472125E-05
    2.908209E-01     1     1    4.085240E-05   5.585401E-05
    2.908209E-01     1     2   -3.955536E-11  -1.235791E-11
    2.908209E-01     1     3   -2.338473E-12  -5.354976E-13
    2.908209E-01     1     4   -1.625154E-12   7.863372E-13
    2.908209E-01     1     5    3.171673E-06   3.825105E-06
    2.908209E-01     1     6    1.328610E-12  -1.534934E-12
    2.908209E-01     2     1   -2.452480E-11  -1.504422E-11
    2.908209E-01     2     2    2.429972E-03   8.214709E-04
    2.908209E-01     2     3    1.966599E-10  -8.824309E-11
    2.908209E-01     2     4    1.401096E-04  -3.750583E-05
    2.908209E-01     2     5    6.660089E-12  -2.211260E-11
    2.908209E-01     2     6   -9.491749E-11  -1.192564E-10
    2.908209E-01     3     1   -2.774354E-12  -4.640632E-13
    2.908209E-01     3     2   -9.155755E-11  -1.020388E-10
    2.908209E-01     3     3    1.012683E-03   1.761565E-04
    2.908209E-01     3     4    4.858197E-12  -7.053164E-12
    2.908209E-01     3     5    4.138800E-12   5.546207E-12
    2.908209E-01     3     6   -7.598965E-14  -1.363158E-11
    2.908209E-01     4     1   -1.266511E-12  -1.027676E-12
    2.908209E-01     4     2    8.228490E-05  -2.555052E-05
    2.908209E-01     4     3   -1.220611E-11   1.082632E-11
    2.908209E-01     4     4    2.391794E-05   2.552339E-06
    2.908209E-01     4     5   -2.079243E-12   1.525431E-13
    2.908209E-01     4     6   -4.220289E-12  -3.986307E-12
    2.908209E-01     5     1    2.105590E-06   1.406173E-06
    2.908209E-01     5     2   -2.801757E-12   3.736252E-12
    2.908209E-01     5     3    3.096302E-12   2.646156E-12
    2.908209E-01     5     4    1.671495E-12  -3.548238E-13
    2.908209E-01     5     5    4.616690E-05   7.712686E-06
    2.908209E-01     5     6    1.542746E-13  -1.133088E-12
    2.908209E-01     6     1    9.448121E-13  -3.763719E-12
    2.908209E-01     6     2    5.461777E-12  -2.034678E-10
    2.908209E-01     6     3   -1.766061E-11   8.766616E-12
    2.908209E-01     6     4   -1.648991E-12  -1.672786E-11
    2.908209E-01     6     5   -2.300362E-12  -3.470190E-12
    2.908209E-01     6     6    9.055587E-05   3.766268E-05
    2.863869E-01     1     1    4.060381E-05   5.807928E-05
    2.863869E-01     1     2   -3.882094E-11  -2.016329E-11
    2.863869E-01     1     3    7.692751E-13   1.793757E-12
    2.863869E-01     1     4   -1.902014E-12  -3.528744E-13
    2.863869E-01     1     5    3.275821E-06   3.490875E-06
    2.863869E-01     1     6   -1.720667E-12   6.930320E-13
    2.863869E-01     2     1   -3.444069E-11  -1.337704E-11
    2.863869E-01     2     2    2.393368E-03   9.151237E-04
    2.863869E-01     2     3    3.352340E-10  -1.585420E-10
    2.863869E-01     2     4    1.386011E-04  -2.719958E-05
    2.863869E-01     2     5    2.242540E-11  -3.078410E-11
    2.863869E-01     2     6   -1.079868E-10  -1.353868E-10
    2.863869E-01     3     1   -6.958414E-12   3.060568E-12
    2.863869E-01     3     2   -4.688042E-11  -6.419671E-11
    2.863869E-01     3     3    1.044101E-03   1.552916E-04
    2.863869E-01     3     4    5.723906E-12  -4.828558E-12
    2.863869E-01     3     5    1.363493E-12   1.063330E-11
    2.863869E-01     3     6    1.672360E-11  -1.669423E-11
    2.863869E-01     4     1   -6.263549E-13  -9.182199E-13
    2.863869E-01     4     2    8.186980E-05  -1.882310E-05
    2.863869E-01     4     3   -1.638866E-12   6.435752E-12
    2.863869E-01     4     4    2.390332E-05   2.776957E-06
    2.863869E-01     4     5   -9.758709E-14  -1.271298E-12
    2.863869E-01     4     6   -4.245127E-12  -5.822309E-12
    2.863869E-01     5     1    2.354466E-06   1.258607E-06
    2.863869E-01     5     2    9.513510E-12   1.349431E-11
    2.863869E-01     5     3   -7.740805E-12   5.623375E-12
    2.863869E-01     5     4    2.803444E-12   1.818090E-12
    2.863869E-01     5     5    4.654866E-05   7.444041E-06
    2.863869E-01     5     6    2.844774E-12   2.193329E-12
    2.863869E-01     6     1    1.509185E-12  -4.417719E-12
    2.863869E-01     6     2    8.062251E-11  -2.192339E-10
    2.863869E-01     6     3   -3.496858E-11   9.906230E-12
    2.863869E-01     6     4   -1.869856E-12  -2.745934E-11
    2.863869E-01     6     5   -1.227923E-11  -1.219949E-12
    2.863869E-01     6     6    6.202036E-05   3.943334E-05
    2.820861E-01     1     1    3.759505E-05   5.893245E-05
    2.820861E-01     1     2   -3.641035E-11  -6.045632E-12
    2.820861E-01     1     3    6.037108E-12  -2.367357E-12
    2.820861E-01     1     4   -1.989790E-12   5.339483E-15
    2.820861E-01     1     5    3.741859E-06   4.488823E-06
    2.820861E-01     1     6   -2.091938E-12   4.047809E-12
    2.820861E-01     2     1   -3.983010E-11  -7.098050E-12
    2.820861E-01     2     2    2.082259E-03   9.420667E-04
    2.820861E-01     2     3    4.390401E-10  -2.512151E-10
    2.820861E-01     2     4    1.152940E-04  -1.998225E-05
    2.820861E-01     2     5    3.079460E-11  -3.056240E-11
    2.820861E-01     2     6   -1.142873E-10  -1.287254E-10
    2.820861E-01     3     1   -4.251008E-12   2.447527E-12
    2.820861E-01     3     2   -2.549170E-11   1.390568E-11
    2.820861E-01     3     3    1.070489E-03   1.451083E-04
    2.820861E-01     3     4    1.061181E-11  -4.491454E-12
    2.820861E-01     3     5    3.618672E-12   9.355304E-12
    2.820861E-01     3     6    2.430197E-11  -2.039913E-11
    2.820861E-01     4     1   -3.150045E-13  -4.008943E-13
    2.820861E-01     4     2    6.875035E-05  -1.383267E-05
    2.820861E-01     4     3    6.544593E-12   7.520803E-12
    2.820861E-01     4     4    2.290429E-05   2.984331E-06
    2.820861E-01     4     5    5.188470E-13  -2.143414E-12
    2.820861E-01     4     6   -4.609394E-12  -6.337423E-12
    2.820861E-01     5     1    2.700074E-06   2.043700E-06
    2.820861E-01     5     2    2.208731E-11   2.536012E-11
    2.820861E-01     5     3   -2.312635E-12   7.090131E-12
    2.820861E-01     5     4    3.370836E-12   3.289246E-12
    2.820861E-01     5     5    4.740871E-05   6.413529E-06
    2.820861E-01     5     6    4.275039E-12   2.407618E-12
    2.820861E-01     6     1    1.519412E-12  -5.558909E-12
    2.820861E-01     6     2    1.295165E-10  -2.158751E-10
    2.820861E-01     6     3   -4.220136E-11   1.236213E-11
    2.820861E-01     6     4   -2.485755E-12  -3.351130E-11
    2.820861E-01     6     5   -1.753189E-11  -4.820708E-13
    2.820861E-01     6     6    3.066576E-05   3.982969E-05
    2.779138E-01     1     1    3.842318E-05   5.948024E-05
    2.779138E-01     1     2   -2.401495E-11  -5.314732E-12
    2.779138E-01     1     3    3.009778E-12   2.438447E-12
    2.779138E-01     1     4   -1.586276E-12  -3.113701E-13
    2.779138E-01     1     5    1.530261E-06   4.832114E-06
    2.779138E-01     1     6   -3.853315E-12   5.471859E-12
    2.779138E-01     2     1   -4.403444E-11  -5.654521E-13
    2.779138E-01     2     2    1.602821E-03   9.137078E-04
    2.779138E-01     2     3    4.902521E-10  -2.999551E-10
    2.779138E-01     2     4    7.851237E-05  -1.585851E-05
    2.779138E-01     2     5    4.075040E-11  -3.064397E-11
    2.779138E-01     2     6   -1.070082E-10  -1.161417E-10
    2.779138E-01     3     1   -2.204455E-13  -1.597213E-12
    2.779138E-01     3     2    1.827771E-11   6.539208E-11
    2.779138E-01     3     3    1.091899E-03   1.325338E-04
    2.779138E-01     3     4    7.521998E-12  -5.243485E-12
    2.779138E-01     3     5    1.946133E-12   7.930583E-12
    2.779138E-01     3     6    3.196377E-11  -1.781130E-11
    2.779138E-01     4     1   -6.185816E-13   2.074731E-13
    2.779138E-01     4     2    4.764749E-05  -1.070431E-05
    2.779138E-01     4     3    1.463250E-11   8.802860E-12
    2.779138E-01     4     4    2.127660E-05   3.122907E-06
    2.779138E-01     4     5    8.118430E-13  -2.285526E-12
    2.779138E-01     4     6   -4.477051E-12  -5.415979E-12
    2.779138E-01     5     1    1.493703E-06   2.460811E-06
    2.779138E-01     5     2    2.605745E-11   2.514621E-11
    2.779138E-01     5     3   -2.414861E-12   8.703211E-12
    2.779138E-01     5     4    3.370446E-12   4.159373E-12
    2.779138E-01     5     5    4.890221E-05   5.908224E-06
    2.779138E-01     5     6    5.567155E-12   5.079086E-12
    2.779138E-01     6     1    1.250739E-12  -5.134203E-12
    2.779138E-01     6     2    1.653072E-10  -1.938861E-10
    2.779138E-01     6     3   -4.758347E-11   1.303965E-11
    2.779138E-01     6     4   -2.830288E-12  -3.481364E-11
    2.779138E-01     6     5   -2.218884E-11   7.555165E-13
    2.779138E-01     6     6    4.092576E-07   3.900410E-05
    2.738619E-01     1     1    3.569488E-05   6.231633E-05
    2.738619E-01     1     2   -1.782537E-11  -6.851172E-12
    2.738619E-01     1     3    4.651457E-12   4.835985E-12
    2.738619E-01     1     4   -1.241545E-12  -3.569662E-13
    2.738619E-01     1     5    1.024950E-06   4.069356E-06
    2.738619E-01     1     6   -3.755707E-12   5.773971E-12
    2.738619E-01     2     1   -4.321140E-11   5.046561E-12
    2.738619E-01     2     2    1.019921E-03   8.438764E-04
    2.738619E-01     2     3    4.635517E-10  -2.877310E-10
    2.738619E-01     2     4    3.342376E-05  -1.434796E-05
    2.738619E-01     2     5    4.702152E-11  -3.347044E-11
    2.738619E-01     2     6   -9.454772E-11  -9.235250E-11
    2.738619E-01     3     1    2.155207E-12  -3.998694E-12
    2.738619E-01     3     2    4.489831E-11   1.059348E-10
    2.738619E-01     3     3    1.112257E-03   1.200009E-04
    2.738619E-01     3     4    1.379338E-11  -6.507516E-12
    2.738619E-01     3     5    7.525379E-12   5.285538E-12
    2.738619E-01     3     6    2.765910E-11  -8.161580E-12
    2.738619E-01     4     1   -5.819865E-13   7.773048E-13
    2.738619E-01     4     2    2.174455E-05  -9.235098E-06
    2.738619E-01     4     3    2.295173E-11   6.335321E-12
    2.738619E-01     4     4    1.927058E-05   3.176057E-06
    2.738619E-01     4     5    2.507693E-13  -2.117791E-12
    2.738619E-01     4     6   -3.202902E-12  -4.939621E-12
    2.738619E-01     5     1    1.171138E-06   2.305850E-06
    2.738619E-01     5     2    3.179158E-11   2.016160E-11
    2.738619E-01     5     3    5.357421E-13   3.889580E-12
    2.738619E-01     5     4    1.390842E-12   5.559067E-12
    2.738619E-01     5     5    4.972111E-05   5.524826E-06
    2.738619E-01     5     6    5.980361E-12   4.846750E-12
    2.738619E-01     6     1    2.159292E-12  -4.965844E-12
    2.738619E-01     6     2    1.718594E-10  -1.520374E-10
    2.738619E-01     6     3   -4.804719E-11   1.368095E-11
    2.738619E-01     6     4   -2.497850E-12  -3.367292E-11
    2.738619E-01     6     5   -2.105583E-11   2.076951E-12
    2.738619E-01     6     6   -2.598973E-05   3.685704E-05
    2.699276E-01     1     1    3.111719E-05   6.354091E-05
    2.699276E-01     1     2   -3.413680E-12  -3.024041E-12
    2.699276E-01     1     3    2.721020E-12   6.178735E-12
    2.699276E-01     1     4   -1.363017E-12  -2.643121E-13
    2.699276E-01     1     5    9.195360E-07   3.510933E-06
    2.699276E-01     1     6   -3.872479E-12   6.386491E-12
    2.699276E-01     2     1   -3.556568E-11   1.216676E-11
    2.699276E-01     2     2    3.976412E-04   7.350699E-04
    2.699276E-01     2     3    3.751061E-10  -2.404768E-10
    2.699276E-01     2     4   -1.491469E-05  -1.575557E-05
    2.699276E-01     2     5    4.851361E-11  -2.879886E-11
    2.699276E-01     2     6   -6.865599E-11  -6.328193E-11
    2.699276E-01     3     1    2.555974E-12  -3.781819E-12
    2.699276E-01     3     2    6.628669E-11   1.026124E-10
    2.699276E-01     3     3    1.130407E-03   1.104941E-04
    2.699276E-01     3     4    1.377988E-11  -4.159224E-12
    2.699276E-01     3     5    7.950800E-12   1.244800E-12
    2.699276E-01     3     6    1.890004E-11  -4.400891E-12
    2.699276E-01     4     1   -9.731179E-13   1.057976E-12
    2.699276E-01     4     2   -6.181707E-06  -9.510662E-06
    2.699276E-01     4     3    2.201581E-11   6.449835E-12
    2.699276E-01     4     4    1.709950E-05   3.112282E-06
    2.699276E-01     4     5    3.941530E-13  -1.677109E-12
    2.699276E-01     4     6   -1.272253E-12  -3.466236E-12
    2.699276E-01     5     1    9.316354E-07   2.266881E-06
    2.699276E-01     5     2    3.375138E-11   1.181519E-11
    2.699276E-01     5     3    9.721168E-12   3.190518E-12
    2.699276E-01     5     4    9.234296E-13   5.477196E-12
    2.699276E-01     5     5    5.046955E-05   5.072109E-06
    2.699276E-01     5     6    4.202659E-12   5.979315E-12
    2.699276E-01     6     1    1.861587E-12  -3.464495E-12
    2.699276E-01     6     2    1.636762E-10  -9.184796E-11
    2.699276E-01     6     3   -4.684094E-11   9.986539E-12
    2.699276E-01     6     4   -2.465743E-12  -2.835545E-11
    2.699276E-01     6     5   -2.024869E-11   1.956816E-12
    2.699276E-01     6     6   -4.577471E-05   3.335443E-05
    2.661036E-01     1     1    2.596775E-05   6.284036E-05
    2.661036E-01     1     2    8.604753E-12   4.467268E-12
    2.661036E-01     1     3    3.101831E-12   6.325873E-12
    2.661036E-01     1     4   -7.400297E-13   1.565111E-13
    2.661036E-01     1     5    1.074273E-06   3.044981E-06
    2.661036E-01     1     6   -1.862271E-12   4.646271E-12
    2.661036E-01     2     1   -2.463378E-11   1.772008E-11
    2.661036E-01     2     2   -1.909637E-04   5.956067E-04
    2.661036E-01     2     3    2.275345E-10  -1.971354E-10
    2.661036E-01     2     4   -6.081358E-05  -1.992681E-05
    2.661036E-01     2     5    3.677335E-11  -2.586749E-11
    2.661036E-01     2     6   -3.890606E-11  -1.729246E-11
    2.661036E-01     3     1    6.501455E-13  -3.075332E-12
    2.661036E-01     3     2    4.742873E-11   9.038191E-11
    2.661036E-01     3     3    1.145783E-03   1.010995E-04
    2.661036E-01     3     4    1.408779E-11  -1.482058E-12
    2.661036E-01     3     5    8.455309E-12  -1.310659E-12
    2.661036E-01     3     6    1.280666E-11  -1.312849E-12
    2.661036E-01     4     1   -9.598128E-13   9.599178E-13
    2.661036E-01     4     2   -3.277722E-05  -1.154340E-05
    2.661036E-01     4     3    1.913612E-11   5.063361E-12
    2.661036E-01     4     4    1.503046E-05   2.901967E-06
    2.661036E-01     4     5   -1.899641E-13  -1.224831E-12
    2.661036E-01     4     6    2.648978E-13  -2.064937E-12
    2.661036E-01     5     1    7.113636E-07   2.161832E-06
    2.661036E-01     5     2    3.485149E-11   2.485092E-12
    2.661036E-01     5     3    6.495094E-12   1.912589E-12
    2.661036E-01     5     4    9.391712E-13   4.512223E-12
    2.661036E-01     5     5    5.117052E-05   4.671464E-06
    2.661036E-01     5     6    3.754403E-12   6.844309E-12
    2.661036E-01     6     1    4.079204E-13  -1.075220E-12
    2.661036E-01     6     2    1.299789E-10  -1.549600E-11
    2.661036E-01     6     3   -3.336051E-11   9.702071E-12
    2.661036E-01     6     4   -1.535770E-12  -1.864245E-11
    2.661036E-01     6     5   -1.737931E-11   3.294921E-12
    2.661036E-01     6     6   -5.591609E-05   2.875897E-05
    2.623876E-01     1     1    2.161035E-05   6.016389E-05
    2.623876E-01     1     2    1.265315E-11   7.221696E-12
    2.623876E-01     1     3    3.094749E-12   5.774826E-12
    2.623876E-01     1     4    1.073224E-13  -2.802136E-14
    2.623876E-01     1     5    1.376478E-06   2.858927E-06
    2.623876E-01     1     6   -5.546851E-13   4.107639E-12
    2.623876E-01     2     1   -3.535347E-12   2.155879E-11
    2.623876E-01     2     2   -6.454194E-04   4.386362E-04
    2.623876E-01     2     3    7.027677E-11  -1.174875E-10
    2.623876E-01     2     4   -9.641776E-05  -2.661266E-05
    2.623876E-01     2     5    3.095632E-11  -1.445725E-11
    2.623876E-01     2     6   -1.146898E-11   1.807108E-11
    2.623876E-01     3     1    1.411191E-12  -8.197173E-13
    2.623876E-01     3     2    2.961736E-11   5.158884E-11
    2.623876E-01     3     3    1.158145E-03   9.196471E-05
    2.623876E-01     3     4    1.185911E-11   3.286231E-12
    2.623876E-01     3     5    6.359877E-12  -1.830898E-12
    2.623876E-01     3     6    3.334460E-12   4.403637E-12
    2.623876E-01     4     1   -3.301592E-14   7.648152E-13
    2.623876E-01     4     2   -5.350324E-05  -1.512396E-05
    2.623876E-01     4     3    1.413202E-11   5.699940E-12
    2.623876E-01     4     4    1.341693E-05   2.535517E-06
    2.623876E-01     4     5   -1.000722E-12   1.973925E-13
    2.623876E-01     4     6    1.571256E-12  -3.909016E-13
    2.623876E-01     5     1    5.709981E-07   2.052746E-06
    2.623876E-01     5     2    2.834118E-11  -1.327749E-11
    2.623876E-01     5     3    7.828864E-12   2.963078E-12
    2.623876E-01     5     4    1.027174E-12   3.485805E-12
    2.623876E-01     5     5    5.176378E-05   4.313916E-06
    2.623876E-01     5     6    2.433344E-12   5.693251E-12
    2.623876E-01     6     1   -1.177961E-12   1.410020E-12
    2.623876E-01     6     2    7.499762E-11   6.780731E-11
    2.623876E-01     6     3   -2.160315E-11   1.114105E-11
    2.623876E-01     6     4   -6.131179E-14  -5.595047E-12
    2.623876E-01     6     5   -1.052391E-11   4.824766E-12
    2.623876E-01     6     6   -5.259069E-05   2.398067E-05
    2.587728E-01     1     1    1.879935E-05   5.677069E-05
    2.587728E-01     1     2    1.770705E-11   9.371812E-12
    2.587728E-01     1     3   -1.902307E-11   1.415634E-14
    2.587728E-01     1     4    1.420033E-12   2.121778E-13
    2.587728E-01     1     5    1.748942E-06   3.067558E-06
    2.587728E-01     1     6   -1.302455E-12  -1.805520E-13
    2.587728E-01     2     1    1.747049E-11   2.941288E-11
    2.587728E-01     2     2   -7.720862E-04   2.945683E-04
    2.587728E-01     2     3   -1.591535E-10   8.390042E-12
    2.587728E-01     2     4   -1.065181E-04  -3.489768E-05
    2.587728E-01     2     5    1.075811E-11   3.604094E-13
    2.587728E-01     2     6    3.659310E-11   8.295879E-11
    2.587728E-01     3     1   -1.137937E-12   1.270595E-12
    2.587728E-01     3     2   -9.084207E-13   7.035479E-11
    2.587728E-01     3     3    1.144982E-03   8.245066E-05
    2.587728E-01     3     4    4.206834E-13   4.435086E-12
    2.587728E-01     3     5    5.963171E-12  -3.930759E-12
    2.587728E-01     3     6   -3.115182E-12   1.761229E-11
    2.587728E-01     4     1    2.535148E-13   4.765576E-13
    2.587728E-01     4     2   -5.964721E-05  -1.969748E-05
    2.587728E-01     4     3    8.326770E-12   9.667116E-12
    2.587728E-01     4     4    1.292871E-05   1.995381E-06
    2.587728E-01     4     5   -1.527645E-12   1.917767E-12
    2.587728E-01     4     6    4.523313E-12   3.209195E-12
    2.587728E-01     5     1    5.182076E-07   2.006587E-06
    2.587728E-01     5     2    1.364420E-11  -2.243831E-11
    2.587728E-01     5     3    6.035958E-12  -7.787543E-12
    2.587728E-01     5     4   -3.113088E-13   1.842425E-12
    2.587728E-01     5     5    5.172053E-05   3.893188E-06
    2.587728E-01     5     6   -1.099665E-12   1.610126E-12
    2.587728E-01     6     1   -9.144340E-14   3.628187E-12
    2.587728E-01     6     2    1.019297E-11   1.702759E-10
    2.587728E-01     6     3   -7.169598E-12   1.579426E-11
    2.587728E-01     6     4    1.908888E-12   1.073420E-11
    2.587728E-01     6     5   -2.434903E-12   1.659992E-12
    2.587728E-01     6     6   -3.030031E-05   2.019490E-05
    2.552574E-01     1     1    1.688844E-05   5.395261E-05
    2.552574E-01     1     2    1.136290E-11  -9.463027E-12
    2.552574E-01     1     3   -4.587204E-13   1.190943E-11
    2.552574E-01     1     4    8.624806E-13   6.075026E-13
    2.552574E-01     1     5    1.023911E-06   4.243759E-07
    2.552574E-01     1     6   -2.419465E-12   1.218100E-12
    2.552574E-01     2     1    1.267500E-11   7.309859E-13
    2.552574E-01     2     2    3.452173E-04   3.663198E-04
    2.552574E-01     2     3   -6.470730E-11   7.239772E-11
    2.552574E-01     2     4   -1.862416E-05  -3.634471E-05
    2.552574E-01     2     5    1.368898E-11  -4.712662E-12
    2.552574E-01     2     6    2.236067E-11  -1.714554E-13
    2.552574E-01     3     1   -2.453908E-13   6.297674E-12
    2.552574E-01     3     2   -5.569604E-11   3.412662E-11
    2.552574E-01     3     3    1.283398E-03   6.819992E-05
    2.552574E-01     3     4   -5.747568E-12   1.120976E-12
    2.552574E-01     3     5    1.556211E-11   1.149450E-14
    2.552574E-01     3     6   -2.978368E-11   1.012947E-11
    2.552574E-01     4     1   -1.803905E-13   2.511379E-14
    2.552574E-01     4     2   -9.873847E-06  -2.034761E-05
    2.552574E-01     4     3    5.127458E-12   5.164173E-12
    2.552574E-01     4     4    1.678871E-05   1.327675E-06
    2.552574E-01     4     5   -1.171792E-12   1.935449E-12
    2.552574E-01     4     6    1.824750E-12   1.119594E-12
    2.552574E-01     5     1   -9.539829E-08   2.056401E-06
    2.552574E-01     5     2   -4.086122E-12  -1.347001E-11
    2.552574E-01     5     3    2.092804E-11   1.189282E-12
    2.552574E-01     5     4   -5.646268E-13   6.904696E-13
    2.552574E-01     5     5    5.662385E-05   3.368558E-06
    2.552574E-01     5     6    1.674895E-13  -1.312623E-13
    2.552574E-01     6     1   -1.800677E-12   3.770141E-12
    2.552574E-01     6     2   -8.179111E-11  -2.055561E-11
    2.552574E-01     6     3    6.475299E-12  -1.126586E-11
    2.552574E-01     6     4   -1.971509E-13   5.706010E-12
    2.552574E-01     6     5    1.075813E-11   1.642001E-13
    2.552574E-01     6     6    2.976510E-05   2.280213E-05
    2.518351E-01     1     1    1.586764E-05   4.941925E-05
    2.518351E-01     1     2   -1.067830E-11  -1.939128E-11
    2.518351E-01     1     3    5.125101E-12  -1.496103E-11
    2.518351E-01     1     4   -6.620988E-15  -6.387920E-14
    2.518351E-01     1     5    1.719884E-06   3.063061E-06
    2.518351E-01     1     6   -1.025191E-12  -2.341177E-12
    2.518351E-01     2     1   -8.323590E-15  -4.583692E-14
    2.518351E-01     2     2    3.576264E-04   4.127043E-04
    2.518351E-01     2     3   -5.803280E-11   7.973715E-12
    2.518351E-01     2     4   -1.741829E-05  -3.100588E-05
    2.518351E-01     2     5   -2.215008E-12   3.381079E-12
    2.518351E-01     2     6   -2.190414E-11  -1.398488E-11
    2.518351E-01     3     1   -4.765541E-12   8.588067E-12
    2.518351E-01     3     2   -2.877871E-11  -3.830721E-11
    2.518351E-01     3     3    1.306684E-03   6.620334E-05
    2.518351E-01     3     4   -9.395111E-12   3.844577E-12
    2.518351E-01     3     5    2.631658E-11   4.374341E-12
    2.518351E-01     3     6   -2.980060E-11   7.482153E-12
    2.518351E-01     4     1    1.957903E-13   3.444911E-13
    2.518351E-01     4     2   -9.254930E-06  -1.678027E-05
    2.518351E-01     4     3    6.942721E-12  -1.856965E-12
    2.518351E-01     4     4    1.685037E-05   1.384470E-06
    2.518351E-01     4     5   -5.369203E-13   2.518527E-12
    2.518351E-01     4     6    7.173554E-13  -1.909966E-12
    2.518351E-01     5     1   -4.558368E-07   1.839853E-06
    2.518351E-01     5     2    3.516554E-11  -1.535330E-11
    2.518351E-01     5     3    2.553876E-11  -4.619411E-12
    2.518351E-01     5     4    1.568450E-12   1.639938E-12
    2.518351E-01     5     5    5.716093E-05   3.810313E-06
    2.518351E-01     5     6   -2.801492E-12  -1.539684E-12
    2.518351E-01     6     1   -5.354718E-13  -1.731601E-14
    2.518351E-01     6     2    2.240675E-12  -3.458259E-11
    2.518351E-01     6     3    4.834156E-12  -3.722290E-11
    2.518351E-01     6     4    1.270804E-12   9.708692E-14
    2.518351E-01     6     5    7.291097E-12   2.369556E-12
    2.518351E-01     6     6    2.077149E-05   2.097061E-05
    2.485044E-01     1     1    1.632112E-05   4.647123E-05
    2.485044E-01     1     2   -8.345930E-12   7.900572E-12
    2.485044E-01     1     3    4.845002E-12  -2.260592E-11
    2.485044E-01     1     4   -5.332637E-14  -4.970766E-13
    2.485044E-01     1     5    1.305935E-06   4.791767E-06
    2.485044E-01     1     6   -6.432531E-13  -5.524043E-12
    2.485044E-01     2     1    9.660357E-14   5.909817E-12
    2.485044E-01     2     2    4.169639E-04   4.041388E-04
    2.485044E-01     2     3   -3.904142E-11   3.846891E-11
    2.485044E-01     2     4   -1.300922E-05  -2.995567E-05
    2.485044E-01     2     5    8.761745E-12   1.022792E-11
    2.485044E-01     2     6    3.557289E-12  -6.757781E-12
    2.485044E-01     3     1   -1.080333E-11   1.113730E-11
    2.485044E-01     3     2    7.956327E-11  -4.873772E-11
    2.485044E-01     3     3    1.291495E-03   6.747612E-05
    2.485044E-01     3     4   -1.878962E-13   8.573749E-12
    2.485044E-01     3     5    2.919923E-11   1.407112E-11
    2.485044E-01     3     6   -7.711883E-12  -2.655487E-12
    2.485044E-01     4     1    1.377245E-12   8.757140E-15
    2.485044E-01     4     2   -6.838881E-06  -1.564438E-05
    2.485044E-01     4     3    6.885607E-12  -1.179972E-12
    2.485044E-01     4     4    1.704359E-05   1.268117E-06
    2.485044E-01     4     5    2.615636E-13   8.368784E-13
    2.485044E-01     4     6   -1.290286E-13  -1.693710E-12
    2.485044E-01     5     1   -6.370294E-07   1.417367E-06
    2.485044E-01     5     2    2.810428E-11   1.122739E-11
    2.485044E-01     5     3    2.316700E-11   5.399908E-12
    2.485044E-01     5     4    1.333716E-12   1.549396E-12
    2.485044E-01     5     5    5.615453E-05   4.303259E-06
    2.485044E-01     5     6   -2.539624E-12  -2.039378E-12
    2.485044E-01     6     1   -1.682469E-12   1.989461E-12
    2.485044E-01     6     2    1.261871E-11   2.934354E-12
    2.485044E-01     6     3   -1.120013E-11  -4.198904E-11
    2.485044E-01     6     4    7.337145E-13   2.057680E-12
    2.485044E-01     6     5    5.453780E-12   3.836964E-12
    2.485044E-01     6     6    1.953652E-05   2.030922E-05
    2.452597E-01     1     1    1.685164E-05   4.369952E-05
    2.452597E-01     1     2   -2.904668E-11   3.234092E-11
    2.452597E-01     1     3    6.318776E-12  -3.617779E-11
    2.452597E-01     1     4   -3.957162E-13  -4.986192E-13
    2.452597E-01     1     5    1.089830E-06   6.226459E-06
    2.452597E-01     1     6    2.323579E-12  -5.572459E-12
    2.452597E-01     2     1   -5.829961E-12   3.861577E-12
    2.452597E-01     2     2    4.731395E-04   3.980431E-04
    2.452597E-01     2     3   -3.082776E-11   3.783357E-11
    2.452597E-01     2     4   -8.959421E-06  -2.901903E-05
    2.452597E-01     2     5    1.018076E-11   1.221778E-11
    2.452597E-01     2     6    2.360914E-12  -1.529207E-11
    2.452597E-01     3     1   -6.580444E-12   1.187683E-11
    2.452597E-01     3     2    1.289544E-10  -3.567361E-11
    2.452597E-01     3     3    1.254255E-03   6.838981E-05
    2.452597E-01     3     4   -4.355601E-12   9.943598E-12
    2.452597E-01     3     5    3.122904E-11   1.695050E-11
    2.452597E-01     3     6    3.319891E-12   6.697742E-12
    2.452597E-01     4     1    1.711119E-12   8.912128E-14
    2.452597E-01     4     2   -5.009596E-06  -1.453188E-05
    2.452597E-01     4     3    3.440183E-12   1.078245E-12
    2.452597E-01     4     4    1.719406E-05   1.153971E-06
    2.452597E-01     4     5    9.664886E-13  -4.528673E-13
    2.452597E-01     4     6   -2.063533E-12  -2.575735E-12
    2.452597E-01     5     1   -4.978943E-07   1.005107E-06
    2.452597E-01     5     2    2.091794E-11   1.200405E-11
    2.452597E-01     5     3    2.434574E-11   1.501582E-11
    2.452597E-01     5     4    3.044376E-12   4.773496E-13
    2.452597E-01     5     5    5.427747E-05   4.623379E-06
    2.452597E-01     5     6   -2.466042E-12  -2.415272E-12
    2.452597E-01     6     1   -2.034261E-12   1.508920E-12
    2.452597E-01     6     2    1.357728E-11  -3.843405E-12
    2.452597E-01     6     3   -1.547117E-11  -4.432550E-11
    2.452597E-01     6     4    1.418124E-12   2.332364E-12
    2.452597E-01     6     5    4.800092E-12   3.423175E-12
    2.452597E-01     6     6    2.239232E-05   1.978512E-05
    2.420995E-01     1     1    1.862305E-05   4.202096E-05
    2.420995E-01     1     2   -2.552080E-11   3.327046E-11
    2.420995E-01     1     3    1.143486E-11  -3.054361E-11
    2.420995E-01     1     4   -1.066131E-12  -8.530410E-13
    2.420995E-01     1     5    4.220908E-07   7.440523E-06
    2.420995E-01     1     6    3.439492E-12  -9.872882E-12
    2.420995E-01     2     1   -9.155528E-12   1.867945E-13
    2.420995E-01     2     2    5.328269E-04   3.922120E-04
    2.420995E-01     2     3   -3.529911E-11   5.926034E-11
    2.420995E-01     2     4   -4.723070E-06  -2.813206E-05
    2.420995E-01     2     5    2.106354E-11   1.651980E-11
    2.420995E-01     2     6    1.322271E-12  -5.038732E-11
    2.420995E-01     3     1   -2.065399E-12   9.642647E-12
    2.420995E-01     3     2    2.272696E-10  -2.793448E-11
    2.420995E-01     3     3    1.204292E-03   6.812290E-05
    2.420995E-01     3     4   -1.044240E-11   1.205118E-11
    2.420995E-01     3     5    2.719674E-11   2.475961E-11
    2.420995E-01     3     6    4.572706E-12   1.296380E-11
    2.420995E-01     4     1    1.352730E-12   3.051644E-13
    2.420995E-01     4     2   -3.243421E-06  -1.356326E-05
    2.420995E-01     4     3   -6.718884E-12   1.849759E-12
    2.420995E-01     4     4    1.733995E-05   1.043026E-06
    2.420995E-01     4     5    1.381705E-12  -1.604447E-12
    2.420995E-01     4     6   -1.163366E-12  -2.189917E-12
    2.420995E-01     5     1   -2.897249E-07   7.293784E-07
    2.420995E-01     5     2    2.135083E-11   5.450891E-12
    2.420995E-01     5     3    1.804555E-11   2.626934E-11
    2.420995E-01     5     4    3.552605E-12   8.367153E-13
    2.420995E-01     5     5    5.200653E-05   4.667866E-06
    2.420995E-01     5     6   -5.167378E-12  -1.698719E-12
    2.420995E-01     6     1   -1.508143E-12   1.464446E-12
    2.420995E-01     6     2    7.969933E-12  -2.696281E-11
    2.420995E-01     6     3   -2.907088E-11  -4.474117E-11
    2.420995E-01     6     4    1.660846E-12   2.338716E-12
    2.420995E-01     6     5    3.083887E-12   1.944465E-12
    2.420995E-01     6     6    2.511682E-05   1.953595E-05
    2.390189E-01     1     1    2.009771E-05   4.180916E-05
    2.390189E-01     1     2   -2.258761E-11   3.153897E-11
    2.390189E-01     1     3    6.434347E-12  -2.722558E-11
    2.390189E-01     1     4   -1.194000E-12  -6.781023E-13
    2.390189E-01     1     5   -4.622896E-07   7.791526E-06
    2.390189E-01     1     6    4.566927E-12  -1.092184E-11
    2.390189E-01     2     1   -1.139582E-11  -4.329189E-12
    2.390189E-01     2     2    5.873819E-04   3.897680E-04
    2.390189E-01     2     3   -3.445781E-11   6.426711E-11
    2.390189E-01     2     4   -9.341011E-07  -2.698786E-05
    2.390189E-01     2     5    2.609867E-11   1.404898E-11
    2.390189E-01     2     6    1.099281E-11  -6.422431E-11
    2.390189E-01     3     1   -2.859955E-12   1.181961E-11
    2.390189E-01     3     2    2.548978E-10  -9.055668E-11
    2.390189E-01     3     3    1.148437E-03   6.616600E-05
    2.390189E-01     3     4   -3.158001E-12   1.212095E-11
    2.390189E-01     3     5    2.538830E-11   2.478696E-11
    2.390189E-01     3     6    4.701420E-12   1.916460E-11
    2.390189E-01     4     1    1.356745E-12   2.778284E-14
    2.390189E-01     4     2   -1.719069E-06  -1.247637E-05
    2.390189E-01     4     3   -1.014280E-11   2.421221E-12
    2.390189E-01     4     4    1.746804E-05   9.525116E-07
    2.390189E-01     4     5    5.439252E-13  -2.220128E-12
    2.390189E-01     4     6   -1.890739E-12  -2.462311E-12
    2.390189E-01     5     1   -2.918107E-08   4.566510E-07
    2.390189E-01     5     2    1.733038E-11   4.546267E-13
    2.390189E-01     5     3    1.332743E-11   3.147019E-11
    2.390189E-01     5     4    3.097295E-12   1.036493E-12
    2.390189E-01     5     5    4.970604E-05   4.487784E-06
    2.390189E-01     5     6   -5.653314E-12  -1.559680E-12
    2.390189E-01     6     1   -9.430114E-13   1.911815E-12
    2.390189E-01     6     2    1.796332E-11  -3.308143E-11
    2.390189E-01     6     3   -3.085231E-11  -4.007463E-11
    2.390189E-01     6     4    1.730401E-12   2.363285E-12
    2.390189E-01     6     5    2.578218E-12   1.916608E-12
    2.390189E-01     6     6    2.748229E-05   1.937807E-05
    2.360165E-01     1     1    2.062763E-05   4.281395E-05
    2.360165E-01     1     2   -4.997805E-12   4.209020E-11
    2.360165E-01     1     3    1.151444E-12  -1.950998E-11
    2.360165E-01     1     4   -1.676051E-12   5.011832E-14
    2.360165E-01     1     5   -1.318452E-06   7.078809E-06
    2.360165E-01     1     6    5.127966E-12  -8.094981E-12
    2.360165E-01     2     1   -8.414571E-12  -4.508887E-12
    2.360165E-01     2     2    6.371353E-04   3.852889E-04
    2.360165E-01     2     3   -6.803550E-11   4.528613E-11
    2.360165E-01     2     4    2.490653E-06  -2.599060E-05
    2.360165E-01     2     5    2.355932E-11   1.642879E-11
    2.360165E-01     2     6    1.341796E-11  -8.000676E-11
    2.360165E-01     3     1   -8.997109E-13   1.149556E-11
    2.360165E-01     3     2    2.163309E-10  -7.547321E-11
    2.360165E-01     3     3    1.093125E-03   6.211675E-05
    2.360165E-01     3     4   -5.490346E-12   1.460998E-11
    2.360165E-01     3     5    1.943814E-11   2.026322E-11
    2.360165E-01     3     6   -4.430346E-12   2.386637E-11
    2.360165E-01     4     1    1.131042E-12  -3.946831E-13
    2.360165E-01     4     2   -6.349774E-07  -1.149313E-05
    2.360165E-01     4     3   -1.296694E-11   5.402457E-12
    2.360165E-01     4     4    1.756555E-05   8.651921E-07
    2.360165E-01     4     5   -7.013665E-13  -2.305573E-12
    2.360165E-01     4     6   -1.583504E-12  -2.340760E-12
    2.360165E-01     5     1    2.815465E-07   2.134776E-07
    2.360165E-01     5     2    2.037068E-11  -7.643173E-12
    2.360165E-01     5     3    1.391998E-11   2.873760E-11
    2.360165E-01     5     4    2.641297E-12   1.447402E-12
    2.360165E-01     5     5    4.763592E-05   4.103533E-06
    2.360165E-01     5     6   -3.278937E-12  -2.209086E-12
    2.360165E-01     6     1   -9.655913E-13   1.268410E-12
    2.360165E-01     6     2    3.203004E-11  -5.187408E-11
    2.360165E-01     6     3   -3.340586E-11  -3.550361E-11
    2.360165E-01     6     4    1.814912E-12   1.417154E-12
    2.360165E-01     6     5    2.042717E-12   2.025752E-12
    2.360165E-01     6     6    2.958797E-05   1.915578E-05
    2.330878E-01     1     1    2.004870E-05   4.332959E-05
    2.330878E-01     1     2   -2.219037E-11   3.194455E-11
    2.330878E-01     1     3   -8.827145E-13  -1.358832E-11
    2.330878E-01     1     4   -2.062690E-12   5.820555E-14
    2.330878E-01     1     5   -1.356011E-06   5.650321E-06
    2.330878E-01     1     6    8.190452E-12  -9.193095E-12
    2.330878E-01     2     1   -9.065467E-12  -1.082656E-11
    2.330878E-01     2     2    6.738952E-04   3.792130E-04
    2.330878E-01     2     3   -6.032017E-11   4.325512E-11
    2.330878E-01     2     4    5.175683E-06  -2.505113E-05
    2.330878E-01     2     5    3.265317E-11   1.463176E-11
    2.330878E-01     2     6   -1.128602E-12  -7.147087E-11
    2.330878E-01     3     1    8.220647E-13   1.105059E-11
    2.330878E-01     3     2    2.085321E-10  -3.639697E-11
    2.330878E-01     3     3    1.045551E-03   5.599409E-05
    2.330878E-01     3     4   -2.246159E-12   1.073724E-11
    2.330878E-01     3     5    4.273301E-12   2.150816E-11
    2.330878E-01     3     6    3.312529E-12   2.860057E-11
    2.330878E-01     4     1    1.343077E-12  -3.705820E-13
    2.330878E-01     4     2    1.960190E-07  -1.066277E-05
    2.330878E-01     4     3   -1.548570E-11  -8.451119E-13
    2.330878E-01     4     4    1.765491E-05   7.755459E-07
    2.330878E-01     4     5   -3.980512E-13  -2.801144E-12
    2.330878E-01     4     6   -5.710446E-13  -2.565003E-12
    2.330878E-01     5     1    6.964591E-07   6.329866E-09
    2.330878E-01     5     2    1.214739E-12  -2.373733E-11
    2.330878E-01     5     3   -7.405101E-12   2.782964E-11
    2.330878E-01     5     4    2.407189E-12   6.929491E-13
    2.330878E-01     5     5    4.606882E-05   3.579648E-06
    2.330878E-01     5     6   -4.579366E-12  -3.988061E-12
    2.330878E-01     6     1   -9.396791E-14  -7.397894E-14
    2.330878E-01     6     2    2.428706E-11  -5.703553E-11
    2.330878E-01     6     3   -4.196288E-11  -3.450902E-11
    2.330878E-01     6     4    1.582490E-12   5.224181E-13
    2.330878E-01     6     5    3.145010E-12   1.766099E-12
    2.330878E-01     6     6    3.110442E-05   1.880535E-05
    2.302309E-01     1     1    1.887311E-05   4.357241E-05
    2.302309E-01     1     2   -3.796452E-11   1.030782E-11
    2.302309E-01     1     3   -2.219299E-12  -7.355969E-12
    2.302309E-01     1     4   -2.227497E-12  -8.844925E-13
    2.302309E-01     1     5   -7.983933E-07   3.881930E-06
    2.302309E-01     1     6    9.918469E-12  -6.047091E-12
    2.302309E-01     2     1   -2.476305E-11  -1.588017E-11
    2.302309E-01     2     2    5.266904E-04   3.979886E-04
    2.302309E-01     2     3   -1.004905E-10  -9.602831E-11
    2.302309E-01     2     4   -8.291002E-07  -2.297887E-05
    2.302309E-01     2     5    2.766269E-11   1.305492E-12
    2.302309E-01     2     6   -4.878949E-11  -2.008148E-10
    2.302309E-01     3     1    5.588244E-12   7.386526E-12
    2.302309E-01     3     2    2.264667E-10  -3.072230E-11
    2.302309E-01     3     3    1.015158E-03   4.764803E-05
    2.302309E-01     3     4   -6.452972E-13   9.509823E-12
    2.302309E-01     3     5   -2.196043E-12   1.950542E-11
    2.302309E-01     3     6   -1.222573E-12   1.985146E-11
    2.302309E-01     4     1    1.050276E-12  -5.110458E-13
    2.302309E-01     4     2   -9.880826E-07  -9.337223E-06
    2.302309E-01     4     3   -1.450604E-11  -5.297455E-12
    2.302309E-01     4     4    1.765861E-05   7.255208E-07
    2.302309E-01     4     5    3.445870E-13  -2.428526E-12
    2.302309E-01     4     6    9.987454E-13  -4.546473E-12
    2.302309E-01     5     1    1.128600E-06  -4.515396E-08
    2.302309E-01     5     2   -1.150727E-12  -2.304704E-11
    2.302309E-01     5     3   -1.166040E-11   1.962609E-11
    2.302309E-01     5     4    2.702523E-12   1.528404E-12
    2.302309E-01     5     5    4.533111E-05   2.906913E-06
    2.302309E-01     5     6   -9.438334E-12  -4.515075E-12
    2.302309E-01     6     1    8.621817E-14   2.828995E-13
    2.302309E-01     6     2    8.293110E-11  -2.894350E-10
    2.302309E-01     6     3   -3.502676E-11  -6.236425E-12
    2.302309E-01     6     4    8.615738E-12  -7.745732E-12
    2.302309E-01     6     5    2.099303E-12   5.967949E-13
    2.302309E-01     6     6    2.674416E-05   1.976244E-05
    2.274440E-01     1     1    1.736257E-05   4.358341E-05
    2.274440E-01     1     2   -1.242104E-11   6.822576E-12
    2.274440E-01     1     3   -1.524054E-11   3.961796E-12
    2.274440E-01     1     4   -1.460906E-14   1.295098E-12
    2.274440E-01     1     5   -1.025230E-07   1.871729E-06
    2.274440E-01     1     6    6.634108E-12  -3.036954E-12
    2.274440E-01     2     1   -1.293226E-11  -1.833115E-11
    2.274440E-01     2     2    1.370778E-03   3.900561E-04
    2.274440E-01     2     3   -4.664866E-11  -2.247536E-11
    2.274440E-01     2     4    4.006246E-05  -2.217254E-05
    2.274440E-01     2     5    9.737752E-12  -7.696174E-12
    2.274440E-01     2     6    3.785312E-12  -1.301553E-10
    2.274440E-01     3     1    3.545286E-12   3.598309E-12
    2.274440E-01     3     2    2.102150E-10  -2.030921E-11
    2.274440E-01     3     3    1.020814E-03   3.716382E-05
    2.274440E-01     3     4   -3.841961E-12   4.266158E-12
    2.274440E-01     3     5   -8.255400E-13   7.386421E-12
    2.274440E-01     3     6    1.561143E-11   4.118101E-11
    2.274440E-01     4     1    9.551565E-13  -4.225874E-13
    2.274440E-01     4     2    8.116856E-06  -9.890083E-06
    2.274440E-01     4     3   -1.311162E-11   2.738061E-12
    2.274440E-01     4     4    1.815061E-05   6.135396E-07
    2.274440E-01     4     5   -5.486296E-13  -8.157891E-13
    2.274440E-01     4     6   -8.481959E-13  -2.805452E-12
    2.274440E-01     5     1    1.368010E-06   9.956040E-08
    2.274440E-01     5     2   -3.221161E-11  -6.226241E-11
    2.274440E-01     5     3   -5.315122E-12   1.203753E-11
    2.274440E-01     5     4    9.470845E-14  -4.111750E-14
    2.274440E-01     5     5    4.610429E-05   2.088810E-06
    2.274440E-01     5     6   -9.767576E-12  -5.915475E-12
    2.274440E-01     6     1    9.628397E-14   3.894310E-13
    2.274440E-01     6     2   -5.679306E-11  -1.145670E-10
    2.274440E-01     6     3   -2.951386E-11   1.775419E-11
    2.274440E-01     6     4   -2.428408E-13  -2.378373E-12
    2.274440E-01     6     5   -5.094843E-12   3.355292E-12
    2.274440E-01     6     6    5.994318E-05   1.666278E-05
    2.247229E-01     1     1    1.541235E-05   4.327374E-05
    2.247229E-01     1     2    1.112460E-11  -1.278362E-11
    2.247229E-01     1     3    4.703128E-12   4.565503E-12
    2.247229E-01     1     4    1.831445E-12   2.130384E-12
    2.247229E-01     1     5    1.039619E-07  -1.238487E-06
    2.247229E-01     1     6   -3.829651E-13  -3.312252E-12
    2.247229E-01     2     1    1.096562E-12  -2.120561E-11
    2.247229E-01     2     2    1.579309E-03   3.324322E-04
    2.247229E-01     2     3   -4.300373E-11   6.424237E-11
    2.247229E-01     2     4    5.074635E-05  -2.320870E-05
    2.247229E-01     2     5    4.923375E-12   1.430317E-11
    2.247229E-01     2     6    8.918312E-11   6.896241E-11
    2.247229E-01     3     1    2.133096E-12   2.501931E-12
    2.247229E-01     3     2    2.302334E-10  -1.006576E-10
    2.247229E-01     3     3    1.152643E-03   2.642809E-05
    2.247229E-01     3     4    2.337655E-12   3.231686E-12
    2.247229E-01     3     5    1.263744E-12  -9.356769E-13
    2.247229E-01     3     6   -2.007462E-11   3.694419E-11
    2.247229E-01     4     1    1.163655E-12  -2.898071E-13
    2.247229E-01     4     2    1.048195E-05  -9.914295E-06
    2.247229E-01     4     3   -7.420238E-12  -5.446106E-13
    2.247229E-01     4     4    1.831294E-05   5.531787E-07
    2.247229E-01     4     5   -9.567474E-13  -5.431106E-14
    2.247229E-01     4     6    1.923991E-12  -4.706801E-13
    2.247229E-01     5     1    9.972379E-07   2.994936E-07
    2.247229E-01     5     2   -1.471098E-11  -7.506283E-11
    2.247229E-01     5     3    5.316342E-12  -5.274320E-12
    2.247229E-01     5     4    7.988089E-13   7.129487E-15
    2.247229E-01     5     5    5.093714E-05   1.414382E-06
    2.247229E-01     5     6   -8.851867E-12   4.047501E-12
    2.247229E-01     6     1   -4.484742E-13  -2.750607E-12
    2.247229E-01     6     2   -1.038667E-11   1.381907E-10
    2.247229E-01     6     3   -2.165413E-11  -1.432217E-11
    2.247229E-01     6     4    3.237490E-13   1.013236E-11
    2.247229E-01     6     5    6.686464E-12   5.555261E-12
    2.247229E-01     6     6    6.511845E-05   1.504650E-05
    2.220670E-01     1     1    1.348879E-05   4.117003E-05
    2.220670E-01     1     2   -6.653538E-12  -2.774785E-11
    2.220670E-01     1     3    3.193734E-12  -1.676083E-11
    2.220670E-01     1     4    2.490658E-12   1.095751E-12
    2.220670E-01     1     5    2.024626E-06   4.389253E-07
    2.220670E-01     1     6   -4.574153E-12  -7.981771E-12
    2.220670E-01     2     1    1.900839E-11  -1.567453E-11
    2.220670E-01     2     2    1.539984E-03   2.703177E-04
    2.220670E-01     2     3   -5.417318E-11   1.041934E-10
    2.220670E-01     2     4    4.944776E-05  -2.424584E-05
    2.220670E-01     2     5   -3.710543E-12   1.851400E-11
    2.220670E-01     2     6    1.265268E-10   2.336900E-10
    2.220670E-01     3     1   -8.069652E-12  -4.620914E-12
    2.220670E-01     3     2    2.753758E-10  -1.140401E-10
    2.220670E-01     3     3    1.139184E-03   2.731676E-05
    2.220670E-01     3     4    6.357286E-12  -8.259169E-13
    2.220670E-01     3     5    6.694441E-12  -7.597064E-12
    2.220670E-01     3     6   -4.653483E-11   3.255906E-11
    2.220670E-01     4     1    1.270820E-12  -3.770269E-13
    2.220670E-01     4     2    9.960769E-06  -9.549712E-06
    2.220670E-01     4     3    1.780507E-12  -4.001741E-12
    2.220670E-01     4     4    1.833009E-05   5.262845E-07
    2.220670E-01     4     5   -1.242166E-12   1.202496E-12
    2.220670E-01     4     6    6.476752E-12  -4.839581E-13
    2.220670E-01     5     1    9.437618E-07   2.262309E-07
    2.220670E-01     5     2    1.872234E-11  -5.247214E-11
    2.220670E-01     5     3    1.168274E-11  -2.637489E-11
    2.220670E-01     5     4   -2.987616E-13   2.309153E-12
    2.220670E-01     5     5    5.060850E-05   1.554974E-06
    2.220670E-01     5     6   -9.991014E-12   8.647330E-12
    2.220670E-01     6     1   -1.181440E-12  -3.107950E-12
    2.220670E-01     6     2    3.009783E-11   3.494902E-10
    2.220670E-01     6     3   -1.913506E-11  -2.080263E-11
    2.220670E-01     6     4   -1.465333E-12   1.983365E-11
    2.220670E-01     6     5    1.377224E-11   2.947761E-12
    2.220670E-01     6     6    6.066744E-05   1.410229E-05
    2.194723E-01     1     1    1.215741E-05   3.984412E-05
    2.194723E-01     1     2   -3.509004E-12  -1.709190E-11
    2.194723E-01     1     3    5.541503E-12  -1.367641E-11
    2.194723E-01     1     4    3.515694E-12   8.200579E-13
    2.194723E-01     1     5    2.723039E-06   3.941391E-07
    2.194723E-01     1     6   -7.650750E-12  -1.138796E-11
    2.194723E-01     2     1    2.677442E-11  -5.547694E-12
    2.194723E-01     2     2    1.351491E-03   2.177557E-04
    2.194723E-01     2     3   -4.222427E-11   1.322178E-10
    2.194723E-01     2     4    4.086191E-05  -2.481571E-05
    2.194723E-01     2     5   -9.280156E-12   2.203420E-11
    2.194723E-01     2     6    1.323665E-10   3.428311E-10
    2.194723E-01     3     1   -7.077730E-12  -4.576027E-12
    2.194723E-01     3     2    2.835488E-10  -1.008079E-10
    2.194723E-01     3     3    1.145960E-03   2.673761E-05
    2.194723E-01     3     4    1.213855E-11   3.297052E-12
    2.194723E-01     3     5    6.312961E-12  -1.130505E-11
    2.194723E-01     3     6   -4.541010E-11   7.794365E-12
    2.194723E-01     4     1    1.116343E-12  -6.043506E-14
    2.194723E-01     4     2    7.517345E-06  -9.126840E-06
    2.194723E-01     4     3    4.124783E-12   4.151945E-12
    2.194723E-01     4     4    1.824725E-05   5.180774E-07
    2.194723E-01     4     5   -3.662608E-13   6.260310E-13
    2.194723E-01     4     6    5.881668E-12   1.285770E-12
    2.194723E-01     5     1    9.104107E-07   8.837548E-08
    2.194723E-01     5     2    8.343334E-12  -3.140877E-11
    2.194723E-01     5     3    2.190525E-11  -2.744099E-11
    2.194723E-01     5     4    4.526738E-13   1.713657E-12
    2.194723E-01     5     5    5.091253E-05   1.533589E-06
    2.194723E-01     5     6   -1.080022E-11   1.146460E-11
    2.194723E-01     6     1   -2.870126E-12  -2.145336E-12
    2.194723E-01     6     2    3.150080E-11   4.804341E-10
    2.194723E-01     6     3   -1.604833E-11  -2.368772E-11
    2.194723E-01     6     4   -2.152457E-12   2.369211E-11
    2.194723E-01     6     5    1.637210E-11  -1.185472E-12
    2.194723E-01     6     6    5.070639E-05   1.343091E-05
    2.169383E-01     1     1    1.130084E-05   3.781785E-05
    2.169383E-01     1     2   -5.002385E-12  -1.765502E-11
    2.169383E-01     1     3    9.089879E-12  -1.624816E-11
    2.169383E-01     1     4    4.482904E-12   8.281325E-13
    2.169383E-01     1     5    3.458727E-06   1.155230E-06
    2.169383E-01     1     6   -1.306993E-11  -9.036152E-12
    2.169383E-01     2     1    3.304960E-11   6.839759E-12
    2.169383E-01     2     2    1.066395E-03   1.790765E-04
    2.169383E-01     2     3   -4.859797E-11   1.304921E-10
    2.169383E-01     2     4    2.753713E-05  -2.476844E-05
    2.169383E-01     2     5   -1.557993E-11   3.063531E-11
    2.169383E-01     2     6    1.365404E-10   3.954074E-10
    2.169383E-01     3     1   -4.971567E-12  -6.624046E-12
    2.169383E-01     3     2    2.701727E-10  -1.306221E-10
    2.169383E-01     3     3    1.153353E-03   3.045944E-05
    2.169383E-01     3     4    1.067905E-11   9.682111E-12
    2.169383E-01     3     5    1.248765E-12  -1.434613E-11
    2.169383E-01     3     6   -5.713426E-11   6.520357E-12
    2.169383E-01     4     1    1.413197E-12   5.919123E-13
    2.169383E-01     4     2    3.941333E-06  -8.923441E-06
    2.169383E-01     4     3    4.915904E-12   9.347362E-12
    2.169383E-01     4     4    1.809852E-05   5.160185E-07
    2.169383E-01     4     5    3.827709E-13   1.074390E-12
    2.169383E-01     4     6    7.268043E-12   1.750421E-12
    2.169383E-01     5     1    9.192738E-07   4.535950E-08
    2.169383E-01     5     2    2.183348E-11  -2.549758E-11
    2.169383E-01     5     3    2.102598E-11  -3.207538E-11
    2.169383E-01     5     4    2.679962E-12   2.211759E-12
    2.169383E-01     5     5    5.118271E-05   1.468878E-06
    2.169383E-01     5     6   -9.131911E-12   1.514954E-11
    2.169383E-01     6     1   -3.674298E-12  -2.989110E-12
    2.169383E-01     6     2    2.999762E-11   5.496595E-10
    2.169383E-01     6     3   -1.224550E-11  -2.938406E-11
    2.169383E-01     6     4   -3.400492E-12   2.599585E-11
    2.169383E-01     6     5    1.891418E-11  -3.215521E-12
    2.169383E-01     6     6    3.780457E-05   1.255500E-05
    2.144615E-01     1     1    1.112213E-05   3.609277E-05
    2.144615E-01     1     2    1.455561E-11  -1.300651E-11
    2.144615E-01     1     3    1.493744E-11  -8.609323E-12
    2.144615E-01     1     4    4.984389E-12   8.424043E-13
    2.144615E-01     1     5    3.581427E-06   1.983212E-06
    2.144615E-01     1     6   -1.560086E-11  -1.015637E-11
    2.144615E-01     2     1    3.790112E-11   1.115798E-11
    2.144615E-01     2     2    7.227015E-04   1.587722E-04
    2.144615E-01     2     3   -7.445833E-11   1.380881E-10
    2.144615E-01     2     4    1.124606E-05  -2.397350E-05
    2.144615E-01     2     5   -5.821636E-12   4.390425E-11
    2.144615E-01     2     6    1.200762E-10   3.966572E-10
    2.144615E-01     3     1   -1.248008E-12  -1.150767E-12
    2.144615E-01     3     2    1.881663E-10  -1.451893E-10
    2.144615E-01     3     3    1.155268E-03   3.538943E-05
    2.144615E-01     3     4    9.212345E-12   1.093428E-11
    2.144615E-01     3     5   -9.569926E-12  -8.145179E-12
    2.144615E-01     3     6   -7.372005E-11  -4.401132E-12
    2.144615E-01     4     1    6.089089E-13  -3.633270E-14
    2.144615E-01     4     2   -2.268804E-07  -9.239081E-06
    2.144615E-01     4     3    2.615221E-12   1.234175E-11
    2.144615E-01     4     4    1.791112E-05   5.096085E-07
    2.144615E-01     4     5    2.000982E-12   8.156792E-13
    2.144615E-01     4     6    8.193971E-12   2.433845E-12
    2.144615E-01     5     1    8.834041E-07  -3.977747E-08
    2.144615E-01     5     2    4.163730E-11  -1.721605E-11
    2.144615E-01     5     3    1.996226E-11  -2.448625E-11
    2.144615E-01     5     4    3.934816E-12   2.263872E-12
    2.144615E-01     5     5    5.147651E-05   1.420377E-06
    2.144615E-01     5     6   -8.799337E-12   1.871958E-11
    2.144615E-01     6     1   -3.904330E-12  -3.537067E-12
    2.144615E-01     6     2    2.927584E-11   5.438540E-10
    2.144615E-01     6     3   -1.477531E-11  -3.759381E-11
    2.144615E-01     6     4   -3.627761E-12   2.530234E-11
    2.144615E-01     6     5    2.096269E-11  -5.097378E-12
    2.144615E-01     6     6    2.394933E-05   1.226712E-05
    2.120413E-01     1     1    1.114355E-05   3.481241E-05
    2.120413E-01     1     2    3.491684E-11  -1.531137E-12
    2.120413E-01     1     3    5.126727E-12  -1.803846E-12
    2.120413E-01     1     4    5.133919E-12   1.046797E-12
    2.120413E-01     1     5    3.368789E-06   2.558571E-06
    2.120413E-01     1     6   -1.594122E-11  -6.584121E-12
    2.120413E-01     2     1    3.596695E-11   1.014728E-11
    2.120413E-01     2     2    3.459502E-04   1.572548E-04
    2.120413E-01     2     3   -8.544710E-11   1.126337E-10
    2.120413E-01     2     4   -6.442717E-06  -2.263348E-05
    2.120413E-01     2     5    2.984345E-12   4.697430E-11
    2.120413E-01     2     6    9.269951E-11   3.561904E-10
    2.120413E-01     3     1    4.865446E-13   4.929799E-12
    2.120413E-01     3     2    8.601684E-11  -1.798986E-10
    2.120413E-01     3     3    1.153472E-03   3.817673E-05
    2.120413E-01     3     4    1.255600E-11   1.129533E-11
    2.120413E-01     3     5   -1.392896E-11  -9.711644E-12
    2.120413E-01     3     6   -7.003850E-11  -2.201246E-11
    2.120413E-01     4     1    7.932865E-13  -4.571199E-13
    2.120413E-01     4     2   -2.039655E-06  -1.154533E-05
    2.120413E-01     4     3    6.868950E-12   1.455885E-11
    2.120413E-01     4     4    1.776319E-05   4.957666E-07
    2.120413E-01     4     5    2.576573E-12   1.613416E-12
    2.120413E-01     4     6    6.758220E-12   2.554805E-12
    2.120413E-01     5     1    8.963315E-07  -1.844890E-07
    2.120413E-01     5     2    5.198741E-11   4.966686E-13
    2.120413E-01     5     3    2.427957E-11  -1.694993E-11
    2.120413E-01     5     4    4.534541E-12   1.990684E-12
    2.120413E-01     5     5    5.178936E-05   1.482689E-06
    2.120413E-01     5     6   -4.134592E-12   1.905636E-11
    2.120413E-01     6     1   -3.761601E-12  -2.420810E-12
    2.120413E-01     6     2    4.309229E-11   4.768363E-10
    2.120413E-01     6     3   -9.662058E-12  -3.994217E-11
    2.120413E-01     6     4   -3.184675E-12   2.225140E-11
    2.120413E-01     6     5    2.082020E-11  -4.994731E-12
    2.120413E-01     6     6    1.026007E-05   1.247281E-05
    2.096743E-01     1     1    1.118289E-05   3.395799E-05
    2.096743E-01     1     2    4.934001E-11   1.779287E-11
    2.096743E-01     1     3    1.674402E-12   2.181919E-12
    2.096743E-01     1     4    4.135997E-12   1.344975E-12
    2.096743E-01     1     5    2.853426E-06   2.762896E-06
    2.096743E-01     1     6   -1.423987E-11  -2.521079E-12
    2.096743E-01     2     1    2.856408E-11   1.325066E-11
    2.096743E-01     2     2   -4.486475E-06   1.493935E-04
    2.096743E-01     2     3   -1.145410E-10   8.229807E-11
    2.096743E-01     2     4   -2.293572E-05  -2.099947E-05
    2.096743E-01     2     5    1.155851E-11   4.006951E-11
    2.096743E-01     2     6    4.445182E-11   2.645283E-10
    2.096743E-01     3     1    1.214528E-12   5.135277E-12
    2.096743E-01     3     2   -3.646268E-11  -1.059937E-10
    2.096743E-01     3     3    1.150731E-03   3.678212E-05
    2.096743E-01     3     4    1.210940E-11   1.114603E-11
    2.096743E-01     3     5   -1.546621E-11  -8.346384E-12
    2.096743E-01     3     6   -7.082369E-11  -2.927309E-11
    2.096743E-01     4     1    6.922180E-13  -1.730025E-14
    2.096743E-01     4     2   -2.181768E-06  -7.136102E-06
    2.096743E-01     4     3    1.028940E-11   1.422186E-11
    2.096743E-01     4     4    1.757564E-05   5.976827E-07
    2.096743E-01     4     5    2.774256E-12   1.367846E-12
    2.096743E-01     4     6    6.159587E-12   3.115096E-12
    2.096743E-01     5     1    9.750151E-07  -2.717577E-07
    2.096743E-01     5     2    6.203299E-11   1.619201E-11
    2.096743E-01     5     3    1.885460E-11  -1.368984E-11
    2.096743E-01     5     4    4.023695E-12   2.183541E-12
    2.096743E-01     5     5    5.188772E-05   1.721964E-06
    2.096743E-01     5     6    2.367586E-12   1.382636E-11
    2.096743E-01     6     1   -3.985269E-12  -2.165744E-12
    2.096743E-01     6     2    5.141783E-11   3.333260E-10
    2.096743E-01     6     3   -1.011220E-11  -4.033464E-11
    2.096743E-01     6     4   -1.659484E-12   1.556438E-11
    2.096743E-01     6     5    1.897569E-11  -6.017605E-12
    2.096743E-01     6     6   -1.690700E-06   1.299755E-05
    2.073604E-01     1     1    1.133608E-05   3.269840E-05
    2.073604E-01     1     2    1.181524E-11   1.159687E-11
    2.073604E-01     1     3    5.899863E-12   1.691423E-12
    2.073604E-01     1     4    2.122124E-12   6.210464E-13
    2.073604E-01     1     5    2.663747E-06   4.143217E-06
    2.073604E-01     1     6   -7.456201E-12   4.657374E-14
    2.073604E-01     2     1    1.355990E-11   5.655740E-12
    2.073604E-01     2     2   -2.627549E-04   1.635213E-04
    2.073604E-01     2     3   -1.099022E-10   2.998813E-11
    2.073604E-01     2     4   -3.548575E-05  -1.855131E-05
    2.073604E-01     2     5    8.563317E-12   3.970422E-11
    2.073604E-01     2     6   -1.907669E-11   1.264258E-10
    2.073604E-01     3     1    3.498236E-12   1.453220E-11
    2.073604E-01     3     2   -7.527585E-11   6.998202E-12
    2.073604E-01     3     3    1.153912E-03   2.878087E-05
    2.073604E-01     3     4    8.000333E-12   7.553232E-12
    2.073604E-01     3     5   -2.458393E-11   8.710663E-12
    2.073604E-01     3     6   -3.369273E-11  -3.571199E-11
    2.073604E-01     4     1   -8.396731E-14   5.051918E-14
    2.073604E-01     4     2   -5.014104E-06  -2.072549E-06
    2.073604E-01     4     3    7.063190E-12   8.990568E-12
    2.073604E-01     4     4    1.736485E-05   6.587215E-07
    2.073604E-01     4     5    3.498285E-12   1.805537E-13
    2.073604E-01     4     6    3.177469E-12   2.249837E-12
    2.073604E-01     5     1    1.084254E-06  -3.698196E-07
    2.073604E-01     5     2    3.693912E-11   2.590239E-11
    2.073604E-01     5     3   -1.356994E-12  -1.872405E-12
    2.073604E-01     5     4    3.420355E-12   9.153312E-13
    2.073604E-01     5     5    5.236132E-05   1.659331E-06
    2.073604E-01     5     6    4.018721E-12   7.538171E-12
    2.073604E-01     6     1   -3.431732E-12  -2.535002E-12
    2.073604E-01     6     2    5.133922E-11   1.229097E-10
    2.073604E-01     6     3   -1.089389E-11  -2.183342E-11
    2.073604E-01     6     4    6.869288E-13   5.957910E-12
    2.073604E-01     6     5    1.439866E-11  -6.103261E-12
    2.073604E-01     6     6   -9.537689E-06   1.358523E-05
    2.050963E-01     1     1    1.136168E-05   3.199072E-05
    2.050963E-01     1     2   -6.726650E-12   5.037568E-12
    2.050963E-01     1     3    8.532248E-12  -2.228446E-12
    2.050963E-01     1     4    6.621724E-13   2.954413E-13
    2.050963E-01     1     5    2.191458E-06   4.578674E-06
    2.050963E-01     1     6   -2.519748E-12   5.163149E-12
    2.050963E-01     2     1   -3.802374E-12  -5.263812E-12
    2.050963E-01     2     2   -3.167815E-04   2.034350E-04
    2.050963E-01     2     3   -9.412652E-11  -1.042930E-10
    2.050963E-01     2     4   -3.844257E-05  -1.523409E-05
    2.050963E-01     2     5   -7.213513E-13   3.101251E-11
    2.050963E-01     2     6   -7.522129E-11  -7.579189E-11
    2.050963E-01     3     1    4.453219E-12   1.954421E-11
    2.050963E-01     3     2   -1.346163E-10   7.249029E-12
    2.050963E-01     3     3    1.137951E-03   2.438379E-05
    2.050963E-01     3     4    4.222142E-12   4.950884E-12
    2.050963E-01     3     5   -2.702679E-11   1.030203E-12
    2.050963E-01     3     6   -2.831601E-11  -4.016961E-11
    2.050963E-01     4     1   -4.686075E-13  -7.165841E-13
    2.050963E-01     4     2   -7.667413E-06   1.605882E-06
    2.050963E-01     4     3    4.413775E-12   8.960778E-12
    2.050963E-01     4     4    1.723898E-05   6.657598E-07
    2.050963E-01     4     5    3.171393E-12  -1.215888E-12
    2.050963E-01     4     6    2.502786E-12   1.043457E-12
    2.050963E-01     5     1    1.144542E-06  -3.790572E-07
    2.050963E-01     5     2    1.875860E-11   4.709667E-11
    2.050963E-01     5     3   -7.138803E-12   6.272291E-12
    2.050963E-01     5     4    3.278582E-12   6.907702E-14
    2.050963E-01     5     5    5.221969E-05   1.565567E-06
    2.050963E-01     5     6    6.215960E-12   4.549533E-12
    2.050963E-01     6     1   -2.969889E-12  -8.004253E-13
    2.050963E-01     6     2    6.458164E-11  -1.603653E-10
    2.050963E-01     6     3    6.298975E-12   2.916339E-12
    2.050963E-01     6     4    5.429344E-12  -6.133575E-12
    2.050963E-01     6     5    6.484338E-12  -5.191451E-12
    2.050963E-01     6     6   -8.141453E-06   1.413772E-05
    2.028817E-01     1     1    1.105790E-05   3.134958E-05
    2.028817E-01     1     2    2.447771E-12   1.661963E-11
    2.028817E-01     1     3    7.089965E-12  -4.429350E-12
    2.028817E-01     1     4    6.209961E-13   1.787569E-12
    2.028817E-01     1     5    1.706371E-06   4.303835E-06
    2.028817E-01     1     6   -6.748615E-13   8.813755E-12
    2.028817E-01     2     1    8.958827E-12  -1.184904E-11
    2.028817E-01     2     2    4.808757E-04   2.108101E-04
    2.028817E-01     2     3   -1.029510E-11  -2.480347E-11
    2.028817E-01     2     4   -1.143162E-06  -1.366997E-05
    2.028817E-01     2     5   -4.023416E-12   3.104444E-11
    2.028817E-01     2     6   -1.777053E-11  -5.846635E-11
    2.028817E-01     3     1    3.142157E-12   2.045129E-11
    2.028817E-01     3     2   -1.489187E-10  -8.030909E-12
    2.028817E-01     3     3    1.113951E-03   2.168637E-05
    2.028817E-01     3     4   -9.951227E-13   4.844010E-12
    2.028817E-01     3     5   -2.836501E-11  -3.783636E-12
    2.028817E-01     3     6   -6.093151E-12  -1.000555E-11
    2.028817E-01     4     1   -3.962487E-13  -1.698680E-12
    2.028817E-01     4     2   -2.307603E-06   1.950448E-06
    2.028817E-01     4     3    2.727644E-12   1.594916E-11
    2.028817E-01     4     4    1.754229E-05   5.536110E-07
    2.028817E-01     4     5    1.631004E-12  -1.461895E-12
    2.028817E-01     4     6   -6.955972E-13   3.256180E-12
    2.028817E-01     5     1    1.184723E-06  -4.012752E-07
    2.028817E-01     5     2   -1.319752E-11   1.965100E-11
    2.028817E-01     5     3   -5.712678E-12   1.653868E-11
    2.028817E-01     5     4    1.445026E-12  -1.530251E-12
    2.028817E-01     5     5    5.195176E-05   1.420597E-06
    2.028817E-01     5     6    7.129470E-12   2.448067E-12
    2.028817E-01     6     1   -4.185387E-13  -9.565683E-13
    2.028817E-01     6     2   -6.389819E-11  -4.086268E-11
    2.028817E-01     6     3    8.532135E-12   1.370543E-11
    2.028817E-01     6     4   -3.171013E-12  -3.187062E-12
    2.028817E-01     6     5   -1.019969E-12   1.598029E-13
    2.028817E-01     6     6    2.436992E-05   1.177736E-05
    2.007138E-01     1     1    1.055625E-05   3.050873E-05
    2.007138E-01     1     2   -8.907451E-12   1.161896E-12
    2.007138E-01     1     3    6.350696E-12  -1.112403E-11
    2.007138E-01     1     4   -2.583467E-13   7.203267E-13
    2.007138E-01     1     5    1.590692E-06   3.482504E-06
    2.007138E-01     1     6   -1.485544E-12   7.036732E-12
    2.007138E-01     2     1    6.670975E-12  -2.062362E-11
    2.007138E-01     2     2    4.318118E-04   1.894889E-04
    2.007138E-01     2     3    2.048053E-13  -1.389392E-11
    2.007138E-01     2     4   -3.871758E-06  -1.311648E-05
    2.007138E-01     2     5    4.254114E-12   3.988291E-11
    2.007138E-01     2     6    2.774304E-11  -1.433582E-12
    2.007138E-01     3     1    8.827713E-12   3.839781E-12
    2.007138E-01     3     2   -8.009313E-11  -4.777222E-12
    2.007138E-01     3     3    1.092572E-03   1.653919E-05
    2.007138E-01     3     4   -3.503390E-12   3.034173E-12
    2.007138E-01     3     5   -2.069271E-11  -6.559994E-12
    2.007138E-01     3     6   -9.278891E-12  -5.987021E-12
    2.007138E-01     4     1   -1.281878E-12  -8.249979E-13
    2.007138E-01     4     2   -5.680096E-06   1.788755E-06
    2.007138E-01     4     3    3.944734E-12   8.789400E-12
    2.007138E-01     4     4    1.744100E-05   4.992897E-07
    2.007138E-01     4     5    1.012076E-12  -1.524362E-12
    2.007138E-01     4     6    2.518937E-12   2.560001E-12
    2.007138E-01     5     1    1.256257E-06  -4.901904E-07
    2.007138E-01     5     2    1.669389E-12   1.576650E-11
    2.007138E-01     5     3   -1.048592E-11   4.862322E-12
    2.007138E-01     5     4    1.607929E-12  -1.268274E-12
    2.007138E-01     5     5    5.170718E-05   1.376569E-06
    2.007138E-01     5     6    5.404189E-12   4.409290E-12
    2.007138E-01     6     1    1.273638E-12  -3.131065E-12
    2.007138E-01     6     2    4.144823E-11   2.394152E-11
    2.007138E-01     6     3    1.288338E-11   8.848945E-12
    2.007138E-01     6     4    9.970333E-13   8.489368E-13
    2.007138E-01     6     5    8.084666E-12   1.690096E-12
    2.007138E-01     6     6    2.122663E-05   1.169815E-05
    1.985918E-01     1     1    1.024770E-05   2.956278E-05
    1.985918E-01     1     2   -2.887336E-11  -2.529893E-11
    1.985918E-01     1     3    3.736072E-12  -8.078113E-12
    1.985918E-01     1     4   -1.189616E-12  -1.559840E-13
    1.985918E-01     1     5    1.854224E-06   2.821001E-06
    1.985918E-01     1     6   -1.089272E-12   6.739983E-12
    1.985918E-01     2     1    8.426840E-12  -9.855385E-12
    1.985918E-01     2     2    4.748768E-04   1.843039E-04
    1.985918E-01     2     3    6.179225E-11  -3.624107E-11
    1.985918E-01     2     4   -2.528939E-06  -1.153548E-05
    1.985918E-01     2     5   -4.944311E-12   3.317693E-11
    1.985918E-01     2     6    2.323826E-11   9.178881E-12
    1.985918E-01     3     1   -3.017820E-12   2.240564E-12
    1.985918E-01     3     2   -1.168379E-10  -5.523764E-11
    1.985918E-01     3     3    1.078497E-03   8.826352E-06
    1.985918E-01     3     4   -7.746734E-12  -5.400316E-12
    1.985918E-01     3     5   -1.330874E-11  -1.170522E-11
    1.985918E-01     3     6   -1.711524E-11  -2.392551E-11
    1.985918E-01     4     1   -9.420441E-13  -1.903267E-12
    1.985918E-01     4     2   -8.180176E-06   7.118044E-07
    1.985918E-01     4     3    4.665701E-12   2.262853E-12
    1.985918E-01     4     4    1.731895E-05   4.409764E-07
    1.985918E-01     4     5    6.904888E-13  -1.194596E-12
    1.985918E-01     4     6    3.006896E-12   3.626628E-12
    1.985918E-01     5     1    1.409348E-06  -4.378598E-07
    1.985918E-01     5     2    7.385239E-12   2.942646E-11
    1.985918E-01     5     3   -1.570602E-11   6.082348E-12
    1.985918E-01     5     4    9.250771E-13  -5.695962E-13
    1.985918E-01     5     5    5.126587E-05   1.360508E-06
    1.985918E-01     5     6    5.391137E-12   2.939803E-12
    1.985918E-01     6     1    1.401129E-12  -5.620195E-13
    1.985918E-01     6     2    3.280117E-11   2.226213E-11
    1.985918E-01     6     3    1.719717E-11   1.301687E-11
    1.985918E-01     6     4    9.627204E-13  -2.431478E-14
    1.985918E-01     6     5    4.479823E-12   9.691468E-13
    1.985918E-01     6     6    2.253107E-05   1.143987E-05
    1.965147E-01     1     1    9.954149E-06   2.868148E-05
    1.965147E-01     1     2   -2.765490E-11  -3.359366E-11
    1.965147E-01     1     3    3.766542E-12  -1.143584E-11
    1.965147E-01     1     4   -8.733111E-13  -4.028763E-13
    1.965147E-01     1     5    2.072303E-06   2.353744E-06
    1.965147E-01     1     6   -2.794854E-12   5.769965E-12
    1.965147E-01     2     1    1.522679E-12  -1.588848E-12
    1.965147E-01     2     2    5.249867E-04   1.961243E-04
    1.965147E-01     2     3    3.707761E-11  -5.361251E-11
    1.965147E-01     2     4   -1.334685E-06  -9.228925E-06
    1.965147E-01     2     5   -6.223946E-12   3.219930E-11
    1.965147E-01     2     6    2.387845E-11   1.217329E-11
    1.965147E-01     3     1   -1.128041E-11   5.987585E-12
    1.965147E-01     3     2   -1.630754E-10  -8.695401E-11
    1.965147E-01     3     3    1.075328E-03   1.947284E-06
    1.965147E-01     3     4   -1.144833E-11   2.152987E-14
    1.965147E-01     3     5   -1.645264E-11  -1.769935E-11
    1.965147E-01     3     6   -2.023823E-11  -2.559836E-11
    1.965147E-01     4     1   -2.656578E-13  -2.758527E-12
    1.965147E-01     4     2   -1.024055E-05  -1.454384E-06
    1.965147E-01     4     3    3.083095E-12   4.706286E-12
    1.965147E-01     4     4    1.716082E-05   2.652519E-07
    1.965147E-01     4     5    9.215607E-13  -1.022423E-12
    1.965147E-01     4     6    2.600047E-12   5.880061E-12
    1.965147E-01     5     1    1.477250E-06  -3.334527E-07
    1.965147E-01     5     2    1.748097E-11   3.224385E-11
    1.965147E-01     5     3   -1.258605E-11   3.856057E-12
    1.965147E-01     5     4    2.180420E-13   5.025352E-14
    1.965147E-01     5     5    5.083781E-05   1.205994E-06
    1.965147E-01     5     6    3.672912E-12  -1.282958E-12
    1.965147E-01     6     1    9.306543E-14   1.781325E-12
    1.965147E-01     6     2    2.113289E-11   7.611791E-12
    1.965147E-01     6     3    3.457343E-12   4.963661E-12
    1.965147E-01     6     4    1.394440E-12  -9.858256E-13
    1.965147E-01     6     5    3.295731E-12   3.789990E-14
    1.965147E-01     6     6    2.412854E-05   1.123349E-05
    1.944801E-01     1     1    9.614014E-06   2.777207E-05
    1.944801E-01     1     2   -3.072182E-11  -2.863095E-11
    1.944801E-01     1     3    2.863883E-12  -9.013949E-12
    1.944801E-01     1     4   -1.491207E-12  -1.852201E-14
    1.944801E-01     1     5    2.206644E-06   1.895285E-06
    1.944801E-01     1     6   -4.550871E-12   4.872246E-12
    1.944801E-01     2     1    7.221480E-13  -2.050298E-12
    1.944801E-01     2     2    6.218499E-04   2.020224E-04
    1.944801E-01     2     3    3.813324E-11  -4.207673E-11
    1.944801E-01     2     4    1.834721E-06  -9.644583E-06
    1.944801E-01     2     5   -1.423339E-11   2.646910E-11
    1.944801E-01     2     6    5.582701E-12   1.917531E-11
    1.944801E-01     3     1   -1.173535E-11  -7.813244E-12
    1.944801E-01     3     2   -1.615119E-10  -1.142199E-10
    1.944801E-01     3     3    1.075713E-03  -2.740798E-06
    1.944801E-01     3     4   -5.548566E-12  -5.581844E-13
    1.944801E-01     3     5   -1.582028E-11  -2.246706E-11
    1.944801E-01     3     6   -2.654366E-11  -1.273624E-11
    1.944801E-01     4     1    1.512426E-12  -3.277839E-12
    1.944801E-01     4     2   -8.695978E-06  -6.090755E-06
    1.944801E-01     4     3   -1.626206E-12   2.668080E-12
    1.944801E-01     4     4    1.720055E-05  -2.241925E-07
    1.944801E-01     4     5    1.009146E-12  -1.097031E-13
    1.944801E-01     4     6    3.423541E-12   5.617443E-12
    1.944801E-01     5     1    1.468209E-06  -2.802408E-07
    1.944801E-01     5     2    2.272928E-11   3.228197E-11
    1.944801E-01     5     3   -2.068429E-11  -7.534723E-13
    1.944801E-01     5     4    7.559079E-14   1.024902E-12
    1.944801E-01     5     5    5.057340E-05   9.653146E-07
    1.944801E-01     5     6    4.183456E-12  -3.079601E-12
    1.944801E-01     6     1   -2.683296E-15   2.069191E-12
    1.944801E-01     6     2   -2.178201E-11   1.362546E-11
    1.944801E-01     6     3    3.865385E-12  -8.782671E-12
    1.944801E-01     6     4   -4.437490E-14  -1.842959E-13
    1.944801E-01     6     5    3.525800E-12   3.985313E-13
    1.944801E-01     6     6    2.602425E-05   1.169140E-05
    1.924878E-01     1     1    9.319324E-06   2.672377E-05
    1.924878E-01     1     2   -3.230007E-11  -2.037536E-11
    1.924878E-01     1     3   -2.263119E-12  -6.038730E-12
    1.924878E-01     1     4   -2.125726E-12  -2.246868E-13
    1.924878E-01     1     5    2.310860E-06   1.702691E-06
    1.924878E-01     1     6   -8.073714E-12   3.882164E-12
    1.924878E-01     2     1    9.445463E-12  -1.023509E-11
    1.924878E-01     2     2    6.728482E-04   1.282620E-04
    1.924878E-01     2     3    1.681664E-11  -4.346302E-11
    1.924878E-01     2     4   -3.647091E-07  -1.647217E-05
    1.924878E-01     2     5    2.084392E-12   1.657245E-11
    1.924878E-01     2     6    1.724676E-11   4.224412E-11
    1.924878E-01     3     1   -1.866580E-11   3.456446E-12
    1.924878E-01     3     2   -1.405197E-10  -8.004042E-11
    1.924878E-01     3     3    1.081921E-03  -1.753802E-05
    1.924878E-01     3     4   -8.005282E-13  -3.123342E-12
    1.924878E-01     3     5   -1.476630E-11  -1.704304E-11
    1.924878E-01     3     6   -2.234592E-12   4.565927E-12
    1.924878E-01     4     1    3.283844E-12  -2.708569E-12
    1.924878E-01     4     2   -7.774326E-06  -1.621056E-05
    1.924878E-01     4     3    1.087113E-12  -6.141055E-12
    1.924878E-01     4     4    1.714487E-05  -1.034010E-06
    1.924878E-01     4     5    1.925678E-12  -8.518335E-13
    1.924878E-01     4     6    2.693287E-12   4.596405E-12
    1.924878E-01     5     1    1.499811E-06  -3.239318E-07
    1.924878E-01     5     2    2.684370E-11   1.650761E-11
    1.924878E-01     5     3   -1.195329E-11   3.485403E-12
    1.924878E-01     5     4    1.228607E-12   5.354041E-13
    1.924878E-01     5     5    5.036194E-05   7.870168E-07
    1.924878E-01     5     6    7.489490E-12  -8.136301E-12
    1.924878E-01     6     1    4.115061E-12   9.193753E-12
    1.924878E-01     6     2   -2.167365E-11   2.914399E-12
    1.924878E-01     6     3    2.952633E-11   1.191560E-11
    1.924878E-01     6     4    3.111171E-12  -1.925023E-12
    1.924878E-01     6     5    2.524290E-12   2.421429E-12
    1.924878E-01     6     6    3.272693E-05   4.624346E-06
    1.905352E-01     1     1    9.195032E-06   2.563290E-05
    1.905352E-01     1     2   -2.530662E-11  -2.192683E-11
    1.905352E-01     1     3   -9.132754E-12  -4.265069E-12
    1.905352E-01     1     4   -1.895918E-12  -7.464499E-13
    1.905352E-01     1     5    2.163533E-06   1.682506E-06
    1.905352E-01     1     6   -4.784544E-12   7.900456E-13
    1.905352E-01     2     1   -6.691523E-12  -5.552502E-12
    1.905352E-01     2     2    6.508352E-04   3.951492E-05
    1.905352E-01     2     3   -1.563809E-11  -4.572465E-11
    1.905352E-01     2     4   -6.005872E-06  -2.310889E-05
    1.905352E-01     2     5    5.514788E-12  -1.689353E-12
    1.905352E-01     2     6    2.902011E-12   5.003508E-11
    1.905352E-01     3     1   -1.050545E-11   1.887331E-12
    1.905352E-01     3     2   -1.125395E-10  -1.607491E-11
    1.905352E-01     3     3    1.104412E-03  -3.841389E-05
    1.905352E-01     3     4    1.156038E-11  -3.084032E-12
    1.905352E-01     3     5    7.069020E-12  -1.268403E-11
    1.905352E-01     3     6   -1.309300E-11  -5.017602E-11
    1.905352E-01     4     1    3.389793E-12  -4.141440E-12
    1.905352E-01     4     2   -6.182305E-06  -2.588161E-05
    1.905352E-01     4     3    4.977604E-12  -7.510722E-12
    1.905352E-01     4     4    1.710755E-05  -1.691548E-06
    1.905352E-01     4     5    2.541639E-12  -5.827716E-13
    1.905352E-01     4     6    3.912339E-13   2.884529E-12
    1.905352E-01     5     1    1.593395E-06  -3.564185E-07
    1.905352E-01     5     2    3.090151E-11   8.967556E-12
    1.905352E-01     5     3    5.082755E-13  -4.926157E-13
    1.905352E-01     5     4    1.302786E-12   8.749208E-13
    1.905352E-01     5     5    5.030950E-05   3.826971E-07
    1.905352E-01     5     6   -3.592540E-12  -2.595689E-12
    1.905352E-01     6     1    6.122972E-13   1.596205E-12
    1.905352E-01     6     2   -2.702242E-11   3.545680E-11
    1.905352E-01     6     3    3.732645E-12  -6.257271E-12
    1.905352E-01     6     4    1.462720E-12   1.949521E-12
    1.905352E-01     6     5    2.829057E-12  -7.935968E-13
    1.905352E-01     6     6    3.303286E-05   8.374472E-06
    1.886225E-01     1     1    9.248788E-06   2.460959E-05
    1.886225E-01     1     2   -2.418122E-11  -2.155922E-11
    1.886225E-01     1     3   -1.333150E-11  -3.202558E-12
    1.886225E-01     1     4   -1.156411E-12  -1.107832E-12
    1.886225E-01     1     5    1.728560E-06   1.926661E-06
    1.886225E-01     1     6   -2.179531E-12  -3.072080E-12
    1.886225E-01     2     1   -8.539376E-12   4.892667E-12
    1.886225E-01     2     2    5.969773E-04  -4.335443E-05
    1.886225E-01     2     3   -5.604302E-11  -2.750637E-11
    1.886225E-01     2     4   -1.232054E-05  -2.797544E-05
    1.886225E-01     2     5    2.232574E-12  -1.640683E-11
    1.886225E-01     2     6    3.894317E-13   6.036323E-11
    1.886225E-01     3     1    3.164040E-12   7.547395E-13
    1.886225E-01     3     2   -9.724823E-11   4.846760E-11
    1.886225E-01     3     3    1.143523E-03  -6.008454E-05
    1.886225E-01     3     4    1.882098E-11  -2.124453E-12
    1.886225E-01     3     5    1.905444E-11  -3.334458E-12
    1.886225E-01     3     6   -2.469916E-11  -9.463099E-11
    1.886225E-01     4     1    2.161280E-12  -4.238531E-12
    1.886225E-01     4     2   -5.124643E-06  -2.770807E-05
    1.886225E-01     4     3    9.388266E-12  -1.026534E-11
    1.886225E-01     4     4    1.708894E-05  -2.064826E-06
    1.886225E-01     4     5    3.303344E-12  -3.776543E-13
    1.886225E-01     4     6   -2.645706E-12   2.661262E-12
    1.886225E-01     5     1    1.688955E-06  -3.411012E-07
    1.886225E-01     5     2    3.581235E-11   1.291804E-11
    1.886225E-01     5     3    1.419080E-12  -7.943203E-12
    1.886225E-01     5     4    1.034121E-12   1.153987E-12
    1.886225E-01     5     5    5.059036E-05  -1.845713E-07
    1.886225E-01     5     6   -9.641573E-12   3.544250E-12
    1.886225E-01     6     1   -5.145779E-12  -2.166178E-12
    1.886225E-01     6     2   -3.359855E-11   5.849402E-11
    1.886225E-01     6     3   -7.570881E-12  -1.997173E-11
    1.886225E-01     6     4    1.177735E-13   4.761147E-12
    1.886225E-01     6     5    1.359804E-12  -4.242340E-12
    1.886225E-01     6     6    3.049643E-05   1.053410E-05
    1.867472E-01     1     1    9.488065E-06   2.360931E-05
    1.867472E-01     1     2   -3.150426E-11  -2.502410E-11
    1.867472E-01     1     3   -8.434396E-12  -3.060306E-12
    1.867472E-01     1     4   -6.390770E-13  -1.441455E-12
    1.867472E-01     1     5    1.175828E-06   2.902432E-06
    1.867472E-01     1     6    4.157672E-13  -4.986013E-12
    1.867472E-01     2     1   -1.297533E-11   3.262925E-12
    1.867472E-01     2     2    5.280555E-04  -8.678382E-05
    1.867472E-01     2     3   -8.019155E-11  -2.774030E-11
    1.867472E-01     2     4   -1.795981E-05  -3.043591E-05
    1.867472E-01     2     5   -1.132614E-11  -1.316759E-11
    1.867472E-01     2     6    3.831861E-12   5.556472E-11
    1.867472E-01     3     1    7.298704E-12   1.832713E-11
    1.867472E-01     3     2   -1.291538E-10   9.224875E-11
    1.867472E-01     3     3    1.191598E-03  -7.503223E-05
    1.867472E-01     3     4    1.207107E-11   4.555717E-13
    1.867472E-01     3     5    2.162302E-11   8.276804E-12
    1.867472E-01     3     6   -1.301457E-11  -1.079969E-10
    1.867472E-01     4     1    8.970523E-13  -6.421321E-12
    1.867472E-01     4     2   -7.110382E-06  -2.862829E-05
    1.867472E-01     4     3    1.104320E-11  -7.986117E-12
    1.867472E-01     4     4    1.717461E-05  -2.291125E-06
    1.867472E-01     4     5    3.733292E-12   1.585055E-14
    1.867472E-01     4     6   -5.394159E-12   3.523533E-13
    1.867472E-01     5     1    1.743655E-06  -3.250663E-07
    1.867472E-01     5     2    2.805138E-11   9.930616E-12
    1.867472E-01     5     3    8.709512E-12  -7.441968E-12
    1.867472E-01     5     4    7.271351E-14   8.288991E-13
    1.867472E-01     5     5    5.156472E-05  -1.075486E-06
    1.867472E-01     5     6   -1.037971E-11   1.170547E-11
    1.867472E-01     6     1   -5.267141E-12  -6.793741E-12
    1.867472E-01     6     2   -2.607458E-11   6.177146E-11
    1.867472E-01     6     3   -1.312995E-11  -2.026509E-11
    1.867472E-01     6     4   -1.075480E-12   6.166329E-12
    1.867472E-01     6     5    1.566522E-12  -5.102467E-12
    1.867472E-01     6     6    2.684672E-05   1.210661E-05
    1.849094E-01     1     1    9.603043E-06   2.279629E-05
    1.849094E-01     1     2   -2.755970E-11  -2.786759E-11
    1.849094E-01     1     3   -9.030491E-12  -5.851680E-12
    1.849094E-01     1     4    1.473254E-13  -1.492039E-12
    1.849094E-01     1     5    5.282816E-07   2.593382E-06
    1.849094E-01     1     6    2.910876E-12  -5.660472E-12
    1.849094E-01     2     1   -2.682859E-12   1.432408E-12
    1.849094E-01     2     2    4.499249E-04  -9.769309E-05
    1.849094E-01     2     3   -8.189043E-11  -1.992939E-11
    1.849094E-01     2     4   -2.201777E-05  -3.063615E-05
    1.849094E-01     2     5   -3.246277E-12  -8.676722E-12
    1.849094E-01     2     6    8.735259E-12   3.924696E-11
    1.849094E-01     3     1    3.336092E-12   2.866271E-11
    1.849094E-01     3     2   -8.587969E-11   1.043660E-10
    1.849094E-01     3     3    1.220067E-03  -7.426134E-05
    1.849094E-01     3     4    6.195884E-12   1.637708E-12
    1.849094E-01     3     5    1.575595E-11   2.790701E-12
    1.849094E-01     3     6   -2.964894E-11  -1.140369E-10
    1.849094E-01     4     1   -2.609912E-13  -7.550992E-12
    1.849094E-01     4     2   -8.648987E-06  -2.766420E-05
    1.849094E-01     4     3    1.372148E-11  -6.618050E-12
    1.849094E-01     4     4    1.743128E-05  -2.289064E-06
    1.849094E-01     4     5    3.616434E-12  -5.582849E-13
    1.849094E-01     4     6   -6.895068E-12  -7.807507E-13
    1.849094E-01     5     1    1.737068E-06  -2.727997E-07
    1.849094E-01     5     2    3.329034E-11   1.694220E-11
    1.849094E-01     5     3    2.153479E-11  -2.521372E-12
    1.849094E-01     5     4    8.779939E-13   1.554773E-13
    1.849094E-01     5     5    5.226237E-05  -1.678828E-06
    1.849094E-01     5     6   -1.288566E-11   1.745696E-11
    1.849094E-01     6     1   -6.774513E-12  -1.096868E-11
    1.849094E-01     6     2   -1.713272E-11   7.168886E-11
    1.849094E-01     6     3   -1.951662E-11  -3.191817E-11
    1.849094E-01     6     4   -2.307810E-12   6.748545E-12
    1.849094E-01     6     5    2.336908E-12  -5.464136E-12
    1.849094E-01     6     6    2.268291E-05   1.294219E-05
    1.831069E-01     1     1    9.682100E-06   2.203198E-05
    1.831069E-01     1     2   -1.370408E-11  -3.383021E-11
    1.831069E-01     1     3   -1.950973E-12  -8.986937E-13
    1.831069E-01     1     4    3.652139E-13  -1.217286E-12
    1.831069E-01     1     5    1.564039E-07   2.071619E-06
    1.831069E-01     1     6    5.692835E-12  -6.060190E-12
    1.831069E-01     2     1    4.576511E-12   8.573408E-12
    1.831069E-01     2     2    3.763594E-04  -7.913861E-05
    1.831069E-01     2     3   -7.326455E-11  -3.045005E-11
    1.831069E-01     2     4   -2.373768E-05  -2.850573E-05
    1.831069E-01     2     5   -9.508626E-12   2.763932E-13
    1.831069E-01     2     6    1.764189E-11   2.352748E-11
    1.831069E-01     3     1    1.252746E-12   3.061455E-11
    1.831069E-01     3     2   -1.192234E-10   6.557994E-11
    1.831069E-01     3     3    1.242695E-03  -6.423059E-05
    1.831069E-01     3     4   -1.272489E-12   4.171369E-12
    1.831069E-01     3     5    1.382040E-11   1.115884E-11
    1.831069E-01     3     6   -3.294001E-11  -1.065787E-10
    1.831069E-01     4     1    6.632389E-13  -7.062484E-12
    1.831069E-01     4     2   -9.531647E-06  -2.463446E-05
    1.831069E-01     4     3    8.228547E-12  -1.089319E-12
    1.831069E-01     4     4    1.782325E-05  -2.025327E-06
    1.831069E-01     4     5    1.484731E-12  -1.273827E-13
    1.831069E-01     4     6   -6.236945E-12  -7.100425E-13
    1.831069E-01     5     1    1.735034E-06  -2.866495E-07
    1.831069E-01     5     2    1.018479E-11   6.367071E-12
    1.831069E-01     5     3    3.785750E-11  -5.428894E-12
    1.831069E-01     5     4    1.309454E-12   7.133767E-13
    1.831069E-01     5     5    5.324932E-05  -1.947675E-06
    1.831069E-01     5     6   -1.557409E-11   1.768404E-11
    1.831069E-01     6     1   -5.344637E-12  -1.450403E-11
    1.831069E-01     6     2   -2.075767E-12   6.410034E-11
    1.831069E-01     6     3   -1.718880E-11  -3.621751E-11
    1.831069E-01     6     4   -2.720573E-12   6.751681E-12
    1.831069E-01     6     5    4.029968E-12  -4.749985E-12
    1.831069E-01     6     6    1.853362E-05   1.337211E-05
    1.813397E-01     1     1    9.717368E-06   2.125518E-05
    1.813397E-01     1     2   -3.544045E-12  -3.323699E-11
    1.813397E-01     1     3   -1.287048E-12  -3.322785E-13
    1.813397E-01     1     4    2.758935E-13  -1.281524E-12
    1.813397E-01     1     5    2.497168E-07   1.496998E-06
    1.813397E-01     1     6    6.460283E-12  -6.840871E-12
    1.813397E-01     2     1   -1.294453E-12   1.183374E-11
    1.813397E-01     2     2    3.220106E-04  -3.382274E-05
    1.813397E-01     2     3   -7.858299E-11  -2.666723E-11
    1.813397E-01     2     4   -2.263214E-05  -2.393268E-05
    1.813397E-01     2     5    3.462879E-13  -7.055387E-12
    1.813397E-01     2     6    2.312715E-11   1.509555E-11
    1.813397E-01     3     1    1.577159E-11   1.179773E-11
    1.813397E-01     3     2   -1.366420E-10   6.136435E-11
    1.813397E-01     3     3    1.282149E-03  -3.891654E-05
    1.813397E-01     3     4   -1.002769E-12   9.785748E-12
    1.813397E-01     3     5    4.327819E-11   1.983581E-11
    1.813397E-01     3     6   -4.237957E-11  -9.739033E-11
    1.813397E-01     4     1   -1.803909E-12  -4.156934E-12
    1.813397E-01     4     2   -9.310712E-06  -1.952411E-05
    1.813397E-01     4     3    7.639739E-12  -4.341324E-12
    1.813397E-01     4     4    1.827147E-05  -1.494437E-06
    1.813397E-01     4     5   -1.036463E-12  -7.467394E-13
    1.813397E-01     4     6   -1.176572E-12   8.102033E-13
    1.813397E-01     5     1    1.746999E-06  -3.008524E-07
    1.813397E-01     5     2   -1.843428E-11  -1.038139E-11
    1.813397E-01     5     3    1.468490E-11   9.732528E-12
    1.813397E-01     5     4    1.169506E-12   2.508789E-12
    1.813397E-01     5     5    5.460922E-05  -1.436650E-06
    1.813397E-01     5     6   -2.206642E-11   1.106478E-11
    1.813397E-01     6     1   -3.851516E-12  -1.585301E-11
    1.813397E-01     6     2    2.360661E-11   5.459346E-11
    1.813397E-01     6     3   -4.487521E-12  -4.126033E-11
    1.813397E-01     6     4   -2.701803E-12   5.595892E-12
    1.813397E-01     6     5    1.596271E-12  -3.665737E-12
    1.813397E-01     6     6    1.492783E-05   1.315546E-05
    1.796058E-01     1     1    9.893973E-06   2.049531E-05
    1.796058E-01     1     2    4.930296E-12  -2.817696E-11
    1.796058E-01     1     3   -7.430203E-12   6.840756E-12
    1.796058E-01     1     4    2.541512E-13  -1.572390E-12
    1.796058E-01     1     5    1.542051E-07   1.037423E-06
    1.796058E-01     1     6    6.812877E-12  -6.796639E-12
    1.796058E-01     2     1    6.596122E-12   2.517861E-11
    1.796058E-01     2     2    2.991334E-04   3.589117E-05
    1.796058E-01     2     3   -4.992110E-11  -4.739260E-11
    1.796058E-01     2     4   -1.898627E-05  -1.723447E-05
    1.796058E-01     2     5   -1.593510E-11  -2.686748E-12
    1.796058E-01     2     6    1.156114E-11   5.035124E-12
    1.796058E-01     3     1   -8.236200E-12   2.000321E-11
    1.796058E-01     3     2   -1.205977E-10  -4.695481E-11
    1.796058E-01     3     3    1.294605E-03  -3.551404E-05
    1.796058E-01     3     4   -1.546137E-11   5.321733E-12
    1.796058E-01     3     5    2.043124E-11   1.019143E-11
    1.796058E-01     3     6   -4.893464E-11  -8.421364E-11
    1.796058E-01     4     1   -8.902964E-13  -3.640093E-12
    1.796058E-01     4     2   -8.371391E-06  -1.289567E-05
    1.796058E-01     4     3    6.297670E-12   6.813829E-12
    1.796058E-01     4     4    1.865617E-05  -8.345756E-07
    1.796058E-01     4     5   -3.188337E-13   5.170020E-13
    1.796058E-01     4     6   -1.510831E-12  -5.988465E-13
    1.796058E-01     5     1    1.848473E-06  -1.544125E-07
    1.796058E-01     5     2   -4.221704E-12  -4.974783E-12
    1.796058E-01     5     3    2.737149E-11   4.903624E-12
    1.796058E-01     5     4    2.280552E-13   1.400409E-12
    1.796058E-01     5     5    5.587594E-05  -1.760054E-06
    1.796058E-01     5     6   -1.562077E-11   1.334924E-11
    1.796058E-01     6     1   -3.237984E-12  -1.439145E-11
    1.796058E-01     6     2    2.863601E-11   2.985494E-11
    1.796058E-01     6     3   -1.881052E-11  -2.333819E-11
    1.796058E-01     6     4   -2.631316E-12   3.476995E-12
    1.796058E-01     6     5    3.767311E-12  -1.385649E-12
    1.796058E-01     6     6    1.271764E-05   1.223960E-05
    1.779052E-01     1     1    1.000685E-05   1.984752E-05
    1.779052E-01     1     2    1.559674E-11  -7.157693E-12
    1.779052E-01     1     3   -7.409731E-12   6.774737E-12
    1.779052E-01     1     4    2.170042E-13  -9.674295E-13
    1.779052E-01     1     5    1.783286E-07   6.559434E-07
    1.779052E-01     1     6    3.699237E-12  -6.292766E-12
    1.779052E-01     2     1   -1.083583E-12   2.122915E-11
    1.779052E-01     2     2    3.230805E-04   1.152410E-04
    1.779052E-01     2     3   -6.284930E-11  -4.685892E-11
    1.779052E-01     2     4   -1.302508E-05  -1.032196E-05
    1.779052E-01     2     5   -1.964938E-11  -9.248564E-13
    1.779052E-01     2     6   -2.263875E-12  -1.138799E-11
    1.779052E-01     3     1   -1.873706E-11   1.414231E-11
    1.779052E-01     3     2   -1.109499E-10  -4.488465E-11
    1.779052E-01     3     3    1.293491E-03  -2.720564E-05
    1.779052E-01     3     4   -2.555795E-11   3.810625E-12
    1.779052E-01     3     5   -2.212803E-13   2.134866E-12
    1.779052E-01     3     6   -3.546610E-11  -2.539585E-11
    1.779052E-01     4     1    8.123587E-13  -5.162446E-13
    1.779052E-01     4     2   -6.075498E-06  -6.375169E-06
    1.779052E-01     4     3    2.938670E-12   1.222017E-11
    1.779052E-01     4     4    1.900916E-05  -2.777754E-07
    1.779052E-01     4     5    8.445169E-13   1.717110E-12
    1.779052E-01     4     6   -4.448080E-13  -5.331242E-13
    1.779052E-01     5     1    1.827386E-06  -7.914810E-08
    1.779052E-01     5     2    1.074039E-11  -6.385045E-12
    1.779052E-01     5     3    3.292484E-11  -2.126131E-12
    1.779052E-01     5     4   -8.595088E-13   3.780257E-13
    1.779052E-01     5     5    5.659591E-05  -1.987655E-06
    1.779052E-01     5     6   -8.683518E-12   1.383354E-11
    1.779052E-01     6     1   -2.501417E-12  -1.216759E-11
    1.779052E-01     6     2    2.055393E-11   3.389180E-12
    1.779052E-01     6     3   -3.594544E-11  -6.050463E-12
    1.779052E-01     6     4   -2.669833E-12   1.707813E-12
    1.779052E-01     6     5    5.370555E-12   7.144399E-13
    1.779052E-01     6     6    1.275473E-05   1.089481E-05
    1.762361E-01     1     1    1.005707E-05   1.919840E-05
    1.762361E-01     1     2    1.740104E-11   1.559185E-11
    1.762361E-01     1     3   -9.878477E-12   4.947827E-12
    1.762361E-01     1     4   -6.014608E-14  -4.454570E-14
    1.762361E-01     1     5    3.866563E-07   4.196953E-07
    1.762361E-01     1     6    1.249507E-12  -3.207803E-12
    1.762361E-01     2     1    2.857943E-12   1.287151E-11
    1.762361E-01     2     2    4.110536E-04   1.618039E-04
    1.762361E-01     2     3   -2.996386E-11  -1.733457E-11
    1.762361E-01     2     4   -5.123919E-06  -7.157450E-06
    1.762361E-01     2     5   -2.517787E-11  -1.828057E-12
    1.762361E-01     2     6   -1.258963E-11  -1.788015E-11
    1.762361E-01     3     1   -1.681667E-11  -4.739395E-12
    1.762361E-01     3     2   -2.704828E-11  -2.549412E-11
    1.762361E-01     3     3    1.278604E-03  -2.039367E-05
    1.762361E-01     3     4   -2.772673E-11   1.749751E-12
    1.762361E-01     3     5   -8.219921E-12  -2.467269E-12
    1.762361E-01     3     6   -8.603632E-12   2.937159E-11
    1.762361E-01     4     1    2.283042E-12   2.116233E-12
    1.762361E-01     4     2   -1.797728E-06  -2.432371E-06
    1.762361E-01     4     3   -5.666911E-12   1.585044E-11
    1.762361E-01     4     4    1.938948E-05  -2.055897E-08
    1.762361E-01     4     5    2.106214E-12   1.975531E-12
    1.762361E-01     4     6    2.513706E-12  -1.538681E-12
    1.762361E-01     5     1    1.777947E-06  -1.003985E-07
    1.762361E-01     5     2    1.587538E-11  -1.877270E-12
    1.762361E-01     5     3    3.315458E-11  -4.516299E-12
    1.762361E-01     5     4   -1.517538E-12  -8.616397E-13
    1.762361E-01     5     5    5.688442E-05  -1.909314E-06
    1.762361E-01     5     6    1.629656E-12   1.134934E-11
    1.762361E-01     6     1    3.084404E-13  -4.279379E-12
    1.762361E-01     6     2    3.685361E-12  -1.486532E-11
    1.762361E-01     6     3   -2.506583E-11   1.240655E-11
    1.762361E-01     6     4   -2.349314E-12   1.086877E-13
    1.762361E-01     6     5    5.142079E-12   2.637292E-12
    1.762361E-01     6     6    1.556827E-05   8.424023E-06
    1.745979E-01     1     1    1.010938E-05   1.850927E-05
    1.745979E-01     1     2    1.009656E-11   3.043443E-11
    1.745979E-01     1     3   -9.453971E-12   1.988530E-12
    1.745979E-01     1     4   -6.475380E-13   9.626939E-14
    1.745979E-01     1     5    6.385643E-07   4.692859E-07
    1.745979E-01     1     6   -2.649452E-12  -8.446142E-13
    1.745979E-01     2     1    1.537115E-11   9.252750E-12
    1.745979E-01     2     2    4.609533E-04   1.376582E-04
    1.745979E-01     2     3   -1.318764E-12  -3.602746E-11
    1.745979E-01     2     4   -2.564758E-06  -8.454729E-06
    1.745979E-01     2     5   -2.011803E-11   7.889923E-13
    1.745979E-01     2     6   -6.957423E-13  -1.037945E-11
    1.745979E-01     3     1   -1.609121E-11  -1.209666E-11
    1.745979E-01     3     2    4.674739E-11   2.303468E-12
    1.745979E-01     3     3    1.261709E-03  -2.067971E-05
    1.745979E-01     3     4   -2.151458E-11   1.563147E-12
    1.745979E-01     3     5   -1.440042E-11  -5.204980E-12
    1.745979E-01     3     6    2.764001E-11   5.850374E-11
    1.745979E-01     4     1    2.895912E-12   4.219787E-12
    1.745979E-01     4     2   -1.023299E-06  -2.686637E-06
    1.745979E-01     4     3   -3.957195E-12   1.409106E-11
    1.745979E-01     4     4    1.945861E-05   1.187624E-08
    1.745979E-01     4     5    2.951021E-12   1.102340E-12
    1.745979E-01     4     6    3.232441E-12  -2.561535E-12
    1.745979E-01     5     1    1.781396E-06  -1.923850E-07
    1.745979E-01     5     2    2.618903E-11  -7.128410E-12
    1.745979E-01     5     3    3.496071E-11  -8.372020E-12
    1.745979E-01     5     4   -8.362772E-13  -1.903941E-12
    1.745979E-01     5     5    5.664451E-05  -1.603783E-06
    1.745979E-01     5     6    8.319947E-12   6.000947E-12
    1.745979E-01     6     1    4.565258E-12   4.513995E-12
    1.745979E-01     6     2    1.842707E-11  -2.631624E-11
    1.745979E-01     6     3   -7.397772E-12   4.304349E-11
    1.745979E-01     6     4    3.147468E-13  -2.429892E-12
    1.745979E-01     6     5    3.020454E-12   5.459637E-12
    1.745979E-01     6     6    2.208725E-05   2.017029E-06
    1.729904E-01     1     1    1.020514E-05   1.784763E-05
    1.729904E-01     1     2    9.436908E-12   3.178656E-11
    1.729904E-01     1     3   -9.130926E-12  -2.935248E-12
    1.729904E-01     1     4    1.273974E-13   3.785166E-13
    1.729904E-01     1     5    7.213437E-07   5.139208E-07
    1.729904E-01     1     6   -6.949981E-13  -6.620487E-13
    1.729904E-01     2     1   -2.920977E-12   6.195080E-12
    1.729904E-01     2     2    4.820658E-04   1.239612E-04
    1.729904E-01     2     3   -1.346887E-11  -4.097602E-11
    1.729904E-01     2     4   -1.406347E-06  -8.015363E-06
    1.729904E-01     2     5   -2.569563E-11   3.700411E-12
    1.729904E-01     2     6   -2.049317E-11  -2.105095E-11
    1.729904E-01     3     1    3.733777E-12  -2.428920E-11
    1.729904E-01     3     2    5.329959E-11   5.656034E-11
    1.729904E-01     3     3    1.249641E-03  -2.165233E-05
    1.729904E-01     3     4   -1.418020E-11   2.260996E-12
    1.729904E-01     3     5   -1.579653E-11  -6.144544E-12
    1.729904E-01     3     6    1.091863E-11   3.421911E-11
    1.729904E-01     4     1    1.963878E-12   3.184225E-12
    1.729904E-01     4     2   -1.791966E-06  -2.653886E-06
    1.729904E-01     4     3   -5.873386E-12   1.512150E-11
    1.729904E-01     4     4    1.943632E-05   1.164781E-07
    1.729904E-01     4     5    3.357037E-12   8.029968E-13
    1.729904E-01     4     6    2.749061E-12  -2.948530E-12
    1.729904E-01     5     1    1.805428E-06  -2.626930E-07
    1.729904E-01     5     2    3.963913E-11  -7.749314E-13
    1.729904E-01     5     3    2.597895E-11  -1.307450E-11
    1.729904E-01     5     4   -7.609305E-13  -2.052126E-12
    1.729904E-01     5     5    5.614854E-05  -1.433264E-06
    1.729904E-01     5     6    9.574828E-13   1.159046E-11
    1.729904E-01     6     1    2.213743E-12   6.141523E-14
    1.729904E-01     6     2    2.470596E-11  -7.137573E-12
    1.729904E-01     6     3   -4.308833E-11   2.556963E-11
    1.729904E-01     6     4   -9.740159E-13   2.463324E-13
    1.729904E-01     6     5    2.853994E-12   3.421183E-12
    1.729904E-01     6     6    2.215900E-05   6.194836E-06
    1.714118E-01     1     1    1.025783E-05   1.720484E-05
    1.714118E-01     1     2   -3.618849E-12   2.926199E-11
    1.714118E-01     1     3   -1.291922E-11   4.755779E-12
    1.714118E-01     1     4    3.327441E-13   2.303950E-14
    1.714118E-01     1     5    8.308703E-07   5.540980E-07
    1.714118E-01     1     6   -2.881911E-12  -3.255445E-12
    1.714118E-01     2     1    2.128550E-12  -1.367651E-11
    1.714118E-01     2     2    4.729515E-04   1.315808E-04
    1.714118E-01     2     3   -2.813821E-11  -4.267135E-11
    1.714118E-01     2     4   -1.879606E-06  -6.539750E-06
    1.714118E-01     2     5   -1.797832E-11  -1.931896E-12
    1.714118E-01     2     6    6.530225E-12  -5.374931E-12
    1.714118E-01     3     1    1.531234E-11  -3.361319E-11
    1.714118E-01     3     2    2.153934E-11   6.078021E-11
    1.714118E-01     3     3    1.242497E-03  -2.062031E-05
    1.714118E-01     3     4   -1.122923E-11   7.129626E-13
    1.714118E-01     3     5   -1.802447E-11  -5.991456E-12
    1.714118E-01     3     6    2.340413E-11   1.666546E-11
    1.714118E-01     4     1    8.026170E-13   3.286716E-12
    1.714118E-01     4     2   -2.435801E-06  -2.574509E-06
    1.714118E-01     4     3   -4.941441E-12   1.008059E-11
    1.714118E-01     4     4    1.939065E-05   1.893811E-07
    1.714118E-01     4     5    3.682436E-12   5.946575E-13
    1.714118E-01     4     6    2.133935E-12  -2.184315E-12
    1.714118E-01     5     1    1.833092E-06  -3.493739E-07
    1.714118E-01     5     2    5.698806E-11   1.931121E-11
    1.714118E-01     5     3    1.618395E-11  -1.699518E-11
    1.714118E-01     5     4   -9.445621E-13  -1.966814E-12
    1.714118E-01     5     5    5.567073E-05  -1.216669E-06
    1.714118E-01     5     6    2.851043E-12   1.209084E-11
    1.714118E-01     6     1   -3.624501E-12   1.124750E-11
    1.714118E-01     6     2    1.028540E-10   4.271358E-11
    1.714118E-01     6     3   -4.251199E-11   2.925160E-11
    1.714118E-01     6     4    4.331468E-12   2.165348E-12
    1.714118E-01     6     5   -6.193450E-13   5.573675E-12
    1.714118E-01     6     6    2.046666E-05   7.112747E-06
    1.698622E-01     1     1    1.034493E-05   1.650572E-05
    1.698622E-01     1     2    1.953284E-12   2.711292E-11
    1.698622E-01     1     3   -4.976412E-12  -9.844612E-12
    1.698622E-01     1     4    8.687919E-13   8.560557E-13
    1.698622E-01     1     5    9.264226E-07   5.899730E-07
    1.698622E-01     1     6    1.302704E-13  -4.435715E-13
    1.698622E-01     2     1    1.435539E-11  -1.437182E-11
    1.698622E-01     2     2    6.529667E-04   1.330699E-04
    1.698622E-01     2     3   -1.658035E-11  -7.063050E-12
    1.698622E-01     2     4    6.915839E-06  -6.701410E-06
    1.698622E-01     2     5   -1.530164E-11   7.207403E-12
    1.698622E-01     2     6   -1.595575E-11   1.364847E-11
    1.698622E-01     3     1    2.241545E-13  -2.234886E-11
    1.698622E-01     3     2    4.601725E-11   4.964044E-11
    1.698622E-01     3     3    1.239497E-03  -1.517520E-05
    1.698622E-01     3     4   -1.045765E-11   5.664367E-13
    1.698622E-01     3     5   -2.508574E-11  -8.000943E-12
    1.698622E-01     3     6    2.089597E-11   2.493186E-11
    1.698622E-01     4     1    1.466569E-12   1.821678E-13
    1.698622E-01     4     2    3.860637E-07  -3.205322E-06
    1.698622E-01     4     3   -3.236479E-12   1.069054E-11
    1.698622E-01     4     4    1.950762E-05   1.582471E-07
    1.698622E-01     4     5    4.342387E-12   4.250840E-13
    1.698622E-01     4     6   -4.023650E-13  -2.838244E-12
    1.698622E-01     5     1    1.897061E-06  -4.067507E-07
    1.698622E-01     5     2    4.755149E-11   7.139906E-12
    1.698622E-01     5     3    7.298077E-12  -1.553088E-11
    1.698622E-01     5     4   -2.258930E-12  -2.742012E-12
    1.698622E-01     5     5    5.524892E-05  -9.048873E-07
    1.698622E-01     5     6    4.632293E-12   1.246395E-11
    1.698622E-01     6     1   -4.284403E-13   3.172256E-12
    1.698622E-01     6     2   -1.687797E-11   1.243194E-11
    1.698622E-01     6     3   -3.008641E-11   8.204931E-12
    1.698622E-01     6     4   -2.899610E-12   6.664604E-13
    1.698622E-01     6     5    2.333847E-12   3.346911E-12
    1.698622E-01     6     6    2.939592E-05   5.900772E-06
    1.683399E-01     1     1    1.049122E-05   1.583309E-05
    1.683399E-01     1     2    2.189433E-11   1.667951E-11
    1.683399E-01     1     3   -2.335399E-13  -1.248989E-11
    1.683399E-01     1     4    1.563372E-12   2.107112E-12
    1.683399E-01     1     5    1.111533E-06   5.683749E-07
    1.683399E-01     1     6    3.534654E-12  -1.052695E-13
    1.683399E-01     2     1    3.124472E-11   2.884040E-12
    1.683399E-01     2     2    6.749619E-04   1.029780E-04
    1.683399E-01     2     3   -7.741874E-11   5.062029E-11
    1.683399E-01     2     4    7.766728E-06  -7.755887E-06
    1.683399E-01     2     5   -2.497579E-11   8.933020E-12
    1.683399E-01     2     6   -8.563164E-12  -2.612874E-11
    1.683399E-01     3     1   -5.549220E-12  -1.554415E-11
    1.683399E-01     3     2    7.129820E-11   9.202668E-11
    1.683399E-01     3     3    1.240676E-03  -6.434929E-06
    1.683399E-01     3     4   -5.311305E-12   1.128116E-12
    1.683399E-01     3     5   -2.321101E-11  -1.024980E-11
    1.683399E-01     3     6    5.901714E-12   2.699391E-11
    1.683399E-01     4     1    5.784264E-13  -4.710683E-13
    1.683399E-01     4     2    7.310014E-07  -3.654015E-06
    1.683399E-01     4     3   -1.760126E-12   6.598420E-12
    1.683399E-01     4     4    1.953284E-05   1.221525E-07
    1.683399E-01     4     5    1.571352E-12   1.599004E-13
    1.683399E-01     4     6   -2.958990E-12  -2.982207E-12
    1.683399E-01     5     1    1.932402E-06  -4.309849E-07
    1.683399E-01     5     2    2.779381E-11  -4.479364E-12
    1.683399E-01     5     3    6.513068E-12  -9.582214E-12
    1.683399E-01     5     4   -2.855042E-12  -2.941331E-12
    1.683399E-01     5     5    5.497491E-05  -4.278195E-07
    1.683399E-01     5     6    3.806258E-12   7.189999E-12
    1.683399E-01     6     1    7.856767E-13  -6.808926E-12
    1.683399E-01     6     2   -1.014289E-10  -4.567074E-11
    1.683399E-01     6     3   -2.572546E-11  -5.189529E-12
    1.683399E-01     6     4   -7.349055E-12  -2.523834E-12
    1.683399E-01     6     5    4.763547E-12  -1.185996E-12
    1.683399E-01     6     6    3.353023E-05   4.129998E-06
    1.668451E-01     1     1    1.062404E-05   1.520381E-05
    1.668451E-01     1     2    4.927115E-11   1.133372E-11
    1.668451E-01     1     3    2.113968E-11  -1.608238E-11
    1.668451E-01     1     4    3.009196E-12   2.488369E-12
    1.668451E-01     1     5    1.370139E-06   5.922992E-07
    1.668451E-01     1     6    5.049345E-12   3.411686E-12
    1.668451E-01     2     1    3.281287E-11   1.937313E-11
    1.668451E-01     2     2    6.470590E-04   7.573603E-05
    1.668451E-01     2     3   -1.036558E-10   5.000698E-11
    1.668451E-01     2     4    6.242900E-06  -8.606173E-06
    1.668451E-01     2     5   -2.727146E-11   1.478215E-11
    1.668451E-01     2     6   -6.683811E-12  -5.168951E-11
    1.668451E-01     3     1   -6.716252E-12  -1.060177E-11
    1.668451E-01     3     2   -1.349507E-11   8.647852E-11
    1.668451E-01     3     3    1.248742E-03   5.255751E-06
    1.668451E-01     3     4   -3.420916E-12   3.568556E-12
    1.668451E-01     3     5   -1.088724E-11  -1.011941E-11
    1.668451E-01     3     6   -1.453112E-11   2.795597E-11
    1.668451E-01     4     1    1.708000E-12  -1.428267E-13
    1.668451E-01     4     2    2.350219E-07  -3.917488E-06
    1.668451E-01     4     3   -6.948169E-12   3.236287E-12
    1.668451E-01     4     4    1.953995E-05   9.732668E-08
    1.668451E-01     4     5   -1.142156E-12   3.524509E-13
    1.668451E-01     4     6   -8.153967E-13  -2.350397E-12
    1.668451E-01     5     1    1.942932E-06  -4.468607E-07
    1.668451E-01     5     2   -2.634090E-11  -1.699615E-11
    1.668451E-01     5     3    2.158540E-12  -8.791740E-12
    1.668451E-01     5     4   -3.106090E-12  -1.594952E-12
    1.668451E-01     5     5    5.490403E-05   1.860425E-07
    1.668451E-01     5     6    1.505251E-12  -6.695758E-13
    1.668451E-01     6     1    2.034522E-12  -1.267479E-11
    1.668451E-01     6     2   -1.682651E-10  -9.333361E-11
    1.668451E-01     6     3   -1.033013E-11  -3.040058E-11
    1.668451E-01     6     4   -1.138174E-11  -4.613629E-12
    1.668451E-01     6     5    6.000501E-12  -3.847030E-12
    1.668451E-01     6     6    3.453218E-05   2.837788E-06
    1.653761E-01     1     1    1.078337E-05   1.458747E-05
    1.653761E-01     1     2    6.626401E-11  -1.279965E-12
    1.653761E-01     1     3    6.021379E-12  -2.616130E-11
    1.653761E-01     1     4    3.722756E-12   1.020476E-12
    1.653761E-01     1     5    1.677027E-06   5.760252E-07
    1.653761E-01     1     6    9.780481E-12   8.007045E-12
    1.653761E-01     2     1    2.516008E-11   3.060663E-11
    1.653761E-01     2     2    5.895664E-04   5.386920E-05
    1.653761E-01     2     3   -1.505329E-10   5.757519E-11
    1.653761E-01     2     4    3.398966E-06  -9.137324E-06
    1.653761E-01     2     5   -1.842588E-11  -8.807626E-14
    1.653761E-01     2     6   -1.050167E-11  -5.211587E-11
    1.653761E-01     3     1    1.210019E-12  -4.493064E-12
    1.653761E-01     3     2   -4.283570E-11   6.475353E-11
    1.653761E-01     3     3    1.271594E-03   1.846099E-05
    1.653761E-01     3     4    9.679148E-13   6.991040E-12
    1.653761E-01     3     5    9.799657E-12  -5.230784E-12
    1.653761E-01     3     6   -3.937856E-11   1.971335E-11
    1.653761E-01     4     1   -1.095135E-12  -4.038192E-13
    1.653761E-01     4     2   -6.407715E-07  -3.978426E-06
    1.653761E-01     4     3   -6.078815E-12  -3.693411E-12
    1.653761E-01     4     4    1.953885E-05   8.636392E-08
    1.653761E-01     4     5   -3.301847E-12  -5.431839E-13
    1.653761E-01     4     6    1.039300E-12  -1.262707E-12
    1.653761E-01     5     1    1.944240E-06  -4.282439E-07
    1.653761E-01     5     2   -6.476441E-11  -2.342857E-11
    1.653761E-01     5     3   -1.817217E-11   1.100112E-11
    1.653761E-01     5     4   -3.595003E-12   1.676331E-13
    1.653761E-01     5     5    5.533900E-05   8.023699E-07
    1.653761E-01     5     6   -7.085141E-12  -6.903781E-12
    1.653761E-01     6     1    2.754214E-12  -1.772594E-11
    1.653761E-01     6     2   -2.052896E-10  -1.140474E-10
    1.653761E-01     6     3    9.088862E-13  -3.801775E-11
    1.653761E-01     6     4   -1.350006E-11  -6.419001E-12
    1.653761E-01     6     5    3.996878E-12  -5.161697E-12
    1.653761E-01     6     6    3.329868E-05   1.913081E-06
    1.639333E-01     1     1    1.092118E-05   1.400035E-05
    1.639333E-01     1     2    7.041955E-11  -4.045022E-12
    1.639333E-01     1     3   -1.132260E-11  -2.790293E-11
    1.639333E-01     1     4    3.741638E-12  -5.741587E-13
    1.639333E-01     1     5    1.664195E-06   5.667054E-07
    1.639333E-01     1     6    1.379652E-11   8.896739E-12
    1.639333E-01     2     1    2.124252E-11   3.982682E-11
    1.639333E-01     2     2    5.170528E-04   3.815453E-05
    1.639333E-01     2     3   -1.342843E-10   4.642912E-11
    1.639333E-01     2     4   -6.041964E-08  -9.331696E-06
    1.639333E-01     2     5   -2.331093E-11   5.646869E-14
    1.639333E-01     2     6   -1.608631E-11  -5.498606E-11
    1.639333E-01     3     1   -1.357880E-11   1.141009E-11
    1.639333E-01     3     2    6.414245E-12   2.746329E-11
    1.639333E-01     3     3    1.271095E-03   7.710046E-06
    1.639333E-01     3     4   -1.348181E-11   1.716909E-12
    1.639333E-01     3     5   -6.928638E-12  -8.632850E-12
    1.639333E-01     3     6   -3.790123E-11   1.738653E-11
    1.639333E-01     4     1   -6.877639E-13  -1.011937E-12
    1.639333E-01     4     2   -1.792997E-06  -3.921955E-06
    1.639333E-01     4     3   -1.273692E-12   9.556223E-13
    1.639333E-01     4     4    1.953002E-05   8.594728E-08
    1.639333E-01     4     5   -3.462378E-12  -5.221886E-14
    1.639333E-01     4     6   -1.447990E-12  -4.615659E-12
    1.639333E-01     5     1    2.010216E-06  -3.939548E-07
    1.639333E-01     5     2   -6.102780E-11  -2.466553E-11
    1.639333E-01     5     3    2.914051E-12   8.197546E-12
    1.639333E-01     5     4   -4.123044E-12  -1.228939E-12
    1.639333E-01     5     5    5.585622E-05   4.311814E-07
    1.639333E-01     5     6   -3.416658E-12  -3.377110E-12
    1.639333E-01     6     1    2.397808E-12  -2.138954E-11
    1.639333E-01     6     2   -2.175465E-10  -1.140595E-10
    1.639333E-01     6     3   -1.432840E-11  -2.148198E-11
    1.639333E-01     6     4   -1.446283E-11  -7.493478E-12
    1.639333E-01     6     5    8.247410E-12  -5.287764E-12
    1.639333E-01     6     6    3.055098E-05   1.328305E-06
    1.625149E-01     1     1    1.103474E-05   1.340805E-05
    1.625149E-01     1     2    6.777009E-11  -3.854564E-12
    1.625149E-01     1     3   -2.355248E-11  -3.835437E-11
    1.625149E-01     1     4    3.483760E-12  -1.582227E-12
    1.625149E-01     1     5    1.743031E-06   6.931508E-07
    1.625149E-01     1     6    1.503823E-11   1.176163E-11
    1.625149E-01     2     1    4.651071E-12   4.593356E-11
    1.625149E-01     2     2    3.892523E-04   2.105082E-05
    1.625149E-01     2     3   -1.266050E-10   3.833620E-11
    1.625149E-01     2     4   -6.138096E-06  -9.265177E-06
    1.625149E-01     2     5   -1.974346E-11  -3.656777E-12
    1.625149E-01     2     6   -1.575329E-11  -6.394721E-11
    1.625149E-01     3     1   -4.574353E-12   1.818227E-11
    1.625149E-01     3     2    1.346224E-11   2.215924E-11
    1.625149E-01     3     3    1.275370E-03   7.014309E-06
    1.625149E-01     3     4   -1.678575E-11   1.881852E-12
    1.625149E-01     3     5   -2.227638E-12  -4.721124E-12
    1.625149E-01     3     6   -2.946308E-11   2.263773E-11
    1.625149E-01     4     1   -1.047835E-12  -5.435116E-13
    1.625149E-01     4     2   -3.764054E-06  -3.776078E-06
    1.625149E-01     4     3   -5.796052E-13  -1.004078E-12
    1.625149E-01     4     4    1.947723E-05   9.742157E-08
    1.625149E-01     4     5   -3.728213E-12   1.329443E-13
    1.625149E-01     4     6   -1.605221E-12  -4.392635E-12
    1.625149E-01     5     1    2.055798E-06  -3.883078E-07
    1.625149E-01     5     2   -6.105534E-11  -2.027011E-11
    1.625149E-01     5     3    6.096376E-12   1.237508E-11
    1.625149E-01     5     4   -3.680270E-12  -8.018282E-13
    1.625149E-01     5     5    5.602105E-05   3.869489E-07
    1.625149E-01     5     6   -2.006828E-12  -1.533978E-12
    1.625149E-01     6     1    2.500838E-12  -2.111570E-11
    1.625149E-01     6     2   -2.074906E-10  -1.132989E-10
    1.625149E-01     6     3   -2.192160E-11  -1.228020E-11
    1.625149E-01     6     4   -1.401335E-11  -7.821929E-12
    1.625149E-01     6     5    8.036157E-12  -4.526419E-12
    1.625149E-01     6     6    2.494561E-05   9.877198E-07
    1.611214E-01     1     1    1.111174E-05   1.275309E-05
    1.611214E-01     1     2    5.318690E-11   6.242949E-13
    1.611214E-01     1     3   -3.155093E-11  -4.145328E-11
    1.611214E-01     1     4    2.438490E-12  -1.785759E-12
    1.611214E-01     1     5    1.825992E-06   8.269808E-07
    1.611214E-01     1     6    1.477568E-11   1.269304E-11
    1.611214E-01     2     1   -1.076829E-11   4.425817E-11
    1.611214E-01     2     2    2.854583E-04   1.503388E-05
    1.611214E-01     2     3   -1.144257E-10   2.447344E-11
    1.611214E-01     2     4   -1.098828E-05  -8.791226E-06
    1.611214E-01     2     5   -1.584351E-11  -5.953477E-12
    1.611214E-01     2     6   -1.424554E-11  -6.268501E-11
    1.611214E-01     3     1    4.889924E-12   2.001138E-11
    1.611214E-01     3     2    1.582430E-11   1.709531E-11
    1.611214E-01     3     3    1.279977E-03   6.283552E-06
    1.611214E-01     3     4   -1.689009E-11   2.216920E-12
    1.611214E-01     3     5    1.339998E-12  -1.106763E-12
    1.611214E-01     3     6   -1.756362E-11   2.162555E-11
    1.611214E-01     4     1   -1.168134E-12  -2.008962E-13
    1.611214E-01     4     2   -5.276417E-06  -3.504556E-06
    1.611214E-01     4     3    1.832198E-13  -2.222431E-12
    1.611214E-01     4     4    1.945150E-05   1.141077E-07
    1.611214E-01     4     5   -3.220629E-12   1.578342E-13
    1.611214E-01     4     6   -1.690376E-12  -3.590850E-12
    1.611214E-01     5     1    2.109519E-06  -3.862479E-07
    1.611214E-01     5     2   -5.331320E-11  -1.291079E-11
    1.611214E-01     5     3    7.526315E-12   1.359004E-11
    1.611214E-01     5     4   -2.561049E-12  -2.941921E-13
    1.611214E-01     5     5    5.619002E-05   3.560270E-07
    1.611214E-01     5     6   -3.159663E-13   1.830163E-13
    1.611214E-01     6     1    2.186606E-12  -1.758264E-11
    1.611214E-01     6     2   -1.722842E-10  -9.830078E-11
    1.611214E-01     6     3   -2.570877E-11  -3.498771E-12
    1.611214E-01     6     4   -1.194343E-11  -6.838113E-12
    1.611214E-01     6     5    6.779978E-12  -2.912311E-12
    1.611214E-01     6     6    1.951214E-05   1.100836E-06
    1.597511E-01     1     1    1.114050E-05   1.200129E-05
    1.597511E-01     1     2    2.462180E-11   1.012980E-11
    1.597511E-01     1     3   -3.219698E-11  -3.245115E-11
    1.597511E-01     1     4    4.130640E-13  -7.838599E-13
    1.597511E-01     1     5    1.926591E-06   9.423589E-07
    1.597511E-01     1     6    1.283009E-11   1.072768E-11
    1.597511E-01     2     1   -2.092886E-11   3.242285E-11
    1.597511E-01     2     2    2.374851E-04   2.449446E-05
    1.597511E-01     2     3   -1.010326E-10   4.586391E-12
    1.597511E-01     2     4   -1.306660E-05  -7.844599E-06
    1.597511E-01     2     5   -1.272785E-11  -5.910498E-12
    1.597511E-01     2     6   -1.198882E-11  -4.655625E-11
    1.597511E-01     3     1    1.143866E-11   1.545849E-11
    1.597511E-01     3     2    1.182028E-11   9.112083E-12
    1.597511E-01     3     3    1.285530E-03   5.708285E-06
    1.597511E-01     3     4   -1.266821E-11   2.469256E-12
    1.597511E-01     3     5    1.841019E-12   9.176320E-13
    1.597511E-01     3     6   -4.715378E-12   1.002528E-11
    1.597511E-01     4     1   -9.357239E-13  -2.203806E-13
    1.597511E-01     4     2   -5.805388E-06  -3.101690E-06
    1.597511E-01     4     3    1.329470E-12  -1.941630E-12
    1.597511E-01     4     4    1.947961E-05   1.342657E-07
    1.597511E-01     4     5   -1.751517E-12  -7.009494E-14
    1.597511E-01     4     6   -1.810925E-12  -2.319061E-12
    1.597511E-01     5     1    2.174121E-06  -3.875649E-07
    1.597511E-01     5     2   -3.808784E-11  -3.510584E-12
    1.597511E-01     5     3    6.786029E-12   1.032327E-11
    1.597511E-01     5     4   -6.659828E-13   1.934805E-13
    1.597511E-01     5     5    5.639985E-05   3.753680E-07
    1.597511E-01     5     6    1.347153E-12   1.060409E-12
    1.597511E-01     6     1    1.307633E-12  -1.052349E-11
    1.597511E-01     6     2   -1.114596E-10  -6.717099E-11
    1.597511E-01     6     3   -2.248327E-11   2.734504E-12
    1.597511E-01     6     4   -8.156983E-12  -4.241002E-12
    1.597511E-01     6     5    4.520877E-12  -5.112758E-13
    1.597511E-01     6     6    1.551876E-05   1.740158E-06
    1.584043E-01     1     1    1.110935E-05   1.111973E-05
    1.584043E-01     1     2   -1.997340E-11   2.537533E-11
    1.584043E-01     1     3   -2.236964E-11  -6.760025E-12
    1.584043E-01     1     4   -2.785285E-12   1.810830E-12
    1.584043E-01     1     5    2.058340E-06   1.014328E-06
    1.584043E-01     1     6    9.022653E-12   4.934882E-12
    1.584043E-01     2     1   -2.174393E-11   8.130391E-12
    1.584043E-01     2     2    2.771468E-04   5.367544E-05
    1.584043E-01     2     3   -8.971187E-11  -2.157058E-11
    1.584043E-01     2     4   -1.082868E-05  -6.362339E-06
    1.584043E-01     2     5   -1.151325E-11  -2.635888E-12
    1.584043E-01     2     6   -9.408909E-12  -1.107492E-11
    1.584043E-01     3     1    1.169649E-11   3.133346E-12
    1.584043E-01     3     2   -2.299678E-13  -4.843110E-12
    1.584043E-01     3     3    1.292644E-03   5.472659E-06
    1.584043E-01     3     4   -2.993506E-12   2.394557E-12
    1.584043E-01     3     5   -2.657825E-12   1.030378E-13
    1.584043E-01     3     6    6.569090E-12  -1.634176E-11
    1.584043E-01     4     1   -2.376705E-13  -8.302891E-13
    1.584043E-01     4     2   -4.826269E-06  -2.562006E-06
    1.584043E-01     4     3    3.173832E-12   5.705598E-13
    1.584043E-01     4     4    1.958831E-05   1.562155E-07
    1.584043E-01     4     5    8.672338E-13  -6.402672E-13
    1.584043E-01     4     6   -2.074340E-12  -6.823897E-13
    1.584043E-01     5     1    2.252347E-06  -3.920601E-07
    1.584043E-01     5     2   -1.566571E-11   7.038526E-12
    1.584043E-01     5     3    3.457680E-12   1.106986E-12
    1.584043E-01     5     4    2.104329E-12   5.640867E-13
    1.584043E-01     5     5    5.668720E-05   4.806818E-07
    1.584043E-01     5     6    2.673754E-12   4.087957E-13
    1.584043E-01     6     1   -2.835595E-13   3.194356E-13
    1.584043E-01     6     2   -2.454890E-11  -1.808028E-11
    1.584043E-01     6     3   -9.038435E-12   4.363530E-12
    1.584043E-01     6     4   -2.557960E-12   2.602190E-13
    1.584043E-01     6     5    1.300855E-12   2.613045E-12
    1.584043E-01     6     6    1.423364E-05   2.975762E-06
    1.570796E-01     1     1    1.100660E-05   1.007650E-05
    1.570796E-01     1     2   -8.264686E-11   4.705028E-11
    1.570796E-01     1     3    1.052059E-12   4.005488E-11
    1.570796E-01     1     4   -7.349323E-12   6.372717E-12
    1.570796E-01     1     5    2.234751E-06   1.018757E-06
    1.570796E-01     1     6    3.174587E-12  -5.584997E-12
    1.570796E-01     2     1   -9.126795E-12  -3.083986E-11
    1.570796E-01     2     2    4.362575E-04   1.066774E-04
    1.570796E-01     2     3   -8.374955E-11  -5.423491E-11
    1.570796E-01     2     4   -2.730130E-06  -4.283520E-06
    1.570796E-01     2     5   -1.331649E-11   4.732516E-12
    1.570796E-01     2     6   -6.931567E-12   4.809537E-11
    1.570796E-01     3     1    2.288028E-12  -1.830793E-11
    1.570796E-01     3     2   -2.200660E-11  -2.772092E-11
    1.570796E-01     3     3    1.301932E-03   5.754605E-06
    1.570796E-01     3     4    1.326065E-11   1.756663E-12
    1.570796E-01     3     5   -1.408979E-11  -4.757791E-12
    1.570796E-01     3     6    1.377725E-11  -6.151454E-11
    1.570796E-01     4     1    1.038962E-12  -2.251305E-12
    1.570796E-01     4     2   -1.814363E-06  -1.880184E-06
    1.570796E-01     4     3    6.030992E-12   6.021889E-12
    1.570796E-01     4     4    1.980436E-05   1.783320E-07
    1.570796E-01     4     5    4.823733E-12  -1.639114E-12
    1.570796E-01     4     6   -2.588088E-12   1.217579E-12
    1.570796E-01     5     1    2.346940E-06  -3.995370E-07
    1.570796E-01     5     2    1.366674E-11   1.787441E-11
    1.570796E-01     5     3   -2.876570E-12  -1.547759E-11
    1.570796E-01     5     4    5.849284E-12   7.237699E-13
    1.570796E-01     5     5    5.708878E-05   7.064798E-07
    1.570796E-01     5     6    3.355062E-12  -2.438174E-12
    1.570796E-01     6     1   -2.734450E-12   1.519532E-11
    1.570796E-01     6     2    8.891551E-11   5.074005E-11
    1.570796E-01     6     3    1.783240E-11  -5.990240E-13
    1.570796E-01     6     4    4.949705E-12   6.946672E-12
    1.570796E-01     6     5   -2.838084E-12   6.399139E-12
    1.570796E-01     6     6    1.692496E-05   4.875356E-06
