  -1.000000E+00     1     1    3.073191E-05
  -1.000000E+00     1     2   -2.333689E-12
  -1.000000E+00     1     3   -6.875196E-12
  -1.000000E+00     1     4    1.039403E-13
  -1.000000E+00     1     5    1.824048E-06
  -1.000000E+00     1     6   -2.639443E-13
  -1.000000E+00     2     1    2.851879E-12
  -1.000000E+00     2     2    7.821476E-04
  -1.000000E+00     2     3   -2.123519E-10
  -1.000000E+00     2     4    4.847299E-06
  -1.000000E+00     2     5    1.759785E-11
  -1.000000E+00     2     6    9.484811E-12
  -1.000000E+00     3     1   -8.208947E-12
  -1.000000E+00     3     2   -4.432684E-11
  -1.000000E+00     3     3    9.330169E-04
  -1.000000E+00     3     4   -1.377520E-11
  -1.000000E+00     3     5   -3.684342E-11
  -1.000000E+00     3     6   -2.132734E-11
  -1.000000E+00     4     1   -4.139774E-14
  -1.000000E+00     4     2    3.408324E-06
  -1.000000E+00     4     3   -4.344485E-12
  -1.000000E+00     4     4    2.092058E-05
  -1.000000E+00     4     5    7.986794E-13
  -1.000000E+00     4     6    3.354453E-13
  -1.000000E+00     5     1    1.382021E-06
  -1.000000E+00     5     2    2.601536E-12
  -1.000000E+00     5     3   -9.591620E-12
  -1.000000E+00     5     4   -5.682982E-14
  -1.000000E+00     5     5    5.888542E-05
  -1.000000E+00     5     6   -2.666193E-13
  -1.000000E+00     6     1    2.054029E-12
  -1.000000E+00     6     2    1.022925E-11
  -1.000000E+00     6     3   -3.327272E-11
  -1.000000E+00     6     4    2.868750E-13
  -1.000000E+00     6     5    7.336437E-12
  -1.000000E+00     6     6    3.063605E-05
    0.000000E+00     1     1    7.858369E-05
    0.000000E+00     1     2   -2.574343E-12
    0.000000E+00     1     3    1.417252E-11
    0.000000E+00     1     4    1.338805E-12
    0.000000E+00     1     5    3.516212E-05
    0.000000E+00     1     6   -2.629662E-12
    0.000000E+00     2     1    2.290304E-11
    0.000000E+00     2     2    1.471365E-03
    0.000000E+00     2     3   -3.055007E-09
    0.000000E+00     2     4   -2.607659E-05
    0.000000E+00     2     5    5.522886E-11
    0.000000E+00     2     6   -1.514382E-11
    0.000000E+00     3     1   -2.270446E-13
    0.000000E+00     3     2   -3.561584E-11
    0.000000E+00     3     3    6.042437E-03
    0.000000E+00     3     4    3.658632E-11
    0.000000E+00     3     5    8.147204E-11
    0.000000E+00     3     6   -4.788076E-12
    0.000000E+00     4     1   -1.724662E-13
    0.000000E+00     4     2   -2.497293E-05
    0.000000E+00     4     3    1.156193E-10
    0.000000E+00     4     4    4.236219E-05
    0.000000E+00     4     5   -1.455016E-12
    0.000000E+00     4     6    1.137469E-13
    0.000000E+00     5     1    2.228646E-05
    0.000000E+00     5     2   -6.705183E-13
    0.000000E+00     5     3    3.091787E-11
    0.000000E+00     5     4    4.533816E-12
    0.000000E+00     5     5    1.330091E-04
    0.000000E+00     5     6    1.579222E-12
    0.000000E+00     6     1    1.794906E-11
    0.000000E+00     6     2   -3.502061E-11
    0.000000E+00     6     3   -1.549342E-10
    0.000000E+00     6     4    4.537782E-12
    0.000000E+00     6     5    6.617125E-11
    0.000000E+00     6     6    6.465906E-05
    3.141593E+01     1     1    7.858369E-05  -2.779516E-06
    3.141593E+01     1     2   -2.574343E-12  -3.459463E-12
    3.141593E+01     1     3    1.417252E-11  -2.430960E-10
    3.141593E+01     1     4    1.338805E-12   2.527746E-12
    3.141593E+01     1     5    3.516212E-05  -5.843977E-06
    3.141593E+01     1     6   -2.629662E-12  -5.262637E-13
    3.141593E+01     2     1    2.290304E-11   1.901533E-11
    3.141593E+01     2     2    1.471365E-03  -3.561632E-05
    3.141593E+01     2     3   -3.055007E-09  -2.176435E-09
    3.141593E+01     2     4   -2.607659E-05   5.974757E-06
    3.141593E+01     2     5    5.522886E-11   4.757909E-11
    3.141593E+01     2     6   -1.514382E-11   2.721238E-12
    3.141593E+01     3     1   -2.270446E-13  -4.866677E-12
    3.141593E+01     3     2   -3.561584E-11   7.311481E-10
    3.141593E+01     3     3    6.042437E-03   1.944697E-03
    3.141593E+01     3     4    3.658632E-11   4.192386E-12
    3.141593E+01     3     5    8.147204E-11   1.755321E-11
    3.141593E+01     3     6   -4.788076E-12   4.417827E-12
    3.141593E+01     4     1   -1.724662E-13  -9.960148E-13
    3.141593E+01     4     2   -2.497293E-05   5.565257E-06
    3.141593E+01     4     3    1.156193E-10   2.005881E-11
    3.141593E+01     4     4    4.236219E-05  -1.860589E-06
    3.141593E+01     4     5   -1.455016E-12  -8.950743E-12
    3.141593E+01     4     6    1.137469E-13   1.531334E-14
    3.141593E+01     5     1    2.228646E-05  -3.886633E-06
    3.141593E+01     5     2   -6.705183E-13  -5.148038E-12
    3.141593E+01     5     3    3.091787E-11   3.730596E-11
    3.141593E+01     5     4    4.533816E-12   5.494133E-13
    3.141593E+01     5     5    1.330091E-04  -7.962412E-06
    3.141593E+01     5     6    1.579222E-12  -6.415865E-13
    3.141593E+01     6     1    1.794906E-11   1.272876E-11
    3.141593E+01     6     2   -3.502061E-11  -5.710678E-12
    3.141593E+01     6     3   -1.549342E-10  -2.824474E-10
    3.141593E+01     6     4    4.537782E-12   1.367565E-12
    3.141593E+01     6     5    6.617125E-11   3.451741E-11
    3.141593E+01     6     6    6.465906E-05  -1.247560E-07
    1.175526E+01     1     1    7.838612E-05   1.926934E-06
    1.175526E+01     1     2   -2.634318E-12  -1.397141E-13
    1.175526E+01     1     3    3.041726E-11   1.356455E-11
    1.175526E+01     1     4    7.258660E-13  -1.228566E-13
    1.175526E+01     1     5    3.479562E-05   4.191253E-06
    1.175526E+01     1     6   -2.034634E-12  -4.857948E-14
    1.175526E+01     2     1    2.290518E-11   4.289307E-13
    1.175526E+01     2     2    1.471374E-03   3.439736E-06
    1.175526E+01     2     3   -2.828809E-09  -4.574011E-10
    1.175526E+01     2     4   -2.602650E-05  -2.596326E-06
    1.175526E+01     2     5    7.292257E-11   7.464004E-13
    1.175526E+01     2     6   -3.698591E-11  -1.407703E-13
    1.175526E+01     3     1   -9.071722E-12  -9.899229E-13
    1.175526E+01     3     2    2.637373E-13   2.394731E-11
    1.175526E+01     3     3    5.926379E-03   1.435872E-03
    1.175526E+01     3     4    4.872265E-11   6.923544E-12
    1.175526E+01     3     5    5.027181E-11  -1.499590E-11
    1.175526E+01     3     6   -3.800254E-12  -6.077855E-12
    1.175526E+01     4     1   -1.729513E-13  -8.840222E-14
    1.175526E+01     4     2   -2.491873E-05  -2.423763E-06
    1.175526E+01     4     3    1.293734E-10   9.938348E-11
    1.175526E+01     4     4    4.236046E-05   8.737335E-07
    1.175526E+01     4     5   -8.897393E-13   2.887437E-13
    1.175526E+01     4     6    5.106380E-13  -2.345948E-13
    1.175526E+01     5     1    2.205620E-05   2.764788E-06
    1.175526E+01     5     2   -3.546316E-13   6.794609E-15
    1.175526E+01     5     3    2.553838E-11  -1.072268E-11
    1.175526E+01     5     4    5.739217E-12  -1.062392E-13
    1.175526E+01     5     5    1.326527E-04   5.996667E-06
    1.175526E+01     5     6    2.769134E-12  -1.845871E-13
    1.175526E+01     6     1    1.910874E-11  -7.106868E-13
    1.175526E+01     6     2   -4.432178E-11   2.679974E-13
    1.175526E+01     6     3   -1.746456E-10  -7.032844E-11
    1.175526E+01     6     4    4.064919E-12   2.815212E-14
    1.175526E+01     6     5    6.597929E-11  -2.091736E-12
    1.175526E+01     6     6    6.467186E-05   5.644858E-09
    7.231195E+00     1     1    7.841361E-05   1.808809E-06
    7.231195E+00     1     2   -2.668247E-12   1.559564E-13
    7.231195E+00     1     3    4.093181E-11   4.910268E-11
    7.231195E+00     1     4    3.388549E-13  -4.347644E-13
    7.231195E+00     1     5    3.484869E-05   3.921440E-06
    7.231195E+00     1     6   -1.700638E-12   1.823382E-14
    7.231195E+00     2     1    2.235080E-11  -2.236691E-12
    7.231195E+00     2     2    1.472495E-03   6.760922E-06
    7.231195E+00     2     3   -2.615262E-09  -3.580155E-10
    7.231195E+00     2     4   -2.616209E-05  -2.741422E-06
    7.231195E+00     2     5    8.256722E-11  -5.985757E-12
    7.231195E+00     2     6   -4.887470E-11  -4.874192E-13
    7.231195E+00     3     1   -1.407487E-11   1.938128E-13
    7.231195E+00     3     2    2.470943E-11  -7.530930E-11
    7.231195E+00     3     3    5.824761E-03   1.396945E-03
    7.231195E+00     3     4    5.575517E-11   6.996757E-12
    7.231195E+00     3     5    2.599357E-11  -1.810364E-11
    7.231195E+00     3     6   -2.621870E-12  -6.844961E-12
    7.231195E+00     4     1   -2.049314E-13   5.359754E-14
    7.231195E+00     4     2   -2.504035E-05  -2.557446E-06
    7.231195E+00     4     3    1.338111E-10   9.480006E-11
    7.231195E+00     4     4    4.243587E-05   9.021733E-07
    7.231195E+00     4     5   -6.304519E-13   1.481969E-12
    7.231195E+00     4     6    7.514856E-13  -2.429022E-13
    7.231195E+00     5     1    2.209906E-05   2.590129E-06
    7.231195E+00     5     2   -3.187522E-13   1.118679E-12
    7.231195E+00     5     3    2.118090E-11  -1.588693E-11
    7.231195E+00     5     4    6.201835E-12  -1.069552E-13
    7.231195E+00     5     5    1.328878E-04   5.580350E-06
    7.231195E+00     5     6    3.889682E-12  -8.360423E-14
    7.231195E+00     6     1    2.012455E-11  -2.086404E-12
    7.231195E+00     6     2   -4.815350E-11   9.992761E-13
    7.231195E+00     6     3   -1.818484E-10  -3.284448E-11
    7.231195E+00     6     4    3.261120E-12  -1.588294E-13
    7.231195E+00     6     5    6.622803E-11  -5.846185E-12
    7.231195E+00     6     6    6.471044E-05   2.088349E-08
    5.221194E+00     1     1    7.864850E-05   1.153735E-06
    5.221194E+00     1     2   -2.681333E-12   2.745877E-14
    5.221194E+00     1     3    4.644757E-11   5.036473E-11
    5.221194E+00     1     4    1.466061E-13  -3.968875E-13
    5.221194E+00     1     5    3.528654E-05   2.508770E-06
    5.221194E+00     1     6   -1.585271E-12   2.186339E-14
    5.221194E+00     2     1    2.134505E-11  -2.441324E-12
    5.221194E+00     2     2    1.474772E-03   5.200916E-06
    5.221194E+00     2     3   -2.411722E-09  -4.795093E-10
    5.221194E+00     2     4   -2.648803E-05  -1.851212E-06
    5.221194E+00     2     5    8.538629E-11  -6.513182E-12
    5.221194E+00     2     6   -5.241625E-11  -4.585972E-13
    5.221194E+00     3     1   -1.581344E-11   8.215106E-13
    5.221194E+00     3     2    3.920344E-11  -8.058562E-11
    5.221194E+00     3     3    5.734109E-03   1.449175E-03
    5.221194E+00     3     4    5.838293E-11   6.532638E-12
    5.221194E+00     3     5    7.910474E-12  -1.655299E-11
    5.221194E+00     3     6   -1.332636E-12  -6.180199E-12
    5.221194E+00     4     1   -2.619184E-13   7.491006E-14
    5.221194E+00     4     2   -2.534173E-05  -1.726478E-06
    5.221194E+00     4     3    1.300663E-10   7.819316E-11
    5.221194E+00     4     4    4.258896E-05   6.040327E-07
    5.221194E+00     4     5   -6.237228E-13   1.446433E-12
    5.221194E+00     4     6    8.613399E-13  -2.166839E-13
    5.221194E+00     5     1    2.239219E-05   1.657413E-06
    5.221194E+00     5     2   -5.070758E-13   1.501254E-12
    5.221194E+00     5     3    1.784377E-11  -1.454820E-11
    5.221194E+00     5     4    6.043059E-12  -3.560958E-14
    5.221194E+00     5     5    1.336779E-04   3.578612E-06
    5.221194E+00     5     6    4.912337E-12  -4.602073E-14
    5.221194E+00     6     1    2.092472E-11  -1.706548E-12
    5.221194E+00     6     2   -4.744322E-11   9.256133E-13
    5.221194E+00     6     3   -1.785723E-10  -2.315571E-11
    5.221194E+00     6     4    2.203921E-12  -1.703716E-13
    5.221194E+00     6     5    6.663891E-11  -4.812031E-12
    5.221194E+00     6     6    6.477705E-05   1.874299E-08
    4.085827E+00     1     1    7.907316E-05   5.197425E-07
    4.085827E+00     1     2   -2.678776E-12  -1.870879E-13
    4.085827E+00     1     3    4.769593E-11   4.165948E-11
    4.085827E+00     1     4    1.179541E-13  -2.679632E-13
    4.085827E+00     1     5    3.607436E-05   1.145712E-06
    4.085827E+00     1     6   -1.646127E-12   7.524535E-15
    4.085827E+00     2     1    1.999312E-11  -1.935755E-12
    4.085827E+00     2     2    1.478246E-03   2.773548E-06
    4.085827E+00     2     3   -2.215547E-09  -6.400859E-10
    4.085827E+00     2     4   -2.700895E-05  -8.874733E-07
    4.085827E+00     2     5    8.260326E-11  -5.244975E-12
    4.085827E+00     2     6   -4.921664E-11  -3.326875E-13
    4.085827E+00     3     1   -1.486438E-11   1.171076E-12
    4.085827E+00     3     2    4.522793E-11  -5.873307E-11
    4.085827E+00     3     3    5.650951E-03   1.543677E-03
    4.085827E+00     3     4    5.730498E-11   5.808735E-12
    4.085827E+00     3     5   -4.704316E-12  -1.357121E-11
    4.085827E+00     3     6   -1.226132E-14  -5.164202E-12
    4.085827E+00     4     1   -3.374241E-13   5.940998E-14
    4.085827E+00     4     2   -2.582679E-05  -8.275711E-07
    4.085827E+00     4     3    1.192727E-10   5.893489E-11
    4.085827E+00     4     4    4.282027E-05   2.889463E-07
    4.085827E+00     4     5   -8.161204E-13   1.069016E-12
    4.085827E+00     4     6    8.652514E-13  -1.829300E-13
    4.085827E+00     5     1    2.291272E-05   7.563971E-07
    4.085827E+00     5     2   -8.637978E-13   1.585676E-12
    4.085827E+00     5     3    1.552535E-11  -1.143881E-11
    4.085827E+00     5     4    5.384278E-12   3.197308E-14
    4.085827E+00     5     5    1.349868E-04   1.656109E-06
    4.085827E+00     5     6    5.808574E-12  -3.380995E-14
    4.085827E+00     6     1    2.143745E-11  -9.120717E-13
    4.085827E+00     6     2   -4.311837E-11   6.249317E-13
    4.085827E+00     6     3   -1.668469E-10  -2.217691E-11
    4.085827E+00     6     4    9.708554E-13  -1.335568E-13
    4.085827E+00     6     5    6.693339E-11  -2.640336E-12
    4.085827E+00     6     6    6.487395E-05   1.194380E-08
    3.355865E+00     1     1    7.966995E-05   6.588996E-08
    3.355865E+00     1     2   -2.665778E-12  -3.911547E-13
    3.355865E+00     1     3    4.540830E-11   2.991685E-11
    3.355865E+00     1     4    2.217332E-13  -1.217801E-13
    3.355865E+00     1     5    3.717735E-05   1.721478E-07
    3.355865E+00     1     6   -1.840800E-12  -1.187753E-14
    3.355865E+00     2     1    1.840016E-11  -1.219348E-12
    3.355865E+00     2     2    1.482958E-03   6.236563E-07
    3.355865E+00     2     3   -2.024093E-09  -7.877399E-10
    3.355865E+00     2     4   -2.772952E-05  -1.243864E-07
    3.355865E+00     2     5    7.544161E-11  -3.438635E-12
    3.355865E+00     2     6   -4.088196E-11  -1.890745E-13
    3.355865E+00     3     1   -1.180464E-11   1.321698E-12
    3.355865E+00     3     2    4.426510E-11  -2.882193E-11
    3.355865E+00     3     3    5.571814E-03   1.666184E-03
    3.355865E+00     3     4    5.322039E-11   4.902914E-12
    3.355865E+00     3     5   -1.257764E-11  -1.007624E-11
    3.355865E+00     3     6    1.259543E-12  -4.104183E-12
    3.355865E+00     4     1   -4.249603E-13   3.102957E-14
    3.355865E+00     4     2   -2.649947E-05  -1.163572E-07
    3.355865E+00     4     3    1.025641E-10   3.968435E-11
    3.355865E+00     4     4    4.313034E-05   4.518068E-08
    3.355865E+00     4     5   -1.154214E-12   6.026328E-13
    3.355865E+00     4     6    7.882703E-13  -1.492999E-13
    3.355865E+00     5     1    2.363778E-05   1.121812E-07
    3.355865E+00     5     2   -1.333114E-12   1.494741E-12
    3.355865E+00     5     3    1.422396E-11  -7.906792E-12
    3.355865E+00     5     4    4.346881E-12   7.415445E-14
    3.355865E+00     5     5    1.367779E-04   2.872922E-07
    3.355865E+00     5     6    6.549865E-12  -3.610359E-14
    3.355865E+00     6     1    2.159097E-11  -8.546624E-14
    3.355865E+00     6     2   -3.610642E-11   2.620419E-13
    3.355865E+00     6     3   -1.487019E-10  -2.445379E-11
    3.355865E+00     6     4   -3.605414E-13  -8.463280E-14
    3.355865E+00     6     5    6.683291E-11  -3.724870E-13
    3.355865E+00     6     6    6.500338E-05   4.113806E-09
    2.847322E+00     1     1    8.042122E-05  -1.450830E-07
    2.847322E+00     1     2   -2.647539E-12  -5.467660E-13
    2.847322E+00     1     3    4.031607E-11   1.787282E-11
    2.847322E+00     1     4    4.267780E-13   1.256014E-14
    2.847322E+00     1     5    3.856071E-05  -2.778497E-07
    2.847322E+00     1     6   -2.126887E-12  -3.126039E-14
    2.847322E+00     2     1    1.667136E-11  -4.890624E-13
    2.847322E+00     2     2    1.488951E-03  -7.974427E-07
    2.847322E+00     2     3   -1.834716E-09  -9.021088E-10
    2.847322E+00     2     4   -2.865437E-05   3.299104E-07
    2.847322E+00     2     5    6.512483E-11  -1.590213E-12
    2.847322E+00     2     6   -2.901829E-11  -5.907508E-14
    2.847322E+00     3     1   -7.211176E-12   1.304753E-12
    2.847322E+00     3     2    3.779713E-11   1.628861E-12
    2.847322E+00     3     3    5.493227E-03   1.811358E-03
    2.847322E+00     3     4    4.682821E-11   3.846871E-12
    2.847322E+00     3     5   -1.643632E-11  -6.431938E-12
    2.847322E+00     3     6    2.403068E-12  -3.122039E-12
    2.847322E+00     4     1   -5.180390E-13  -7.981118E-16
    2.847322E+00     4     2   -2.736368E-05   3.063414E-07
    2.847322E+00     4     3    8.107436E-11   2.149926E-11
    2.847322E+00     4     4    4.351972E-05  -9.244990E-08
    2.847322E+00     4     5   -1.584571E-12   1.470533E-13
    2.847322E+00     4     6    6.554471E-13  -1.188428E-13
    2.847322E+00     5     1    2.454451E-05  -1.864394E-07
    2.847322E+00     5     2   -1.859219E-12   1.277071E-12
    2.847322E+00     5     3    1.393798E-11  -4.484996E-12
    2.847322E+00     5     4    3.052259E-12   8.241785E-14
    2.847322E+00     5     5    1.390149E-04  -3.406720E-07
    2.847322E+00     5     6    7.107684E-12  -4.862965E-14
    2.847322E+00     6     1    2.131348E-11   6.224977E-13
    2.847322E+00     6     2   -2.733480E-11  -9.805320E-14
    2.847322E+00     6     3   -1.261670E-10  -2.784301E-11
    2.847322E+00     6     4   -1.712735E-12  -3.789557E-14
    2.847322E+00     6     5    6.605891E-11   1.580992E-12
    2.847322E+00     6     6    6.516757E-05  -3.316405E-09
    2.472527E+00     1     1    8.130934E-05  -8.349503E-08
    2.472527E+00     1     2   -2.629262E-12  -6.358802E-13
    2.472527E+00     1     3    3.315064E-11   6.818319E-12
    2.472527E+00     1     4    7.019229E-13   1.212964E-13
    2.472527E+00     1     5    4.018964E-05  -1.408575E-07
    2.472527E+00     1     6   -2.461981E-12  -4.821540E-14
    2.472527E+00     2     1    1.491187E-11   1.620205E-13
    2.472527E+00     2     2    1.496268E-03  -1.276182E-06
    2.472527E+00     2     3   -1.644773E-09  -9.734283E-10
    2.472527E+00     2     4   -2.978817E-05   4.242514E-07
    2.472527E+00     2     5    5.287639E-11   6.592210E-14
    2.472527E+00     2     6   -1.523169E-11   4.251131E-14
    2.472527E+00     3     1   -1.660937E-12   1.134905E-12
    2.472527E+00     3     2    2.730620E-11   2.906317E-11
    2.472527E+00     3     3    5.411716E-03   1.976410E-03
    2.472527E+00     3     4    3.882749E-11   2.654858E-12
    2.472527E+00     3     5   -1.700721E-11  -2.809027E-12
    2.472527E+00     3     6    3.338602E-12  -2.274845E-12
    2.472527E+00     4     1   -6.101720E-13  -3.161060E-14
    2.472527E+00     4     2   -2.842337E-05   3.928204E-07
    2.472527E+00     4     3    5.593732E-11   4.874193E-12
    2.472527E+00     4     4    4.398894E-05  -1.074744E-07
    2.472527E+00     4     5   -2.053761E-12  -2.505704E-13
    2.472527E+00     4     6    4.918321E-13  -9.297901E-14
    2.472527E+00     5     1    2.561004E-05  -9.746009E-08
    2.472527E+00     5     2   -2.386310E-12   9.554667E-13
    2.472527E+00     5     3    1.466573E-11  -1.424494E-12
    2.472527E+00     5     4    1.621801E-12   5.272114E-14
    2.472527E+00     5     5    1.416614E-04  -1.392527E-07
    2.472527E+00     5     6    7.453502E-12  -6.935860E-14
    2.472527E+00     6     1    2.053321E-11   1.140445E-12
    2.472527E+00     6     2   -1.773096E-11  -4.246128E-13
    2.472527E+00     6     3   -1.012719E-10  -3.132565E-11
    2.472527E+00     6     4   -3.008190E-12  -1.015106E-16
    2.472527E+00     6     5    6.433283E-11   3.025779E-12
    2.472527E+00     6     6    6.536879E-05  -9.670059E-09
    2.185000E+00     1     1    8.236592E-05   2.692787E-07
    2.185000E+00     1     2   -2.735962E-12  -6.165943E-13
    2.185000E+00     1     3    2.858128E-11  -2.361457E-12
    2.185000E+00     1     4    9.301486E-13   2.384997E-13
    2.185000E+00     1     5    4.213352E-05   6.076568E-07
    2.185000E+00     1     6   -2.672705E-12  -6.015698E-14
    2.185000E+00     2     1    1.342813E-11  -1.514517E-13
    2.185000E+00     2     2    1.505104E-03  -1.049132E-06
    2.185000E+00     2     3   -1.439547E-09  -9.640272E-10
    2.185000E+00     2     4   -3.120310E-05   2.205860E-07
    2.185000E+00     2     5    4.158505E-11  -1.148205E-12
    2.185000E+00     2     6   -2.265368E-12   1.500486E-14
    2.185000E+00     3     1    4.029647E-12   6.534479E-13
    2.185000E+00     3     2    2.513156E-11   4.860537E-11
    2.185000E+00     3     3    5.326447E-03   2.169154E-03
    2.185000E+00     3     4    3.266163E-11   1.810504E-12
    2.185000E+00     3     5   -1.668199E-11   1.589785E-12
    2.185000E+00     3     6    3.643743E-12  -1.578507E-12
    2.185000E+00     4     1   -7.487508E-13  -8.832968E-14
    2.185000E+00     4     2   -2.974533E-05   2.001727E-07
    2.185000E+00     4     3    2.661933E-11  -1.220084E-11
    2.185000E+00     4     4    4.456114E-05  -1.436251E-08
    2.185000E+00     4     5   -2.591526E-12  -5.474388E-13
    2.185000E+00     4     6    3.146909E-13  -6.928353E-14
    2.185000E+00     5     1    2.688098E-05   3.954321E-07
    2.185000E+00     5     2   -2.604334E-12  -1.851400E-14
    2.185000E+00     5     3    1.765527E-11  -4.866224E-13
    2.185000E+00     5     4    4.094769E-13  -1.371146E-13
    2.185000E+00     5     5    1.448166E-04   9.089298E-07
    2.185000E+00     5     6    7.411563E-12  -1.152081E-13
    2.185000E+00     6     1    1.883632E-11   1.223586E-12
    2.185000E+00     6     2   -8.647812E-12  -6.560382E-13
    2.185000E+00     6     3   -7.890179E-11  -3.529516E-11
    2.185000E+00     6     4   -4.165560E-12  -4.409356E-14
    2.185000E+00     6     5    6.085827E-11   3.380834E-12
    2.185000E+00     6     6    6.560697E-05  -1.956247E-08
    1.957318E+00     1     1    8.356225E-05   8.922529E-07
    1.957318E+00     1     2   -2.869885E-12  -4.091539E-13
    1.957318E+00     1     3    1.702120E-11  -8.825766E-12
    1.957318E+00     1     4    1.311045E-12   2.534409E-13
    1.957318E+00     1     5    4.433509E-05   1.922447E-06
    1.957318E+00     1     6   -2.943578E-12   5.473812E-15
    1.957318E+00     2     1    1.205825E-11   3.252683E-13
    1.957318E+00     2     2    1.515490E-03   1.459367E-07
    1.957318E+00     2     3   -1.221395E-09  -8.854876E-10
    1.957318E+00     2     4   -3.289560E-05  -2.952131E-07
    1.957318E+00     2     5    3.116554E-11   1.976976E-13
    1.957318E+00     2     6    8.367996E-12   1.379716E-13
    1.957318E+00     3     1    9.286391E-12  -2.207264E-13
    1.957318E+00     3     2    5.932626E-12   5.800311E-11
    1.957318E+00     3     3    5.231841E-03   2.384289E-03
    1.957318E+00     3     4    2.311471E-11   7.049027E-13
    1.957318E+00     3     5   -1.355943E-11   4.615725E-12
    1.957318E+00     3     6    3.805305E-12  -9.419299E-13
    1.957318E+00     4     1   -7.428895E-13  -7.560452E-14
    1.957318E+00     4     2   -3.132586E-05  -2.842650E-07
    1.957318E+00     4     3   -4.557158E-12  -2.967675E-11
    1.957318E+00     4     4    4.523348E-05   1.888503E-07
    1.957318E+00     4     5   -2.912785E-12  -6.944394E-13
    1.957318E+00     4     6    2.392806E-13  -5.694075E-14
    1.957318E+00     5     1    2.831941E-05   1.262730E-06
    1.957318E+00     5     2   -2.931428E-12  -8.744006E-13
    1.957318E+00     5     3    2.124388E-11   2.364918E-12
    1.957318E+00     5     4   -7.051840E-13  -3.704380E-13
    1.957318E+00     5     5    1.484141E-04   2.737509E-06
    1.957318E+00     5     6    7.136809E-12  -2.936431E-13
    1.957318E+00     6     1    1.629158E-11   1.071377E-12
    1.957318E+00     6     2   -1.661919E-12  -8.465232E-13
    1.957318E+00     6     3   -5.817813E-11  -3.756697E-11
    1.957318E+00     6     4   -4.939496E-12   2.278260E-14
    1.957318E+00     6     5    5.533162E-11   2.985759E-12
    1.957318E+00     6     6    6.588515E-05  -3.170933E-08
    1.772658E+00     1     1    8.485694E-05   1.864345E-06
    1.772658E+00     1     2   -2.882426E-12  -8.422940E-14
    1.772658E+00     1     3    6.413837E-12  -1.143124E-11
    1.772658E+00     1     4    1.607708E-12   1.857106E-13
    1.772658E+00     1     5    4.671201E-05   3.976005E-06
    1.772658E+00     1     6   -3.200437E-12  -2.254909E-14
    1.772658E+00     2     1    1.109604E-11   6.118758E-13
    1.772658E+00     2     2    1.527440E-03   2.561691E-06
    1.772658E+00     2     3   -9.947698E-10  -7.581180E-10
    1.772658E+00     2     4   -3.485139E-05  -1.262139E-06
    1.772658E+00     2     5    2.164948E-11   1.180790E-12
    1.772658E+00     2     6    1.481615E-11  -3.946249E-14
    1.772658E+00     3     1    1.393073E-11  -6.934646E-13
    1.772658E+00     3     2   -1.436029E-11   6.314195E-11
    1.772658E+00     3     3    5.122051E-03   2.617077E-03
    1.772658E+00     3     4    1.351702E-11  -1.042778E-12
    1.772658E+00     3     5   -7.118781E-12   8.509977E-12
    1.772658E+00     3     6    3.277608E-12  -9.511650E-13
    1.772658E+00     4     1   -7.266546E-13  -1.536432E-14
    1.772658E+00     4     2   -3.315118E-05  -1.190114E-06
    1.772658E+00     4     3   -3.449851E-11  -4.074530E-11
    1.772658E+00     4     4    4.599902E-05   5.466658E-07
    1.772658E+00     4     5   -2.856047E-12  -5.206616E-13
    1.772658E+00     4     6    2.211009E-13  -2.700710E-14
    1.772658E+00     5     1    2.987085E-05   2.618429E-06
    1.772658E+00     5     2   -2.948409E-12  -1.415482E-12
    1.772658E+00     5     3    2.991548E-11   5.525283E-12
    1.772658E+00     5     4   -1.587174E-12  -3.952916E-13
    1.772658E+00     5     5    1.523550E-04   5.590859E-06
    1.772658E+00     5     6    6.693873E-12  -3.576250E-13
    1.772658E+00     6     1    1.304021E-11   4.150548E-13
    1.772658E+00     6     2    2.526027E-12  -1.138787E-12
    1.772658E+00     6     3   -4.230248E-11  -3.859963E-11
    1.772658E+00     6     4   -5.334924E-12   8.426349E-14
    1.772658E+00     6     5    4.752424E-11   1.164671E-12
    1.772658E+00     6     6    6.620715E-05  -4.546440E-08
    1.619795E+00     1     1    8.618752E-05   3.210553E-06
    1.619795E+00     1     2   -2.845005E-12   1.927916E-13
    1.619795E+00     1     3   -1.669461E-12  -1.314409E-11
    1.619795E+00     1     4    1.800385E-12   6.128661E-14
    1.619795E+00     1     5    4.913858E-05   6.828225E-06
    1.619795E+00     1     6   -3.264395E-12  -9.728215E-14
    1.619795E+00     2     1    1.055748E-11   1.356622E-12
    1.619795E+00     2     2    1.540886E-03   6.476875E-06
    1.619795E+00     2     3   -7.793867E-10  -6.055273E-10
    1.619795E+00     2     4   -3.702590E-05  -2.769832E-06
    1.619795E+00     2     5    1.532235E-11   3.862848E-12
    1.619795E+00     2     6    1.676140E-11  -3.533401E-13
    1.619795E+00     3     1    1.654079E-11  -9.515357E-13
    1.619795E+00     3     2   -3.006299E-11   7.048318E-11
    1.619795E+00     3     3    4.991194E-03   2.861303E-03
    1.619795E+00     3     4    5.347234E-12  -4.520306E-12
    1.619795E+00     3     5   -9.538017E-14   1.196089E-11
    1.619795E+00     3     6    2.125146E-12  -9.547183E-13
    1.619795E+00     4     1   -7.120232E-13  -7.264921E-15
    1.619795E+00     4     2   -3.517934E-05  -2.600846E-06
    1.619795E+00     4     3   -6.038551E-11  -4.384331E-11
    1.619795E+00     4     4    4.684075E-05   1.085295E-06
    1.619795E+00     4     5   -2.712800E-12  -4.236393E-13
    1.619795E+00     4     6    2.299074E-13   5.578535E-15
    1.619795E+00     5     1    3.145190E-05   4.502348E-06
    1.619795E+00     5     2   -3.103908E-12  -1.570807E-12
    1.619795E+00     5     3    3.302228E-11   6.107410E-12
    1.619795E+00     5     4   -2.303688E-12  -6.249417E-13
    1.619795E+00     5     5    1.564839E-04   9.555664E-06
    1.619795E+00     5     6    5.963798E-12  -5.068071E-13
    1.619795E+00     6     1    9.216603E-12  -3.227087E-13
    1.619795E+00     6     2    4.469814E-12  -1.236043E-12
    1.619795E+00     6     3   -3.122388E-11  -3.890878E-11
    1.619795E+00     6     4   -5.383254E-12   7.491596E-14
    1.619795E+00     6     5    3.807365E-11  -7.662812E-13
    1.619795E+00     6     6    6.657751E-05  -5.879809E-08
    1.491239E+00     1     1    8.747135E-05   4.937535E-06
    1.491239E+00     1     2   -2.649496E-12   5.126165E-13
    1.491239E+00     1     3   -7.094352E-12  -1.291102E-11
    1.491239E+00     1     4    1.863708E-12  -1.095110E-13
    1.491239E+00     1     5    5.144611E-05   1.050677E-05
    1.491239E+00     1     6   -3.235486E-12  -1.384557E-13
    1.491239E+00     2     1    1.026718E-11   1.714841E-12
    1.491239E+00     2     2    1.555671E-03   1.217441E-05
    1.491239E+00     2     3   -5.726255E-10  -4.383963E-10
    1.491239E+00     2     4   -3.933836E-05  -4.904109E-06
    1.491239E+00     2     5    1.136021E-11   4.407574E-12
    1.491239E+00     2     6    1.557467E-11  -3.118014E-13
    1.491239E+00     3     1    1.696273E-11  -1.587816E-12
    1.491239E+00     3     2   -3.704371E-11   7.186946E-11
    1.491239E+00     3     3    4.834161E-03   3.110457E-03
    1.491239E+00     3     4   -9.791077E-13  -7.423175E-12
    1.491239E+00     3     5    5.951569E-12   1.377516E-11
    1.491239E+00     3     6    7.414923E-13  -1.539976E-12
    1.491239E+00     4     1   -7.099140E-13  -4.004693E-14
    1.491239E+00     4     2   -3.733475E-05  -4.595868E-06
    1.491239E+00     4     3   -8.136568E-11  -4.202406E-11
    1.491239E+00     4     4    4.773008E-05   1.827893E-06
    1.491239E+00     4     5   -2.542126E-12  -4.263537E-13
    1.491239E+00     4     6    3.105552E-13  -2.026731E-14
    1.491239E+00     5     1    3.295049E-05   6.932848E-06
    1.491239E+00     5     2   -3.256692E-12  -1.540165E-12
    1.491239E+00     5     3    3.281887E-11   5.574806E-12
    1.491239E+00     5     4   -2.858886E-12  -8.276615E-13
    1.491239E+00     5     5    1.605899E-04   1.467989E-05
    1.491239E+00     5     6    4.872819E-12  -6.248860E-13
    1.491239E+00     6     1    5.367340E-12  -1.154117E-12
    1.491239E+00     6     2    4.004712E-12  -1.061115E-12
    1.491239E+00     6     3   -2.380527E-11  -3.637662E-11
    1.491239E+00     6     4   -5.230870E-12  -1.440931E-13
    1.491239E+00     6     5    2.778322E-11  -3.134005E-12
    1.491239E+00     6     6    6.700172E-05  -6.780987E-08
    1.381557E+00     1     1    8.860986E-05   7.027763E-06
    1.381557E+00     1     2   -2.248220E-12   5.623038E-13
    1.381557E+00     1     3   -1.018403E-11  -1.092542E-11
    1.381557E+00     1     4    1.809583E-12  -2.231543E-13
    1.381557E+00     1     5    5.342964E-05   1.499469E-05
    1.381557E+00     1     6   -3.009209E-12  -1.676292E-13
    1.381557E+00     2     1    9.914300E-12   2.401560E-12
    1.381557E+00     2     2    1.571528E-03   1.991057E-05
    1.381557E+00     2     3   -3.694757E-10  -2.685757E-10
    1.381557E+00     2     4   -4.166868E-05  -7.734947E-06
    1.381557E+00     2     5    9.702092E-12   6.473482E-12
    1.381557E+00     2     6    1.129128E-11  -3.925537E-13
    1.381557E+00     3     1    1.578285E-11  -2.524809E-12
    1.381557E+00     3     2   -3.610528E-11   6.887800E-11
    1.381557E+00     3     3    4.647192E-03   3.358477E-03
    1.381557E+00     3     4   -4.273252E-12  -1.015538E-11
    1.381557E+00     3     5    9.728435E-12   1.326210E-11
    1.381557E+00     3     6   -3.280217E-13  -2.024936E-12
    1.381557E+00     4     1   -7.392106E-13  -5.380294E-14
    1.381557E+00     4     2   -3.950514E-05  -7.240066E-06
    1.381557E+00     4     3   -9.552958E-11  -3.603868E-11
    1.381557E+00     4     4    4.862669E-05   2.790674E-06
    1.381557E+00     4     5   -2.181610E-12  -3.716191E-13
    1.381557E+00     4     6    3.861225E-13  -5.090744E-14
    1.381557E+00     5     1    3.423031E-05   9.898512E-06
    1.381557E+00     5     2   -3.464502E-12  -1.382527E-12
    1.381557E+00     5     3    2.766976E-11   2.780626E-12
    1.381557E+00     5     4   -3.306537E-12  -9.520044E-13
    1.381557E+00     5     5    1.644150E-04   2.095648E-05
    1.381557E+00     5     6    3.538653E-12  -6.537342E-13
    1.381557E+00     6     1    1.670651E-12  -1.630686E-12
    1.381557E+00     6     2    1.868950E-12  -1.053342E-12
    1.381557E+00     6     3   -1.932246E-11  -3.191555E-11
    1.381557E+00     6     4   -4.856411E-12  -1.794494E-13
    1.381557E+00     6     5    1.680780E-11  -4.277946E-12
    1.381557E+00     6     6    6.748544E-05  -6.633361E-08
    1.286905E+00     1     1    8.949686E-05   9.438065E-06
    1.286905E+00     1     2   -1.663453E-12   6.893655E-13
    1.286905E+00     1     3   -1.137923E-11  -7.753060E-12
    1.286905E+00     1     4    1.603001E-12  -3.428006E-13
    1.286905E+00     1     5    5.486304E-05   2.022404E-05
    1.286905E+00     1     6   -2.685074E-12  -4.409267E-14
    1.286905E+00     2     1    9.282747E-12   2.844338E-12
    1.286905E+00     2     2    1.588091E-03   2.987800E-05
    1.286905E+00     2     3   -1.935894E-10  -1.131746E-10
    1.286905E+00     2     4   -4.385969E-05  -1.130495E-05
    1.286905E+00     2     5    1.014508E-11   8.612061E-12
    1.286905E+00     2     6    5.505899E-12  -3.675271E-13
    1.286905E+00     3     1    1.324532E-11  -3.815495E-12
    1.286905E+00     3     2   -2.659530E-11   5.730783E-11
    1.286905E+00     3     3    4.427551E-03   3.602323E-03
    1.286905E+00     3     4   -4.608710E-12  -1.064923E-11
    1.286905E+00     3     5    8.717628E-12   1.137948E-11
    1.286905E+00     3     6   -1.049616E-12  -1.335711E-12
    1.286905E+00     4     1   -7.635910E-13  -8.050704E-14
    1.286905E+00     4     2   -4.154390E-05  -1.057251E-05
    1.286905E+00     4     3   -1.021579E-10  -2.571381E-11
    1.286905E+00     4     4    4.947983E-05   3.979556E-06
    1.286905E+00     4     5   -1.468578E-12  -3.711346E-13
    1.286905E+00     4     6    4.771656E-13  -1.120462E-13
    1.286905E+00     5     1    3.514079E-05   1.335378E-05
    1.286905E+00     5     2   -3.185976E-12  -1.190090E-12
    1.286905E+00     5     3    1.845431E-11  -1.191038E-12
    1.286905E+00     5     4   -3.526991E-12  -9.358681E-13
    1.286905E+00     5     5    1.676732E-04   2.831141E-05
    1.286905E+00     5     6    2.168934E-12  -2.815322E-13
    1.286905E+00     6     1   -1.372336E-12  -1.841640E-12
    1.286905E+00     6     2   -2.170639E-12  -9.185385E-13
    1.286905E+00     6     3   -1.714826E-11  -2.622840E-11
    1.286905E+00     6     4   -4.533015E-12  -3.250795E-13
    1.286905E+00     6     5    6.253742E-12  -4.870049E-12
    1.286905E+00     6     6    6.803439E-05  -4.587949E-08
    1.204414E+00     1     1    9.002909E-05   1.210471E-05
    1.204414E+00     1     2   -9.587045E-13   9.870747E-13
    1.204414E+00     1     3   -1.193204E-11  -6.635972E-12
    1.204414E+00     1     4    1.218597E-12  -4.702459E-13
    1.204414E+00     1     5    5.552234E-05   2.607912E-05
    1.204414E+00     1     6   -2.256733E-12   3.429734E-14
    1.204414E+00     2     1    8.873249E-12   3.349290E-12
    1.204414E+00     2     2    1.604899E-03   4.216943E-05
    1.204414E+00     2     3   -4.380157E-11   1.833969E-11
    1.204414E+00     2     4   -4.572392E-05  -1.561839E-05
    1.204414E+00     2     5    1.355333E-11   1.152345E-11
    1.204414E+00     2     6   -9.318400E-13  -2.496216E-13
    1.204414E+00     3     1    9.986326E-12  -5.405530E-12
    1.204414E+00     3     2   -1.027711E-11   4.388502E-11
    1.204414E+00     3     3    4.171454E-03   3.841847E-03
    1.204414E+00     3     4   -1.772551E-12  -1.032967E-11
    1.204414E+00     3     5    6.922057E-12   8.004012E-12
    1.204414E+00     3     6   -1.476413E-12  -5.271573E-13
    1.204414E+00     4     1   -7.490649E-13  -1.398724E-13
    1.204414E+00     4     2   -4.327625E-05  -1.459637E-05
    1.204414E+00     4     3   -1.003190E-10  -1.254776E-11
    1.204414E+00     4     4    5.023157E-05   5.387326E-06
    1.204414E+00     4     5   -4.536976E-13  -5.545980E-13
    1.204414E+00     4     6    5.288124E-13  -1.864819E-13
    1.204414E+00     5     1    3.553283E-05   1.722116E-05
    1.204414E+00     5     2   -2.475547E-12  -1.215863E-12
    1.204414E+00     5     3    6.969006E-12  -4.755642E-12
    1.204414E+00     5     4   -3.627322E-12  -9.873934E-13
    1.204414E+00     5     5    1.700831E-04   3.659485E-05
    1.204414E+00     5     6    8.728907E-13   3.906217E-13
    1.204414E+00     6     1   -3.010734E-12  -1.643410E-12
    1.204414E+00     6     2   -6.607740E-12  -8.052743E-13
    1.204414E+00     6     3   -1.772378E-11  -2.182908E-11
    1.204414E+00     6     4   -4.176190E-12  -3.783416E-13
    1.204414E+00     6     5   -2.376055E-12  -4.639364E-12
    1.204414E+00     6     6    6.865313E-05   4.185974E-09
    1.131840E+00     1     1    9.012119E-05   1.495399E-05
    1.131840E+00     1     2   -3.599925E-13   8.054110E-13
    1.131840E+00     1     3   -1.200818E-11  -6.464222E-12
    1.131840E+00     1     4    7.131048E-13  -5.167463E-13
    1.131840E+00     1     5    5.523090E-05   3.242060E-05
    1.131840E+00     1     6   -1.838652E-12   2.982119E-14
    1.131840E+00     2     1    7.687362E-12   3.473138E-12
    1.131840E+00     2     2    1.621416E-03   5.671225E-05
    1.131840E+00     2     3    5.508922E-11   9.363175E-11
    1.131840E+00     2     4   -4.706478E-05  -2.062148E-05
    1.131840E+00     2     5    1.447612E-11   1.171181E-11
    1.131840E+00     2     6   -6.765205E-12  -1.902129E-13
    1.131840E+00     3     1    7.103146E-12  -6.815055E-12
    1.131840E+00     3     2    1.108047E-13   2.468111E-11
    1.131840E+00     3     3    3.867417E-03   4.075661E-03
    1.131840E+00     3     4    2.656946E-12  -1.013863E-11
    1.131840E+00     3     5    4.160631E-12   2.471219E-12
    1.131840E+00     3     6   -6.512371E-13   5.691957E-13
    1.131840E+00     4     1   -6.722959E-13  -1.986584E-13
    1.131840E+00     4     2   -4.451881E-05  -1.926071E-05
    1.131840E+00     4     3   -9.277529E-11   2.824268E-12
    1.131840E+00     4     4    5.082443E-05   6.988372E-06
    1.131840E+00     4     5    6.187602E-13  -6.789656E-13
    1.131840E+00     4     6    5.481526E-13  -2.865799E-13
    1.131840E+00     5     1    3.528856E-05   2.140754E-05
    1.131840E+00     5     2   -1.704021E-12  -6.075629E-13
    1.131840E+00     5     3   -3.325537E-12  -4.565356E-12
    1.131840E+00     5     4   -3.709112E-12  -7.310378E-13
    1.131840E+00     5     5    1.714474E-04   4.558702E-05
    1.131840E+00     5     6   -1.605349E-13   1.179480E-12
    1.131840E+00     6     1   -3.419841E-12  -1.061672E-12
    1.131840E+00     6     2   -1.154919E-11  -6.657271E-13
    1.131840E+00     6     3   -1.592025E-11  -1.292092E-11
    1.131840E+00     6     4   -3.720650E-12  -4.374799E-13
    1.131840E+00     6     5   -8.274244E-12  -3.025365E-12
    1.131840E+00     6     6    6.934314E-05   9.597068E-08
    1.067534E+00     1     1    8.969141E-05   1.791319E-05
    1.067534E+00     1     2    3.653777E-13   6.101648E-13
    1.067534E+00     1     3   -1.127799E-11  -6.167554E-12
    1.067534E+00     1     4    2.546012E-13  -6.865859E-13
    1.067534E+00     1     5    5.384094E-05   3.917491E-05
    1.067534E+00     1     6   -1.252201E-12  -1.120366E-13
    1.067534E+00     2     1    6.627854E-12   3.437766E-12
    1.067534E+00     2     2    1.637173E-03   7.327306E-05
    1.067534E+00     2     3    1.063920E-10   1.183268E-10
    1.067534E+00     2     4   -4.768940E-05  -2.620765E-05
    1.067534E+00     2     5    1.557739E-11   1.001929E-11
    1.067534E+00     2     6   -1.078692E-11  -1.914629E-13
    1.067534E+00     3     1    4.741571E-12  -7.685822E-12
    1.067534E+00     3     2    1.334188E-11   4.314575E-12
    1.067534E+00     3     3    3.515974E-03   4.295112E-03
    1.067534E+00     3     4    7.662235E-12  -8.223440E-12
    1.067534E+00     3     5    2.459141E-12  -1.870726E-12
    1.067534E+00     3     6    1.534271E-12   1.687129E-12
    1.067534E+00     4     1   -6.305281E-13  -3.103806E-13
    1.067534E+00     4     2   -4.509262E-05  -2.446542E-05
    1.067534E+00     4     3   -8.048210E-11   1.727273E-11
    1.067534E+00     4     4    5.120566E-05   8.741469E-06
    1.067534E+00     4     5    1.688044E-12  -9.160440E-13
    1.067534E+00     4     6    5.211349E-13  -4.562684E-13
    1.067534E+00     5     1    3.430875E-05   2.586361E-05
    1.067534E+00     5     2   -1.516841E-12  -2.808051E-13
    1.067534E+00     5     3   -1.331427E-11  -2.330218E-12
    1.067534E+00     5     4   -3.705656E-12  -7.908023E-13
    1.067534E+00     5     5    1.716911E-04   5.515982E-05
    1.067534E+00     5     6   -8.796764E-13   2.269367E-12
    1.067534E+00     6     1   -2.743566E-12  -6.743277E-16
    1.067534E+00     6     2   -1.519482E-11  -3.599078E-13
    1.067534E+00     6     3   -1.431897E-11  -4.523326E-12
    1.067534E+00     6     4   -3.084803E-12  -1.867715E-13
    1.067534E+00     6     5   -1.196908E-11  -3.300360E-13
    1.067534E+00     6     6    7.010588E-05   2.425484E-07
    1.010126E+00     1     1    8.864637E-05   2.084908E-05
    1.010126E+00     1     2    7.309101E-13   4.988056E-13
    1.010126E+00     1     3   -1.052870E-11  -6.391978E-12
    1.010126E+00     1     4   -1.565309E-13  -6.990797E-13
    1.010126E+00     1     5    5.114384E-05   4.630809E-05
    1.010126E+00     1     6   -8.027217E-13  -2.395307E-13
    1.010126E+00     2     1    5.180955E-12   2.615757E-12
    1.010126E+00     2     2    1.651678E-03   9.145330E-05
    1.010126E+00     2     3    1.292107E-10   1.046399E-10
    1.010126E+00     2     4   -4.742794E-05  -3.222117E-05
    1.010126E+00     2     5    1.438519E-11   6.690427E-12
    1.010126E+00     2     6   -1.281840E-11  -5.328557E-14
    1.010126E+00     3     1    3.354878E-12  -7.916863E-12
    1.010126E+00     3     2    2.950778E-11  -1.038765E-11
    1.010126E+00     3     3    3.112134E-03   4.482300E-03
    1.010126E+00     3     4    1.200952E-11  -4.625634E-12
    1.010126E+00     3     5    3.505741E-12  -4.341906E-12
    1.010126E+00     3     6    4.622860E-12   1.682966E-12
    1.010126E+00     4     1   -6.179181E-13  -4.254024E-13
    1.010126E+00     4     2   -4.483959E-05  -3.006417E-05
    1.010126E+00     4     3   -6.362038E-11   2.907884E-11
    1.010126E+00     4     4    5.133371E-05   1.059215E-05
    1.010126E+00     4     5    2.465593E-12  -1.054823E-12
    1.010126E+00     4     6    4.082099E-13  -5.638935E-13
    1.010126E+00     5     1    3.245281E-05   3.056449E-05
    1.010126E+00     5     2   -2.025862E-12   2.850557E-13
    1.010126E+00     5     3   -2.261894E-11   4.833159E-13
    1.010126E+00     5     4   -3.597831E-12  -9.996916E-13
    1.010126E+00     5     5    1.707632E-04   6.548402E-05
    1.010126E+00     5     6   -1.591440E-12   3.400823E-12
    1.010126E+00     6     1   -1.377933E-12   1.429362E-12
    1.010126E+00     6     2   -1.806115E-11  -1.717891E-14
    1.010126E+00     6     3   -1.149666E-11   4.215741E-12
    1.010126E+00     6     4   -2.461193E-12   3.006952E-13
    1.010126E+00     6     5   -1.333068E-11   3.330723E-12
    1.010126E+00     6     6    7.093676E-05   4.571863E-07
    9.585917E-01     1     1    8.693273E-05   2.350369E-05
    9.585917E-01     1     2    7.813813E-13   5.513024E-13
    9.585917E-01     1     3   -9.152465E-12  -7.320818E-12
    9.585917E-01     1     4   -3.972852E-13  -8.138280E-13
    9.585917E-01     1     5    4.683844E-05   5.357704E-05
    9.585917E-01     1     6   -2.934095E-13  -3.769777E-13
    9.585917E-01     2     1    4.692699E-12   1.745140E-12
    9.585917E-01     2     2    1.664576E-03   1.107222E-04
    9.585917E-01     2     3    1.284251E-10   5.420601E-11
    9.585917E-01     2     4   -4.615023E-05  -3.847225E-05
    9.585917E-01     2     5    1.379633E-11   4.472970E-12
    9.585917E-01     2     6   -1.262139E-11   7.018098E-14
    9.585917E-01     3     1    1.472193E-12  -7.770189E-12
    9.585917E-01     3     2    3.991539E-11  -2.399239E-11
    9.585917E-01     3     3    2.655792E-03   4.614059E-03
    9.585917E-01     3     4    1.542283E-11   1.059933E-13
    9.585917E-01     3     5    4.974725E-12  -5.833010E-12
    9.585917E-01     3     6    8.039818E-12   1.044126E-12
    9.585917E-01     4     1   -6.249257E-13  -5.280767E-13
    9.585917E-01     4     2   -4.363928E-05  -3.587914E-05
    9.585917E-01     4     3   -4.412026E-11   3.778844E-11
    9.585917E-01     4     4    5.118254E-05   1.247865E-05
    9.585917E-01     4     5    2.770540E-12  -1.149443E-12
    9.585917E-01     4     6    2.860979E-13  -6.565060E-13
    9.585917E-01     5     1    2.951899E-05   3.534167E-05
    9.585917E-01     5     2   -2.606042E-12   7.566981E-13
    9.585917E-01     5     3   -2.941258E-11   4.435582E-12
    9.585917E-01     5     4   -3.331028E-12  -1.199011E-12
    9.585917E-01     5     5    1.683986E-04   7.686093E-05
    9.585917E-01     5     6   -2.050587E-12   4.516283E-12
    9.585917E-01     6     1    4.303997E-13   2.945092E-12
    9.585917E-01     6     2   -1.925998E-11   3.610508E-13
    9.585917E-01     6     3   -7.275871E-12   8.970136E-12
    9.585917E-01     6     4   -1.892284E-12   6.449763E-13
    9.585917E-01     6     5   -1.263480E-11   7.682829E-12
    9.585917E-01     6     6    7.182859E-05   7.524976E-07
    9.120473E-01     1     1    8.461235E-05   2.555972E-05
    9.120473E-01     1     2    5.973145E-13   1.944638E-13
    9.120473E-01     1     3   -8.250268E-12  -7.309030E-12
    9.120473E-01     1     4   -5.319575E-13  -9.136025E-13
    9.120473E-01     1     5    4.067993E-05   6.038324E-05
    9.120473E-01     1     6    5.231554E-14  -5.439869E-13
    9.120473E-01     2     1    3.776320E-12  -1.158094E-13
    9.120473E-01     2     2    1.675656E-03   1.304386E-04
    9.120473E-01     2     3    1.143818E-10  -1.223511E-11
    9.120473E-01     2     4   -4.377861E-05  -4.474806E-05
    9.120473E-01     2     5    9.261152E-12  -7.530166E-13
    9.120473E-01     2     6   -1.196560E-11   4.979653E-13
    9.120473E-01     3     1    1.924962E-13  -7.500447E-12
    9.120473E-01     3     2    4.658801E-11  -2.651194E-11
    9.120473E-01     3     3    2.153992E-03   4.666134E-03
    9.120473E-01     3     4    1.555427E-11   4.901991E-12
    9.120473E-01     3     5    6.087457E-12  -5.384104E-12
    9.120473E-01     3     6    1.096088E-11  -4.713567E-13
    9.120473E-01     4     1   -6.751907E-13  -6.384820E-13
    9.120473E-01     4     2   -4.142001E-05  -4.171080E-05
    9.120473E-01     4     3   -2.397341E-11   4.151949E-11
    9.120473E-01     4     4    5.074480E-05   1.433580E-05
    9.120473E-01     4     5    2.491717E-12  -1.157027E-12
    9.120473E-01     4     6    1.384827E-13  -6.770440E-13
    9.120473E-01     5     1    2.534614E-05   3.978764E-05
    9.120473E-01     5     2   -2.510148E-12   1.136823E-12
    9.120473E-01     5     3   -3.242043E-11   8.570376E-12
    9.120473E-01     5     4   -2.939561E-12  -1.362021E-12
    9.120473E-01     5     5    1.640915E-04   8.925153E-05
    9.120473E-01     5     6   -2.382988E-12   5.266939E-12
    9.120473E-01     6     1    2.014798E-12   4.157907E-12
    9.120473E-01     6     2   -2.037531E-11   7.356332E-13
    9.120473E-01     6     3   -2.757431E-12   1.266051E-11
    9.120473E-01     6     4   -1.255108E-12   7.565405E-13
    9.120473E-01     6     5   -1.114931E-11   1.165631E-11
    9.120473E-01     6     6    7.276981E-05   1.139116E-06
    8.698256E-01     1     1    8.187787E-05   2.677220E-05
    8.698256E-01     1     2    1.715105E-13  -2.720114E-13
    8.698256E-01     1     3   -7.362164E-12  -7.520663E-12
    8.698256E-01     1     4   -5.647475E-13  -8.935049E-13
    8.698256E-01     1     5    3.264164E-05   6.592516E-05
    8.698256E-01     1     6    2.735322E-13  -7.020231E-13
    8.698256E-01     2     1    3.502256E-12  -9.877040E-13
    8.698256E-01     2     2    1.684910E-03   1.499150E-04
    8.698256E-01     2     3    9.680463E-11  -6.299279E-11
    8.698256E-01     2     4   -4.029383E-05  -5.083573E-05
    8.698256E-01     2     5    5.811232E-12  -5.355460E-12
    8.698256E-01     2     6   -8.973123E-12   1.015259E-12
    8.698256E-01     3     1    4.543135E-14  -6.474959E-12
    8.698256E-01     3     2    5.258935E-11  -2.654789E-11
    8.698256E-01     3     3    1.621537E-03   4.618366E-03
    8.698256E-01     3     4    1.109680E-11   9.829826E-12
    8.698256E-01     3     5    7.695464E-12  -3.257539E-12
    8.698256E-01     3     6    1.430843E-11  -2.644015E-12
    8.698256E-01     4     1   -7.577741E-13  -7.118413E-13
    8.698256E-01     4     2   -3.816489E-05  -4.735953E-05
    8.698256E-01     4     3   -8.260204E-12   3.926489E-11
    8.698256E-01     4     4    5.003259E-05   1.610258E-05
    8.698256E-01     4     5    1.994261E-12  -9.368098E-13
    8.698256E-01     4     6    6.572983E-14  -7.539217E-13
    8.698256E-01     5     1    1.992265E-05   4.336129E-05
    8.698256E-01     5     2   -1.682126E-12   8.101224E-13
    8.698256E-01     5     3   -2.847296E-11   1.507276E-11
    8.698256E-01     5     4   -2.393950E-12  -1.560665E-12
    8.698256E-01     5     5    1.572896E-04   1.021020E-04
    8.698256E-01     5     6   -2.491752E-12   5.637089E-12
    8.698256E-01     6     1    3.401529E-12   5.309615E-12
    8.698256E-01     6     2   -2.044033E-11   9.112789E-13
    8.698256E-01     6     3    7.855285E-13   1.399132E-11
    8.698256E-01     6     4   -7.164429E-13   1.037668E-12
    8.698256E-01     6     5   -8.374392E-12   1.578779E-11
    8.698256E-01     6     6    7.374508E-05   1.624038E-06
    8.313291E-01     1     1    7.901460E-05   2.704432E-05
    8.313291E-01     1     2   -2.885273E-13  -5.430083E-13
    8.313291E-01     1     3   -6.576695E-12  -7.518056E-12
    8.313291E-01     1     4   -5.640427E-13  -8.356817E-13
    8.313291E-01     1     5    2.297879E-05   6.941781E-05
    8.313291E-01     1     6    5.056975E-13  -7.908672E-13
    8.313291E-01     2     1    3.067708E-12  -2.116970E-12
    8.313291E-01     2     2    1.692554E-03   1.684606E-04
    8.313291E-01     2     3    7.510759E-11  -1.020390E-10
    8.313291E-01     2     4   -3.573450E-05  -5.653475E-05
    8.313291E-01     2     5    2.297438E-12  -1.115077E-11
    8.313291E-01     2     6   -5.333116E-12   1.470231E-12
    8.313291E-01     3     1    1.000212E-12  -4.529468E-12
    8.313291E-01     3     2    5.680628E-11  -2.838777E-11
    8.313291E-01     3     3    1.080484E-03   4.457877E-03
    8.313291E-01     3     4    8.180473E-12   1.494438E-11
    8.313291E-01     3     5    9.720046E-12  -8.797510E-13
    8.313291E-01     3     6    1.636744E-11  -4.535410E-12
    8.313291E-01     4     1   -8.033779E-13  -7.000290E-13
    8.313291E-01     4     2   -3.391184E-05  -5.263762E-05
    8.313291E-01     4     3    3.371232E-12   3.326637E-11
    8.313291E-01     4     4    4.907627E-05   1.772576E-05
    8.313291E-01     4     5    1.324561E-12  -4.795181E-13
    8.313291E-01     4     6   -1.591426E-14  -8.172638E-13
    8.313291E-01     5     1    1.342787E-05   4.553717E-05
    8.313291E-01     5     2   -7.285537E-13   2.384987E-13
    8.313291E-01     5     3   -2.194799E-11   2.086972E-11
    8.313291E-01     5     4   -1.599791E-12  -1.614080E-12
    8.313291E-01     5     5    1.475973E-04   1.144526E-04
    8.313291E-01     5     6   -2.361713E-12   5.424783E-12
    8.313291E-01     6     1    4.172329E-12   5.737911E-12
    8.313291E-01     6     2   -1.968646E-11   9.038869E-13
    8.313291E-01     6     3    3.035532E-12   1.457353E-11
    8.313291E-01     6     4   -1.530735E-13   1.354199E-12
    8.313291E-01     6     5   -5.225946E-12   1.809488E-11
    8.313291E-01     6     6    7.473584E-05   2.208303E-06
    7.961058E-01     1     1    7.634509E-05   2.645251E-05
    7.961058E-01     1     2   -9.460213E-13  -1.003425E-12
    7.961058E-01     1     3   -6.328778E-12  -6.167703E-12
    7.961058E-01     1     4   -4.986626E-13  -8.614530E-13
    7.961058E-01     1     5    1.221041E-05   7.026852E-05
    7.961058E-01     1     6    5.636225E-13  -8.791943E-13
    7.961058E-01     2     1    3.207280E-12  -2.710661E-12
    7.961058E-01     2     2    1.699045E-03   1.854648E-04
    7.961058E-01     2     3    5.463601E-11  -1.118560E-10
    7.961058E-01     2     4   -3.018882E-05  -6.167796E-05
    7.961058E-01     2     5    1.825899E-13  -1.371197E-11
    7.961058E-01     2     6   -1.630001E-12   2.194747E-12
    7.961058E-01     3     1    2.295891E-12  -2.687374E-12
    7.961058E-01     3     2    5.986098E-11  -2.615790E-11
    7.961058E-01     3     3    5.583488E-04   4.181999E-03
    7.961058E-01     3     4    2.528374E-12   1.871533E-11
    7.961058E-01     3     5    1.416284E-11   8.221633E-13
    7.961058E-01     3     6    1.782279E-11  -6.629951E-12
    7.961058E-01     4     1   -7.877931E-13  -5.420891E-13
    7.961058E-01     4     2   -2.874510E-05  -5.738842E-05
    7.961058E-01     4     3    1.260152E-11   2.556121E-11
    7.961058E-01     4     4    4.792086E-05   1.916573E-05
    7.961058E-01     4     5    8.715007E-13   1.871057E-13
    7.961058E-01     4     6    6.883672E-14  -8.007652E-13
    7.961058E-01     5     1    6.218610E-06   4.592328E-05
    7.961058E-01     5     2    2.735148E-13   3.504977E-13
    7.961058E-01     5     3   -1.410313E-11   2.635067E-11
    7.961058E-01     5     4   -8.538069E-13  -1.326540E-12
    7.961058E-01     5     5    1.348978E-04   1.251656E-04
    7.961058E-01     5     6   -2.053914E-12   4.676907E-12
    7.961058E-01     6     1    4.644334E-12   5.708701E-12
    7.961058E-01     6     2   -1.858285E-11   1.214911E-12
    7.961058E-01     6     3    4.805702E-12   1.317785E-11
    7.961058E-01     6     4    4.570242E-13   1.833392E-12
    7.961058E-01     6     5   -2.709915E-12   1.914748E-11
    7.961058E-01     6     6    7.572247E-05   2.884895E-06
    7.637367E-01     1     1    7.416439E-05   2.523822E-05
    7.637367E-01     1     2   -1.602629E-12  -1.098684E-12
    7.637367E-01     1     3   -6.077149E-12  -3.926518E-12
    7.637367E-01     1     4   -4.057645E-13  -8.222227E-13
    7.637367E-01     1     5    1.062121E-06   6.816688E-05
    7.637367E-01     1     6    5.224282E-13  -8.919978E-13
    7.637367E-01     2     1    3.829772E-12  -3.319120E-12
    7.637367E-01     2     2    1.705083E-03   2.004496E-04
    7.637367E-01     2     3    3.844600E-11  -1.088889E-10
    7.637367E-01     2     4   -2.377791E-05  -6.613435E-05
    7.637367E-01     2     5   -2.129270E-12  -1.624900E-11
    7.637367E-01     2     6    2.756283E-13   2.514574E-12
    7.637367E-01     3     1    3.782712E-12  -8.732313E-13
    7.637367E-01     3     2    5.632310E-11  -1.750943E-11
    7.637367E-01     3     3    8.581010E-05   3.798428E-03
    7.637367E-01     3     4   -3.331914E-12   2.023749E-11
    7.637367E-01     3     5    2.070328E-11   3.416859E-12
    7.637367E-01     3     6    1.781134E-11  -8.976663E-12
    7.637367E-01     4     1   -8.173224E-13  -3.890682E-13
    7.637367E-01     4     2   -2.278032E-05  -6.149000E-05
    7.637367E-01     4     3    1.876964E-11   1.835451E-11
    7.637367E-01     4     4    4.662132E-05   2.039767E-05
    7.637367E-01     4     5    2.324517E-13   1.084885E-12
    7.637367E-01     4     6    1.082186E-13  -7.792300E-13
    7.637367E-01     5     1   -1.210499E-06   4.432137E-05
    7.637367E-01     5     2    8.794947E-13   4.669605E-13
    7.637367E-01     5     3   -5.587146E-12   3.022956E-11
    7.637367E-01     5     4   -5.142131E-14  -8.610830E-13
    7.637367E-01     5     5    1.194034E-04   1.331132E-04
    7.637367E-01     5     6   -1.761367E-12   3.740704E-12
    7.637367E-01     6     1    4.454149E-12   5.019656E-12
    7.637367E-01     6     2   -1.815953E-11   1.309931E-12
    7.637367E-01     6     3    4.209341E-12   1.076384E-11
    7.637367E-01     6     4    8.492438E-13   1.917710E-12
    7.637367E-01     6     5   -1.154399E-12   1.834965E-11
    7.637367E-01     6     6    7.668708E-05   3.636717E-06
    7.339055E-01     1     1    7.265297E-05   2.376527E-05
    7.339055E-01     1     2   -2.156605E-12  -1.163599E-12
    7.339055E-01     1     3   -5.344047E-12  -1.933655E-12
    7.339055E-01     1     4   -3.199787E-13  -6.648717E-13
    7.339055E-01     1     5   -9.609931E-06   6.315053E-05
    7.339055E-01     1     6    4.278228E-13  -8.306072E-13
    7.339055E-01     2     1    5.089022E-12  -3.596120E-12
    7.339055E-01     2     2    1.711509E-03   2.132089E-04
    7.339055E-01     2     3    1.886724E-11  -9.244823E-11
    7.339055E-01     2     4   -1.663622E-05  -6.983039E-05
    7.339055E-01     2     5   -3.122616E-12  -1.777042E-11
    7.339055E-01     2     6    1.470006E-12   2.706392E-12
    7.339055E-01     3     1    4.121876E-12   8.269069E-13
    7.339055E-01     3     2    5.408516E-11  -4.126227E-12
    7.339055E-01     3     3   -3.059291E-04   3.325337E-03
    7.339055E-01     3     4   -9.074232E-12   1.943216E-11
    7.339055E-01     3     5    2.425284E-11   4.589497E-12
    7.339055E-01     3     6    1.661461E-11  -1.095043E-11
    7.339055E-01     4     1   -8.638039E-13  -2.783249E-13
    7.339055E-01     4     2   -1.614856E-05  -6.487415E-05
    7.339055E-01     4     3    2.223038E-11   1.083539E-11
    7.339055E-01     4     4    4.523877E-05   2.141174E-05
    7.339055E-01     4     5   -5.716195E-13   1.777335E-12
    7.339055E-01     4     6    1.236162E-13  -7.614825E-13
    7.339055E-01     5     1   -8.279966E-06   4.077092E-05
    7.339055E-01     5     2    9.068181E-13   5.462135E-13
    7.339055E-01     5     3   -8.932165E-13   3.045182E-11
    7.339055E-01     5     4    6.335268E-13  -5.422591E-13
    7.339055E-01     5     5    1.016648E-04   1.373374E-04
    7.339055E-01     5     6   -1.725774E-12   2.382377E-12
    7.339055E-01     6     1    3.487821E-12   4.098071E-12
    7.339055E-01     6     2   -1.698068E-11   1.687660E-12
    7.339055E-01     6     3    3.049338E-12   8.059404E-12
    7.339055E-01     6     4    9.749017E-13   1.640987E-12
    7.339055E-01     6     5   -1.654070E-13   1.651142E-11
    7.339055E-01     6     6    7.761440E-05   4.437818E-06
    7.063092E-01     1     1    7.183924E-05   2.236727E-05
    7.063092E-01     1     2   -2.340125E-12  -5.783608E-13
    7.063092E-01     1     3   -4.594115E-12   6.137686E-13
    7.063092E-01     1     4   -2.446578E-13  -4.538818E-13
    7.063092E-01     1     5   -1.893860E-05   5.561973E-05
    7.063092E-01     1     6    1.927837E-14  -6.475479E-13
    7.063092E-01     2     1    6.675058E-12  -3.769809E-12
    7.063092E-01     2     2    1.720128E-03   2.238837E-04
    7.063092E-01     2     3    1.620040E-11  -6.685357E-11
    7.063092E-01     2     4   -8.843662E-06  -7.310880E-05
    7.063092E-01     2     5   -3.683332E-12  -2.023472E-11
    7.063092E-01     2     6    3.294213E-12   2.779777E-12
    7.063092E-01     3     1    3.921441E-12   1.876250E-12
    7.063092E-01     3     2    5.404639E-11   6.888834E-12
    7.063092E-01     3     3   -5.882345E-04   2.790439E-03
    7.063092E-01     3     4   -1.420967E-11   1.864101E-11
    7.063092E-01     3     5    2.529453E-11   3.790963E-12
    7.063092E-01     3     6    1.490956E-11  -1.251751E-11
    7.063092E-01     4     1   -9.272230E-13  -1.427497E-13
    7.063092E-01     4     2   -8.923422E-06  -6.739168E-05
    7.063092E-01     4     3    2.212204E-11   4.082439E-12
    7.063092E-01     4     4    4.382870E-05   2.223249E-05
    7.063092E-01     4     5   -1.333625E-12   2.396277E-12
    7.063092E-01     4     6    2.245075E-13  -8.132843E-13
    7.063092E-01     5     1   -1.440855E-05   3.555379E-05
    7.063092E-01     5     2    6.594625E-13   1.163995E-12
    7.063092E-01     5     3    4.089631E-12   2.913406E-11
    7.063092E-01     5     4    1.144739E-12   2.913196E-14
    7.063092E-01     5     5    8.254820E-05   1.371540E-04
    7.063092E-01     5     6   -1.897028E-12   9.276114E-13
    7.063092E-01     6     1    2.068270E-12   2.869780E-12
    7.063092E-01     6     2   -1.623410E-11   1.504909E-12
    7.063092E-01     6     3    2.046416E-12   6.115058E-12
    7.063092E-01     6     4    8.596873E-13   8.515483E-13
    7.063092E-01     6     5    2.526995E-13   1.379317E-11
    7.063092E-01     6     6    7.851623E-05   5.251874E-06
    6.807130E-01     1     1    7.162420E-05   2.118626E-05
    6.807130E-01     1     2   -2.200831E-12  -5.266574E-13
    6.807130E-01     1     3   -3.765565E-12   3.472909E-12
    6.807130E-01     1     4   -1.321170E-13  -2.479274E-13
    6.807130E-01     1     5   -2.617476E-05   4.626190E-05
    6.807130E-01     1     6   -3.868146E-13  -3.276734E-13
    6.807130E-01     2     1    7.475932E-12  -3.628702E-12
    6.807130E-01     2     2    1.734304E-03   2.353374E-04
    6.807130E-01     2     3    2.731161E-11  -3.581005E-11
    6.807130E-01     2     4   -3.550835E-07  -7.569050E-05
    6.807130E-01     2     5   -4.236891E-12  -1.769067E-11
    6.807130E-01     2     6    4.584854E-12   2.881347E-12
    6.807130E-01     3     1    3.808349E-12   2.601248E-12
    6.807130E-01     3     2    5.428473E-11   1.787518E-11
    6.807130E-01     3     3   -7.392797E-04   2.230555E-03
    6.807130E-01     3     4   -1.673328E-11   1.706008E-11
    6.807130E-01     3     5    2.472061E-11   1.972049E-12
    6.807130E-01     3     6    1.248616E-11  -1.323660E-11
    6.807130E-01     4     1   -1.023659E-12  -6.107910E-14
    6.807130E-01     4     2   -1.074874E-06  -7.000406E-05
    6.807130E-01     4     3    2.015905E-11  -2.810318E-12
    6.807130E-01     4     4    4.244649E-05   2.292649E-05
    6.807130E-01     4     5   -1.769819E-12   3.044700E-12
    6.807130E-01     4     6    2.637442E-13  -8.607741E-13
    6.807130E-01     5     1   -1.909860E-05   2.914304E-05
    6.807130E-01     5     2    3.939602E-13   2.043392E-12
    6.807130E-01     5     3    5.951805E-12   2.540209E-11
    6.807130E-01     5     4    1.470379E-12   7.853525E-13
    6.807130E-01     5     5    6.318900E-05   1.322614E-04
    6.807130E-01     5     6   -2.172183E-12  -4.960744E-13
    6.807130E-01     6     1    2.490088E-13   1.856318E-12
    6.807130E-01     6     2   -1.549107E-11   7.467364E-13
    6.807130E-01     6     3    1.153359E-12   3.975061E-12
    6.807130E-01     6     4    5.588847E-13  -9.905284E-14
    6.807130E-01     6     5   -2.206798E-13   1.114390E-11
    6.807130E-01     6     6    7.941738E-05   6.058055E-06
    6.569140E-01     1     1    7.192114E-05   2.021120E-05
    6.569140E-01     1     2   -1.843416E-12   5.665538E-13
    6.569140E-01     1     3   -3.229686E-12   5.464875E-12
    6.569140E-01     1     4   -1.254770E-13  -2.569842E-14
    6.569140E-01     1     5   -3.076252E-05   3.589922E-05
    6.569140E-01     1     6   -1.027983E-12   1.874296E-13
    6.569140E-01     2     1    7.807233E-12  -4.066835E-12
    6.569140E-01     2     2    1.750451E-03   2.351969E-04
    6.569140E-01     2     3    3.475008E-11  -9.589599E-12
    6.569140E-01     2     4    5.644659E-06  -7.737399E-05
    6.569140E-01     2     5   -2.299528E-12  -1.409339E-11
    6.569140E-01     2     6    7.127555E-12   2.863439E-12
    6.569140E-01     3     1    3.638370E-12   2.739672E-12
    6.569140E-01     3     2    5.559183E-11   2.404540E-11
    6.569140E-01     3     3   -7.500860E-04   1.688402E-03
    6.569140E-01     3     4   -1.692582E-11   1.589969E-11
    6.569140E-01     3     5    2.051715E-11  -9.467098E-13
    6.569140E-01     3     6    9.331088E-12  -1.218948E-11
    6.569140E-01     4     1   -1.038100E-12   1.581337E-14
    6.569140E-01     4     2    7.737071E-06  -7.207687E-05
    6.569140E-01     4     3    1.723480E-11  -7.441861E-12
    6.569140E-01     4     4    4.121441E-05   2.303051E-05
    6.569140E-01     4     5   -1.982358E-12   3.380057E-12
    6.569140E-01     4     6    3.289141E-13  -9.416884E-13
    6.569140E-01     5     1   -2.198420E-05   2.210035E-05
    6.569140E-01     5     2    5.459031E-13   2.966512E-12
    6.569140E-01     5     3    6.397361E-12   2.064272E-11
    6.569140E-01     5     4    1.647041E-12   1.659011E-12
    6.569140E-01     5     5    4.491218E-05   1.227677E-04
    6.569140E-01     5     6   -2.452617E-12  -1.556780E-12
    6.569140E-01     6     1   -1.280483E-12   8.180587E-13
    6.569140E-01     6     2   -1.671175E-11   2.246364E-13
    6.569140E-01     6     3   -1.762005E-13   2.370668E-12
    6.569140E-01     6     4    1.011619E-14  -1.401192E-12
    6.569140E-01     6     5   -5.891727E-13   7.782638E-12
    6.569140E-01     6     6    8.039497E-05   6.880529E-06
    6.347165E-01     1     1    7.267433E-05   1.946275E-05
    6.347165E-01     1     2   -1.302891E-12   1.452423E-12
    6.347165E-01     1     3   -3.024302E-12   5.081278E-12
    6.347165E-01     1     4   -2.136981E-13   1.410530E-13
    6.347165E-01     1     5   -3.235098E-05   2.543932E-05
    6.347165E-01     1     6   -1.525925E-12   6.410308E-13
    6.347165E-01     2     1    8.083589E-12  -3.412639E-12
    6.347165E-01     2     2    1.669180E-03   2.411974E-04
    6.347165E-01     2     3    4.349953E-11   1.334370E-11
    6.347165E-01     2     4    1.119207E-05  -7.803288E-05
    6.347165E-01     2     5   -7.693049E-14  -1.109380E-11
    6.347165E-01     2     6    9.766556E-12   2.681339E-12
    6.347165E-01     3     1    3.822097E-12   2.524046E-12
    6.347165E-01     3     2    5.795627E-11   2.955302E-11
    6.347165E-01     3     3   -6.302063E-04   1.206698E-03
    6.347165E-01     3     4   -1.435686E-11   1.266603E-11
    6.347165E-01     3     5    1.792044E-11  -4.175485E-12
    6.347165E-01     3     6    6.590634E-12  -1.137039E-11
    6.347165E-01     4     1   -9.895359E-13   5.319678E-14
    6.347165E-01     4     2    1.083928E-05  -7.317631E-05
    6.347165E-01     4     3    1.394742E-11  -1.023411E-11
    6.347165E-01     4     4    3.958582E-05   2.304849E-05
    6.347165E-01     4     5   -1.937969E-12   3.391066E-12
    6.347165E-01     4     6    3.571460E-13  -9.956744E-13
    6.347165E-01     5     1   -2.284116E-05   1.503264E-05
    6.347165E-01     5     2    5.751211E-13   3.672390E-12
    6.347165E-01     5     3    6.599116E-12   1.594523E-11
    6.347165E-01     5     4    1.619563E-12   2.375356E-12
    6.347165E-01     5     5    2.913608E-05   1.092452E-04
    6.347165E-01     5     6   -2.645828E-12  -2.263720E-12
    6.347165E-01     6     1   -2.295580E-12  -6.789278E-15
    6.347165E-01     6     2   -1.760967E-11   7.557909E-14
    6.347165E-01     6     3   -2.265240E-12   1.625181E-12
    6.347165E-01     6     4   -4.167593E-13  -2.654789E-12
    6.347165E-01     6     5   -3.579012E-13   4.608152E-12
    6.347165E-01     6     6    8.161415E-05   8.200300E-06
    6.139761E-01     1     1    7.380373E-05   1.901962E-05
    6.139761E-01     1     2   -9.034354E-13   1.886229E-12
    6.139761E-01     1     3   -2.483151E-12   4.003985E-12
    6.139761E-01     1     4   -3.320126E-13   2.153257E-13
    6.139761E-01     1     5   -3.087165E-05   1.583981E-05
    6.139761E-01     1     6   -1.755083E-12   1.092089E-12
    6.139761E-01     2     1    7.759317E-12  -3.081480E-12
    6.139761E-01     2     2    1.668648E-03   2.315418E-04
    6.139761E-01     2     3    4.450075E-11   2.923475E-11
    6.139761E-01     2     4    1.756660E-05  -7.761691E-05
    6.139761E-01     2     5   -2.036247E-13  -1.041005E-11
    6.139761E-01     2     6    1.297939E-11   2.344131E-12
    6.139761E-01     3     1    4.104677E-12   2.676886E-12
    6.139761E-01     3     2    5.804533E-11   3.094694E-11
    6.139761E-01     3     3   -4.072053E-04   8.172584E-04
    6.139761E-01     3     4   -1.130505E-11   9.259709E-12
    6.139761E-01     3     5    1.466735E-11  -7.118996E-12
    6.139761E-01     3     6    4.831897E-12  -9.194731E-12
    6.139761E-01     4     1   -9.148531E-13   7.967206E-14
    6.139761E-01     4     2    1.255752E-05  -7.304610E-05
    6.139761E-01     4     3    1.061272E-11  -1.126169E-11
    6.139761E-01     4     4    3.793232E-05   2.284107E-05
    6.139761E-01     4     5   -1.924234E-12   3.134719E-12
    6.139761E-01     4     6    3.690367E-13  -1.102086E-12
    6.139761E-01     5     1   -2.163620E-05   8.581654E-06
    6.139761E-01     5     2    2.689089E-13   5.134495E-12
    6.139761E-01     5     3    7.246171E-12   1.181610E-11
    6.139761E-01     5     4    1.396325E-12   2.903799E-12
    6.139761E-01     5     5    1.726558E-05   9.275030E-05
    6.139761E-01     5     6   -2.733982E-12  -2.707212E-12
    6.139761E-01     6     1   -2.902987E-12  -5.774869E-13
    6.139761E-01     6     2   -1.886245E-11   3.087090E-13
    6.139761E-01     6     3   -2.851771E-12   3.763911E-12
    6.139761E-01     6     4   -7.783237E-13  -3.935677E-12
    6.139761E-01     6     5   -2.596560E-13   2.291806E-12
    6.139761E-01     6     6    8.286610E-05   7.648689E-06
    5.945426E-01     1     1    7.513923E-05   1.898237E-05
    5.945426E-01     1     2   -4.328630E-13   2.819420E-12
    5.945426E-01     1     3   -1.824434E-12   1.711165E-12
    5.945426E-01     1     4   -3.844341E-13   2.267470E-13
    5.945426E-01     1     5   -2.667257E-05   8.038771E-06
    5.945426E-01     1     6   -1.846222E-12   1.441524E-12
    5.945426E-01     2     1    7.491517E-12  -3.030630E-12
    5.945426E-01     2     2    1.763691E-03   2.029580E-04
    5.945426E-01     2     3    3.894228E-11   3.888383E-11
    5.945426E-01     2     4    3.069886E-05  -7.615886E-05
    5.945426E-01     2     5    1.042549E-12  -8.869148E-12
    5.945426E-01     2     6    1.488410E-11   1.799540E-12
    5.945426E-01     3     1    4.057114E-12   2.714660E-12
    5.945426E-01     3     2    5.375757E-11   3.132975E-11
    5.945426E-01     3     3   -1.192079E-04   5.346645E-04
    5.945426E-01     3     4   -8.121911E-12   7.251287E-12
    5.945426E-01     3     5    1.286156E-11  -9.185398E-12
    5.945426E-01     3     6    3.608370E-12  -7.763118E-12
    5.945426E-01     4     1   -8.707541E-13   3.119086E-14
    5.945426E-01     4     2    2.007896E-05  -7.158314E-05
    5.945426E-01     4     3    7.337671E-12  -1.061059E-11
    5.945426E-01     4     4    3.692682E-05   2.293547E-05
    5.945426E-01     4     5   -1.864431E-12   2.640563E-12
    5.945426E-01     4     6    2.952244E-13  -1.206998E-12
    5.945426E-01     5     1   -1.861663E-05   3.375585E-06
    5.945426E-01     5     2   -7.314992E-13   5.888334E-12
    5.945426E-01     5     3    7.497625E-12   7.972046E-12
    5.945426E-01     5     4    1.210782E-12   2.825219E-12
    5.945426E-01     5     5    1.042869E-05   7.487732E-05
    5.945426E-01     5     6   -2.635084E-12  -2.353780E-12
    5.945426E-01     6     1   -3.012591E-12  -7.338551E-13
    5.945426E-01     6     2   -1.884192E-11   9.886399E-13
    5.945426E-01     6     3   -3.310963E-12   4.215962E-12
    5.945426E-01     6     4   -1.062420E-12  -4.878715E-12
    5.945426E-01     6     5   -6.030444E-13   1.499273E-13
    5.945426E-01     6     6    7.976676E-05   6.616063E-06
    5.763068E-01     1     1    7.643071E-05   1.935949E-05
    5.763068E-01     1     2   -2.616236E-13   4.542454E-12
    5.763068E-01     1     3   -1.737726E-12  -9.533572E-13
    5.763068E-01     1     4   -4.813615E-13   2.557562E-13
    5.763068E-01     1     5   -2.061708E-05   2.711862E-06
    5.763068E-01     1     6   -1.740758E-12   1.893298E-12
    5.763068E-01     2     1    7.011079E-12  -3.679472E-12
    5.763068E-01     2     2    1.926074E-03   1.699439E-04
    5.763068E-01     2     3    3.334729E-11   5.592034E-11
    5.763068E-01     2     4    5.060390E-05  -7.356870E-05
    5.763068E-01     2     5    1.654607E-12  -7.409519E-12
    5.763068E-01     2     6    1.642968E-11   1.761612E-12
    5.763068E-01     3     1    3.481528E-12   2.263099E-12
    5.763068E-01     3     2    4.716794E-11   3.455553E-11
    5.763068E-01     3     3    1.944565E-04   3.572223E-04
    5.763068E-01     3     4   -5.969581E-12   6.228416E-12
    5.763068E-01     3     5    1.201752E-11  -9.697413E-12
    5.763068E-01     3     6    3.065433E-12  -6.747271E-12
    5.763068E-01     4     1   -8.076342E-13  -1.922976E-14
    5.763068E-01     4     2    3.518808E-05  -6.868518E-05
    5.763068E-01     4     3    5.716620E-12  -9.677928E-12
    5.763068E-01     4     4    3.669579E-05   2.351919E-05
    5.763068E-01     4     5   -1.765077E-12   2.142576E-12
    5.763068E-01     4     6    1.259037E-13  -1.175190E-12
    5.763068E-01     5     1   -1.437497E-05  -1.363806E-07
    5.763068E-01     5     2   -2.158463E-12   6.286945E-12
    5.763068E-01     5     3    7.300896E-12   4.823011E-12
    5.763068E-01     5     4    1.111695E-12   2.478540E-12
    5.763068E-01     5     5    9.002472E-06   5.761012E-05
    5.763068E-01     5     6   -2.539830E-12  -1.680498E-12
    5.763068E-01     6     1   -3.032666E-12  -6.799445E-13
    5.763068E-01     6     2   -1.766323E-11   2.029188E-12
    5.763068E-01     6     3   -2.999018E-12   4.445408E-12
    5.763068E-01     6     4   -1.313835E-12  -5.610069E-12
    5.763068E-01     6     5   -7.789189E-13  -1.577255E-12
    5.763068E-01     6     6    8.023577E-05   5.255599E-06
    5.591515E-01     1     1    7.748389E-05   1.999650E-05
    5.591515E-01     1     2   -1.435966E-13   6.908939E-12
    5.591515E-01     1     3   -1.622176E-12  -3.338500E-12
    5.591515E-01     1     4   -5.172574E-13   2.018733E-13
    5.591515E-01     1     5   -1.386278E-05  -2.547787E-08
    5.591515E-01     1     6   -1.532792E-12   2.266963E-12
    5.591515E-01     2     1    6.556038E-12  -3.950136E-12
    5.591515E-01     2     2    2.124995E-03   1.406391E-04
    5.591515E-01     2     3    2.978145E-11   6.067198E-11
    5.591515E-01     2     4    7.599305E-05  -7.050428E-05
    5.591515E-01     2     5    3.237417E-12  -4.737393E-12
    5.591515E-01     2     6    1.767272E-11   1.865932E-12
    5.591515E-01     3     1    2.035254E-12   1.313825E-12
    5.591515E-01     3     2    3.615094E-11   3.584579E-11
    5.591515E-01     3     3    4.994562E-04   2.715469E-04
    5.591515E-01     3     4   -3.826559E-12   6.303530E-12
    5.591515E-01     3     5    1.089963E-11  -8.877794E-12
    5.591515E-01     3     6    2.513085E-12  -5.138037E-12
    5.591515E-01     4     1   -7.313847E-13  -8.548617E-14
    5.591515E-01     4     2    5.797000E-05  -6.489580E-05
    5.591515E-01     4     3    5.042634E-12  -8.272067E-12
    5.591515E-01     4     4    3.720898E-05   2.455598E-05
    5.591515E-01     4     5   -1.663560E-12   1.520751E-12
    5.591515E-01     4     6   -9.809536E-14  -1.042366E-12
    5.591515E-01     5     1   -9.697243E-06  -1.884415E-06
    5.591515E-01     5     2   -2.685733E-12   5.780168E-12
    5.591515E-01     5     3    7.223519E-12   3.350581E-12
    5.591515E-01     5     4    1.085147E-12   2.009056E-12
    5.591515E-01     5     5    1.233352E-05   4.270713E-05
    5.591515E-01     5     6   -2.119594E-12  -8.536563E-13
    5.591515E-01     6     1   -2.977607E-12  -6.655794E-13
    5.591515E-01     6     2   -1.483042E-11   2.875781E-12
    5.591515E-01     6     3   -1.547881E-12   3.830392E-12
    5.591515E-01     6     4   -1.491347E-12  -6.349658E-12
    5.591515E-01     6     5   -4.933852E-13  -3.036289E-12
    5.591515E-01     6     6    8.436733E-05   4.571606E-06
    5.429927E-01     1     1    7.828443E-05   2.065317E-05
    5.429927E-01     1     2    5.785740E-14   8.796253E-12
    5.429927E-01     1     3   -1.953864E-12  -4.480664E-12
    5.429927E-01     1     4   -4.855676E-13   2.492631E-13
    5.429927E-01     1     5   -7.438564E-06  -5.671084E-07
    5.429927E-01     1     6   -1.417470E-12   2.534352E-12
    5.429927E-01     2     1    5.331182E-12  -3.802504E-12
    5.429927E-01     2     2    2.324981E-03   1.322858E-04
    5.429927E-01     2     3    2.584242E-11   6.471396E-11
    5.429927E-01     2     4    1.042054E-04  -6.675970E-05
    5.429927E-01     2     5    3.427553E-12  -2.867174E-12
    5.429927E-01     2     6    1.832224E-11   1.954015E-12
    5.429927E-01     3     1    9.133085E-13  -1.425583E-13
    5.429927E-01     3     2    2.161596E-11   3.496295E-11
    5.429927E-01     3     3    7.697800E-04   2.573505E-04
    5.429927E-01     3     4   -3.336832E-12   6.024740E-12
    5.429927E-01     3     5    9.172703E-12  -6.660536E-12
    5.429927E-01     3     6    1.865536E-12  -3.808577E-12
    5.429927E-01     4     1   -7.030026E-13  -1.140223E-13
    5.429927E-01     4     2    8.682795E-05  -6.013055E-05
    5.429927E-01     4     3    4.572759E-12  -7.507583E-12
    5.429927E-01     4     4    3.828171E-05   2.596077E-05
    5.429927E-01     4     5   -1.526400E-12   9.042024E-13
    5.429927E-01     4     6   -3.916546E-13  -8.024788E-13
    5.429927E-01     5     1   -5.277183E-06  -2.143089E-06
    5.429927E-01     5     2   -1.959269E-12   4.552694E-12
    5.429927E-01     5     3    8.422358E-12   3.053294E-12
    5.429927E-01     5     4    1.053346E-12   1.356887E-12
    5.429927E-01     5     5    1.909823E-05   3.117645E-05
    5.429927E-01     5     6   -1.600908E-12  -1.637134E-13
    5.429927E-01     6     1   -3.239283E-12  -6.985491E-13
    5.429927E-01     6     2   -1.183049E-11   4.100639E-12
    5.429927E-01     6     3    1.516975E-12   2.851508E-12
    5.429927E-01     6     4   -1.533833E-12  -6.736396E-12
    5.429927E-01     6     5   -9.340120E-13  -4.024999E-12
    5.429927E-01     6     6    9.117039E-05   5.172852E-06
    5.277371E-01     1     1    7.900497E-05   2.114869E-05
    5.277371E-01     1     2    3.790987E-13   1.034421E-11
    5.277371E-01     1     3   -2.139962E-12  -5.288031E-12
    5.277371E-01     1     4   -5.092646E-13   3.977020E-13
    5.277371E-01     1     5   -2.048034E-06   4.559703E-07
    5.277371E-01     1     6   -1.120709E-12   2.753719E-12
    5.277371E-01     2     1    4.320078E-12  -2.268966E-12
    5.277371E-01     2     2    2.488594E-03   1.590533E-04
    5.277371E-01     2     3    2.499841E-11   6.180612E-11
    5.277371E-01     2     4    1.317490E-04  -6.223884E-05
    5.277371E-01     2     5    4.327053E-12   1.917560E-13
    5.277371E-01     2     6    1.890635E-11   1.615146E-12
    5.277371E-01     3     1    3.091505E-13  -1.643510E-12
    5.277371E-01     3     2    8.451237E-12   2.861973E-11
    5.277371E-01     3     3    9.891335E-04   2.916202E-04
    5.277371E-01     3     4   -4.096307E-12   5.899316E-12
    5.277371E-01     3     5    7.880709E-12  -3.638239E-12
    5.277371E-01     3     6    1.338714E-12  -2.825257E-12
    5.277371E-01     4     1   -6.859239E-13  -1.270174E-13
    5.277371E-01     4     2    1.189815E-04  -5.442818E-05
    5.277371E-01     4     3    3.390658E-12  -6.927404E-12
    5.277371E-01     4     4    3.963423E-05   2.757233E-05
    5.277371E-01     4     5   -1.201576E-12   2.790667E-13
    5.277371E-01     4     6   -7.024724E-13  -5.663357E-13
    5.277371E-01     5     1   -1.583415E-06  -1.346580E-06
    5.277371E-01     5     2   -5.673834E-14   2.525022E-12
    5.277371E-01     5     3    1.065321E-11   3.683959E-12
    5.277371E-01     5     4    1.091727E-12   7.415130E-13
    5.277371E-01     5     5    2.781331E-05   2.328447E-05
    5.277371E-01     5     6   -8.224652E-13   5.358045E-13
    5.277371E-01     6     1   -3.270490E-12  -6.874146E-13
    5.277371E-01     6     2   -7.737157E-12   5.376330E-12
    5.277371E-01     6     3    6.392884E-12   5.752795E-14
    5.277371E-01     6     4   -1.627726E-12  -6.322278E-12
    5.277371E-01     6     5   -1.179636E-12  -4.361259E-12
    5.277371E-01     6     6    9.968783E-05   7.072455E-06
    5.133196E-01     1     1    7.991987E-05   2.148380E-05
    5.133196E-01     1     2    6.081960E-13   1.145755E-11
    5.133196E-01     1     3   -2.717495E-12  -4.872859E-12
    5.133196E-01     1     4   -4.660528E-13   5.133548E-13
    5.133196E-01     1     5    1.937997E-06   2.365597E-06
    5.133196E-01     1     6   -7.519761E-13   2.745714E-12
    5.133196E-01     2     1    3.235937E-12   2.050059E-13
    5.133196E-01     2     2    2.580671E-03   2.292559E-04
    5.133196E-01     2     3    2.455037E-11   4.700721E-11
    5.133196E-01     2     4    1.548647E-04  -5.708505E-05
    5.133196E-01     2     5    5.729659E-12   3.585033E-12
    5.133196E-01     2     6    1.875202E-11   1.801117E-12
    5.133196E-01     3     1   -3.574967E-13  -3.417596E-12
    5.133196E-01     3     2   -4.689509E-12   1.857254E-11
    5.133196E-01     3     3    1.150911E-03   3.522352E-04
    5.133196E-01     3     4   -4.539190E-12   5.644822E-12
    5.133196E-01     3     5    6.677763E-12  -8.489311E-13
    5.133196E-01     3     6   -2.732737E-14  -2.693333E-12
    5.133196E-01     4     1   -6.224768E-13  -6.211495E-14
    5.133196E-01     4     2    1.509810E-04  -4.804266E-05
    5.133196E-01     4     3    2.361200E-12  -7.058431E-12
    5.133196E-01     4     4    4.094338E-05   2.918141E-05
    5.133196E-01     4     5   -7.542606E-13  -3.080381E-13
    5.133196E-01     4     6   -1.006327E-12  -1.927395E-13
    5.133196E-01     5     1    1.144752E-06   4.243854E-08
    5.133196E-01     5     2    2.130692E-12   1.113017E-12
    5.133196E-01     5     3    1.208733E-11   4.174709E-12
    5.133196E-01     5     4    1.216841E-12   3.777375E-13
    5.133196E-01     5     5    3.710652E-05   1.878257E-05
    5.133196E-01     5     6   -5.666373E-14   1.172025E-12
    5.133196E-01     6     1   -3.258092E-12  -7.526131E-13
    5.133196E-01     6     2   -1.712532E-12   7.196100E-12
    5.133196E-01     6     3    1.134748E-11  -1.887627E-12
    5.133196E-01     6     4   -1.719581E-12  -5.441065E-12
    5.133196E-01     6     5   -1.422639E-12  -4.829553E-12
    5.133196E-01     6     6    1.088031E-04   1.067582E-05
    4.996648E-01     1     1    8.127291E-05   2.187183E-05
    4.996648E-01     1     2    5.479921E-13   1.142338E-11
    4.996648E-01     1     3   -2.717816E-12  -3.304938E-12
    4.996648E-01     1     4   -3.258381E-13   5.782499E-13
    4.996648E-01     1     5    4.449994E-06   4.544482E-06
    4.996648E-01     1     6   -6.277649E-13   2.538707E-12
    4.996648E-01     2     1    2.681896E-12   2.715566E-12
    4.996648E-01     2     2    2.571699E-03   3.436710E-04
    4.996648E-01     2     3    2.590167E-11   2.888073E-11
    4.996648E-01     2     4    1.699447E-04  -5.176303E-05
    4.996648E-01     2     5    6.598261E-12   7.901505E-12
    4.996648E-01     2     6    1.775682E-11   2.164074E-12
    4.996648E-01     3     1   -8.510747E-13  -6.376145E-12
    4.996648E-01     3     2   -1.535522E-11   1.049170E-11
    4.996648E-01     3     3    1.256835E-03   4.203112E-04
    4.996648E-01     3     4   -4.575743E-12   4.847732E-12
    4.996648E-01     3     5    5.382852E-12   1.554585E-12
    4.996648E-01     3     6   -9.772182E-13  -3.095926E-12
    4.996648E-01     4     1   -5.877717E-13   3.558725E-14
    4.996648E-01     4     2    1.791045E-04  -4.149583E-05
    4.996648E-01     4     3    1.404798E-12  -7.056177E-12
    4.996648E-01     4     4    4.187835E-05   3.054862E-05
    4.996648E-01     4     5   -1.230965E-13  -8.796562E-13
    4.996648E-01     4     6   -1.282932E-12   3.226148E-13
    4.996648E-01     5     1    2.873436E-06   1.608415E-06
    4.996648E-01     5     2    4.269480E-12   1.844454E-13
    4.996648E-01     5     3    1.260620E-11   5.184831E-12
    4.996648E-01     5     4    1.360169E-12   1.861005E-13
    4.996648E-01     5     5    4.583430E-05   1.709289E-05
    4.996648E-01     5     6    5.852506E-13   1.634463E-12
    4.996648E-01     6     1   -3.150760E-12  -9.818839E-13
    4.996648E-01     6     2    4.873541E-12   9.322960E-12
    4.996648E-01     6     3    1.665539E-11  -3.491466E-12
    4.996648E-01     6     4   -1.915571E-12  -4.127055E-12
    4.996648E-01     6     5   -1.805135E-12  -5.557632E-12
    4.996648E-01     6     6    1.171422E-04   1.622733E-05
    4.867215E-01     1     1    8.313892E-05   2.267271E-05
    4.867215E-01     1     2    3.091160E-13   1.084337E-11
    4.867215E-01     1     3   -2.710948E-12  -1.584138E-12
    4.867215E-01     1     4   -2.294209E-13   7.698657E-13
    4.867215E-01     1     5    5.674825E-06   6.521362E-06
    4.867215E-01     1     6   -6.738336E-13   2.261858E-12
    4.867215E-01     2     1    2.608980E-12   4.453513E-12
    4.867215E-01     2     2    2.441217E-03   4.978887E-04
    4.867215E-01     2     3    3.375188E-11  -1.238565E-13
    4.867215E-01     2     4    1.739603E-04  -4.687423E-05
    4.867215E-01     2     5    5.208596E-12   1.045105E-11
    4.867215E-01     2     6    1.490689E-11   2.593228E-12
    4.867215E-01     3     1   -1.518398E-12  -9.321424E-12
    4.867215E-01     3     2   -2.868945E-11   2.533241E-12
    4.867215E-01     3     3    1.315284E-03   4.812362E-04
    4.867215E-01     3     4   -5.100727E-12   4.209498E-12
    4.867215E-01     3     5    3.490346E-12   4.148379E-12
    4.867215E-01     3     6   -2.083525E-12  -3.864948E-12
    4.867215E-01     4     1   -5.971465E-13   9.710158E-14
    4.867215E-01     4     2    1.997602E-04  -3.543392E-05
    4.867215E-01     4     3   -6.546142E-13  -6.559905E-12
    4.867215E-01     4     4    4.213651E-05   3.143396E-05
    4.867215E-01     4     5    3.393754E-13  -1.316668E-12
    4.867215E-01     4     6   -1.621688E-12   8.515354E-13
    4.867215E-01     5     1    3.739608E-06   3.040478E-06
    4.867215E-01     5     2    5.272741E-12  -1.191404E-12
    4.867215E-01     5     3    1.308515E-11   5.644336E-12
    4.867215E-01     5     4    1.566011E-12  -5.257658E-14
    4.867215E-01     5     5    5.315319E-05   1.744715E-05
    4.867215E-01     5     6    1.013719E-12   2.066799E-12
    4.867215E-01     6     1   -3.411715E-12  -1.281413E-12
    4.867215E-01     6     2    9.567066E-12   1.057050E-11
    4.867215E-01     6     3    2.145239E-11  -3.010468E-12
    4.867215E-01     6     4   -2.253852E-12  -2.877506E-12
    4.867215E-01     6     5   -2.071877E-12  -6.345358E-12
    4.867215E-01     6     6    1.232783E-04   2.366426E-05
    4.744282E-01     1     1    8.533165E-05   2.422133E-05
    4.744282E-01     1     2    1.068257E-13   9.122070E-12
    4.744282E-01     1     3   -2.144342E-12   2.952862E-13
    4.744282E-01     1     4   -1.933224E-13   1.004775E-12
    4.744282E-01     1     5    5.968511E-06   8.041856E-06
    4.744282E-01     1     6   -9.242376E-13   1.734154E-12
    4.744282E-01     2     1    3.602594E-12   5.914774E-12
    4.744282E-01     2     2    2.177600E-03   6.837234E-04
    4.744282E-01     2     3    4.021375E-11  -3.026836E-11
    4.744282E-01     2     4    1.645634E-04  -4.300297E-05
    4.744282E-01     2     5    3.419002E-12   1.147079E-11
    4.744282E-01     2     6    1.208074E-11   3.337303E-12
    4.744282E-01     3     1   -2.040246E-12  -1.225048E-11
    4.744282E-01     3     2   -3.735467E-11  -2.439894E-12
    4.744282E-01     3     3    1.339558E-03   5.254608E-04
    4.744282E-01     3     4   -5.964761E-12   3.610329E-12
    4.744282E-01     3     5   -2.508253E-13   5.247290E-12
    4.744282E-01     3     6   -3.263539E-12  -5.098536E-12
    4.744282E-01     4     1   -5.782527E-13   2.204728E-13
    4.744282E-01     4     2    2.096404E-04  -3.050169E-05
    4.744282E-01     4     3   -3.231166E-12  -6.311586E-12
    4.744282E-01     4     4    4.145718E-05   3.161897E-05
    4.744282E-01     4     5    7.709413E-13  -1.762554E-12
    4.744282E-01     4     6   -1.857912E-12   1.376877E-12
    4.744282E-01     5     1    3.987672E-06   4.177089E-06
    4.744282E-01     5     2    5.206645E-12  -2.179802E-12
    4.744282E-01     5     3    1.231111E-11   5.333480E-12
    4.744282E-01     5     4    1.751779E-12  -2.144616E-13
    4.744282E-01     5     5    5.857378E-05   1.900536E-05
    4.744282E-01     5     6    1.226905E-12   2.038712E-12
    4.744282E-01     6     1   -3.861427E-12  -1.542707E-12
    4.744282E-01     6     2    1.439709E-11   1.065446E-11
    4.744282E-01     6     3    2.394985E-11  -8.374317E-13
    4.744282E-01     6     4   -2.564761E-12  -1.541330E-12
    4.744282E-01     6     5   -2.091716E-12  -6.812119E-12
    4.744282E-01     6     6    1.258886E-04   3.259311E-05
    4.627407E-01     1     1    8.750140E-05   2.660792E-05
    4.627407E-01     1     2   -1.279213E-13   6.904250E-12
    4.627407E-01     1     3   -7.270013E-13   2.063415E-12
    4.627407E-01     1     4   -1.640397E-13   1.103650E-12
    4.627407E-01     1     5    5.708344E-06   9.073083E-06
    4.627407E-01     1     6   -1.335773E-12   1.137802E-12
    4.627407E-01     2     1    5.151646E-12   7.452333E-12
    4.627407E-01     2     2    1.778598E-03   8.887693E-04
    4.627407E-01     2     3    4.961014E-11  -6.303243E-11
    4.627407E-01     2     4    1.401960E-04  -4.072958E-05
    4.627407E-01     2     5    2.378180E-12   1.232373E-11
    4.627407E-01     2     6    1.052131E-11   4.386149E-12
    4.627407E-01     3     1   -2.484456E-12  -1.464184E-11
    4.627407E-01     3     2   -4.126545E-11  -4.006091E-12
    4.627407E-01     3     3    1.345310E-03   5.492012E-04
    4.627407E-01     3     4   -6.350507E-12   3.461041E-12
    4.627407E-01     3     5   -3.285902E-12   6.600698E-12
    4.627407E-01     3     6   -4.391854E-12  -6.045593E-12
    4.627407E-01     4     1   -5.602044E-13   3.169805E-13
    4.627407E-01     4     2    2.058828E-04  -2.734355E-05
    4.627407E-01     4     3   -6.738492E-12  -5.483249E-12
    4.627407E-01     4     4    3.962624E-05   3.092048E-05
    4.627407E-01     4     5    1.168726E-12  -2.037412E-12
    4.627407E-01     4     6   -1.866085E-12   1.755078E-12
    4.627407E-01     5     1    3.867444E-06   5.000702E-06
    4.627407E-01     5     2    4.670716E-12  -2.366349E-12
    4.627407E-01     5     3    1.223272E-11   6.595324E-12
    4.627407E-01     5     4    1.772440E-12  -6.975040E-14
    4.627407E-01     5     5    6.197646E-05   2.098050E-05
    4.627407E-01     5     6    1.279840E-12   1.758489E-12
    4.627407E-01     6     1   -4.322084E-12  -1.930234E-12
    4.627407E-01     6     2    1.732602E-11   9.283614E-12
    4.627407E-01     6     3    2.445061E-11   2.263864E-12
    4.627407E-01     6     4   -2.702722E-12  -4.176019E-13
    4.627407E-01     6     5   -1.614254E-12  -7.199428E-12
    4.627407E-01     6     6    1.239448E-04   4.235936E-05
    4.516183E-01     1     1    8.933493E-05   2.964502E-05
    4.516183E-01     1     2   -4.132895E-13   3.464171E-12
    4.516183E-01     1     3    1.604858E-12   3.495733E-12
    4.516183E-01     1     4   -8.879910E-14   1.028998E-12
    4.516183E-01     1     5    5.191453E-06   9.703863E-06
    4.516183E-01     1     6   -1.539195E-12   5.914985E-13
    4.516183E-01     2     1    6.617086E-12   8.040547E-12
    4.516183E-01     2     2    1.248350E-03   1.096108E-03
    4.516183E-01     2     3    5.570731E-11  -9.353304E-11
    4.516183E-01     2     4    9.999139E-05  -3.969810E-05
    4.516183E-01     2     5    9.281569E-13   1.430145E-11
    4.516183E-01     2     6    1.007345E-11   5.892094E-12
    4.516183E-01     3     1   -2.512827E-12  -1.567039E-11
    4.516183E-01     3     2   -4.236251E-11  -3.090885E-12
    4.516183E-01     3     3    1.348683E-03   5.545411E-04
    4.516183E-01     3     4   -5.489654E-12   3.439141E-12
    4.516183E-01     3     5   -5.090395E-12   8.208866E-12
    4.516183E-01     3     6   -5.944646E-12  -6.961359E-12
    4.516183E-01     4     1   -5.378490E-13   3.507123E-13
    4.516183E-01     4     2    1.860051E-04  -2.690623E-05
    4.516183E-01     4     3   -1.000913E-11  -5.247204E-12
    4.516183E-01     4     4    3.650144E-05   2.914350E-05
    4.516183E-01     4     5    1.440443E-12  -2.134771E-12
    4.516183E-01     4     6   -1.791941E-12   1.992759E-12
    4.516183E-01     5     1    3.573358E-06   5.569943E-06
    4.516183E-01     5     2    3.441114E-12  -2.246825E-12
    4.516183E-01     5     3    1.128798E-11   7.355064E-12
    4.516183E-01     5     4    1.568851E-12   2.347682E-13
    4.516183E-01     5     5    6.359463E-05   2.274883E-05
    4.516183E-01     5     6    1.085964E-12   1.117416E-12
    4.516183E-01     6     1   -4.538743E-12  -2.252828E-12
    4.516183E-01     6     2    1.879330E-11   7.226338E-12
    4.516183E-01     6     3    2.272502E-11   7.209103E-12
    4.516183E-01     6     4   -2.810058E-12   6.445579E-13
    4.516183E-01     6     5   -1.031349E-12  -7.709036E-12
    4.516183E-01     6     6    1.166919E-04   5.219085E-05
    4.410150E-01     1     1    9.075166E-05   3.309870E-05
    4.410150E-01     1     2   -6.881687E-13   5.581009E-13
    4.410150E-01     1     3    4.289892E-12   3.629525E-12
    4.410150E-01     1     4   -1.233102E-13   9.364660E-13
    4.410150E-01     1     5    4.734594E-06   1.009618E-05
    4.410150E-01     1     6   -1.793498E-12   9.221658E-14
    4.410150E-01     2     1    8.435836E-12   7.900539E-12
    4.410150E-01     2     2    5.901117E-04   1.277520E-03
    4.410150E-01     2     3    6.212576E-11  -1.216577E-10
    4.410150E-01     2     4    4.333378E-05  -3.993722E-05
    4.410150E-01     2     5    1.243746E-12   1.358063E-11
    4.410150E-01     2     6    1.159059E-11   6.755301E-12
    4.410150E-01     3     1   -2.220621E-12  -1.610318E-11
    4.410150E-01     3     2   -3.857602E-11  -8.125718E-13
    4.410150E-01     3     3    1.339470E-03   5.459709E-04
    4.410150E-01     3     4   -3.863404E-12   3.480654E-12
    4.410150E-01     3     5   -7.988918E-12   8.697238E-12
    4.410150E-01     3     6   -6.900011E-12  -6.811358E-12
    4.410150E-01     4     1   -4.319333E-13   4.029230E-13
    4.410150E-01     4     2    1.475951E-04  -2.785206E-05
    4.410150E-01     4     3   -1.272480E-11  -3.361729E-12
    4.410150E-01     4     4    3.199624E-05   2.598799E-05
    4.410150E-01     4     5    1.507524E-12  -2.321230E-12
    4.410150E-01     4     6   -1.508156E-12   2.035709E-12
    4.410150E-01     5     1    3.323804E-06   5.989654E-06
    4.410150E-01     5     2    1.535206E-12  -1.939829E-12
    4.410150E-01     5     3    1.023682E-11   8.249204E-12
    4.410150E-01     5     4    1.249434E-12   5.762302E-13
    4.410150E-01     5     5    6.354474E-05   2.381542E-05
    4.410150E-01     5     6    7.687891E-13   4.873310E-13
    4.410150E-01     6     1   -4.471470E-12  -2.609980E-12
    4.410150E-01     6     2    1.709636E-11   5.034114E-12
    4.410150E-01     6     3    1.747302E-11   1.394488E-11
    4.410150E-01     6     4   -2.635134E-12   1.532197E-12
    4.410150E-01     6     5   -5.298289E-14  -7.956539E-12
    4.410150E-01     6     6    1.036705E-04   6.114570E-05
    4.309012E-01     1     1    9.181049E-05   3.706040E-05
    4.309012E-01     1     2   -9.334744E-13  -3.312350E-12
    4.309012E-01     1     3    7.094178E-12   2.201724E-12
    4.309012E-01     1     4   -1.902511E-13   6.947205E-13
    4.309012E-01     1     5    4.512775E-06   9.785357E-06
    4.309012E-01     1     6   -1.705247E-12  -2.326265E-13
    4.309012E-01     2     1    1.009056E-11   8.011624E-12
    4.309012E-01     2     2   -1.179252E-04   1.399821E-03
    4.309012E-01     2     3    6.214929E-11  -1.334840E-10
    4.309012E-01     2     4   -1.771240E-05  -4.142197E-05
    4.309012E-01     2     5   -1.750159E-12   1.041964E-11
    4.309012E-01     2     6    1.311848E-11   7.282986E-12
    4.309012E-01     3     1   -1.864350E-12  -1.520337E-11
    4.309012E-01     3     2   -2.698637E-11   5.050259E-12
    4.309012E-01     3     3    1.330545E-03   5.312198E-04
    4.309012E-01     3     4   -2.090498E-12   2.669566E-12
    4.309012E-01     3     5   -8.646799E-12   9.606477E-12
    4.309012E-01     3     6   -6.213688E-12  -6.777091E-12
    4.309012E-01     4     1   -3.239064E-13   4.016634E-13
    4.309012E-01     4     2    8.693065E-05  -2.997653E-05
    4.309012E-01     4     3   -1.500723E-11  -1.178017E-12
    4.309012E-01     4     4    2.578572E-05   2.234953E-05
    4.309012E-01     4     5    1.516530E-12  -2.470590E-12
    4.309012E-01     4     6   -1.150424E-12   1.916599E-12
    4.309012E-01     5     1    3.223441E-06   5.887374E-06
    4.309012E-01     5     2   -4.072351E-14  -1.005864E-12
    4.309012E-01     5     3    8.902208E-12   9.363042E-12
    4.309012E-01     5     4    9.211783E-13   7.778704E-13
    4.309012E-01     5     5    6.262194E-05   2.410380E-05
    4.309012E-01     5     6    5.436784E-13  -8.100578E-14
    4.309012E-01     6     1   -4.378214E-12  -2.636452E-12
    4.309012E-01     6     2    1.470347E-11   2.717839E-12
    4.309012E-01     6     3    9.258346E-12   2.156088E-11
    4.309012E-01     6     4   -2.259381E-12   2.269578E-12
    4.309012E-01     6     5    1.010475E-12  -7.667835E-12
    4.309012E-01     6     6    8.458659E-05   6.800298E-05
    4.212380E-01     1     1    9.239183E-05   4.148361E-05
    4.212380E-01     1     2   -1.329169E-12  -6.755863E-12
    4.212380E-01     1     3    1.037568E-11  -2.513195E-13
    4.212380E-01     1     4   -2.637938E-13   3.533302E-13
    4.212380E-01     1     5    4.463408E-06   9.763587E-06
    4.212380E-01     1     6   -1.468022E-12  -4.582834E-13
    4.212380E-01     2     1    1.177545E-11   7.276752E-12
    4.212380E-01     2     2   -5.395627E-04   1.459025E-03
    4.212380E-01     2     3    5.383710E-11  -1.305892E-10
    4.212380E-01     2     4   -7.468355E-05  -4.403755E-05
    4.212380E-01     2     5   -4.739103E-12   6.633345E-12
    4.212380E-01     2     6    1.430417E-11   7.216328E-12
    4.212380E-01     3     1   -1.221351E-12  -1.284509E-11
    4.212380E-01     3     2   -1.714379E-11   1.267795E-11
    4.212380E-01     3     3    1.341933E-03   5.139745E-04
    4.212380E-01     3     4   -1.157103E-12   2.395431E-12
    4.212380E-01     3     5   -8.275091E-12   1.045086E-11
    4.212380E-01     3     6   -5.356521E-12  -5.366408E-12
    4.212380E-01     4     1   -2.294091E-13   3.441924E-13
    4.212380E-01     4     2    2.544965E-05  -3.302768E-05
    4.212380E-01     4     3   -1.575213E-11   1.313179E-12
    4.212380E-01     4     4    1.975971E-05   1.819871E-05
    4.212380E-01     4     5    1.189280E-12  -2.580226E-12
    4.212380E-01     4     6   -7.688776E-13   1.565081E-12
    4.212380E-01     5     1    3.227757E-06   5.987034E-06
    4.212380E-01     5     2   -1.748682E-12   4.240730E-13
    4.212380E-01     5     3    6.818210E-12   1.068220E-11
    4.212380E-01     5     4    6.405677E-13   8.136760E-13
    4.212380E-01     5     5    6.178816E-05   2.351315E-05
    4.212380E-01     5     6    3.095585E-13  -6.612024E-13
    4.212380E-01     6     1   -3.954495E-12  -2.524082E-12
    4.212380E-01     6     2    1.122075E-11  -2.860664E-13
    4.212380E-01     6     3   -3.423387E-13   2.869316E-11
    4.212380E-01     6     4   -1.797119E-12   2.688437E-12
    4.212380E-01     6     5    1.544653E-12  -6.916322E-12
    4.212380E-01     6     6    5.893925E-05   7.002662E-05
    4.120013E-01     1     1    9.231343E-05   4.638604E-05
    4.120013E-01     1     2   -1.573578E-12  -8.804462E-12
    4.120013E-01     1     3    1.320871E-11  -3.508295E-12
    4.120013E-01     1     4   -3.247350E-13   2.434747E-14
    4.120013E-01     1     5    4.551901E-06   9.949054E-06
    4.120013E-01     1     6   -1.358587E-12  -5.536633E-13
    4.120013E-01     2     1    1.324994E-11   6.249284E-12
    4.120013E-01     2     2   -7.759175E-04   1.446703E-03
    4.120013E-01     2     3    3.351541E-11  -1.129486E-10
    4.120013E-01     2     4   -1.150938E-04  -4.758658E-05
    4.120013E-01     2     5   -5.638773E-12   4.564137E-12
    4.120013E-01     2     6    1.300405E-11   7.783403E-12
    4.120013E-01     3     1   -1.002228E-13  -9.192685E-12
    4.120013E-01     3     2   -1.263483E-11   2.385028E-11
    4.120013E-01     3     3    1.380062E-03   4.959213E-04
    4.120013E-01     3     4   -1.338882E-12   2.456883E-12
    4.120013E-01     3     5   -6.166518E-12   1.073227E-11
    4.120013E-01     3     6   -4.680372E-12  -4.849550E-12
    4.120013E-01     4     1   -1.628494E-13   2.103239E-13
    4.120013E-01     4     2   -2.506246E-05  -3.671358E-05
    4.120013E-01     4     3   -1.573618E-11   4.108732E-12
    4.120013E-01     4     4    1.502756E-05   1.447681E-05
    4.120013E-01     4     5    9.902522E-13  -2.503028E-12
    4.120013E-01     4     6   -3.864898E-13   1.140298E-12
    4.120013E-01     5     1    3.304708E-06   6.252165E-06
    4.120013E-01     5     2   -3.168190E-12   1.166609E-12
    4.120013E-01     5     3    4.936744E-12   1.227186E-11
    4.120013E-01     5     4    4.255914E-13   7.068406E-13
    4.120013E-01     5     5    6.178033E-05   2.241263E-05
    4.120013E-01     5     6    4.921626E-13  -6.852017E-13
    4.120013E-01     6     1   -3.514505E-12  -2.294569E-12
    4.120013E-01     6     2    7.658422E-12  -3.361927E-12
    4.120013E-01     6     3   -9.992405E-12   3.228229E-11
    4.120013E-01     6     4   -1.248360E-12   2.884053E-12
    4.120013E-01     6     5    1.676340E-12  -6.548305E-12
    4.120013E-01     6     6    3.296394E-05   6.984821E-05
    4.031585E-01     1     1    9.115595E-05   5.142954E-05
    4.031585E-01     1     2   -1.423395E-12  -9.342387E-12
    4.031585E-01     1     3    1.408287E-11  -6.182475E-12
    4.031585E-01     1     4   -3.861182E-13  -2.694760E-13
    4.031585E-01     1     5    4.592761E-06   1.081083E-05
    4.031585E-01     1     6   -1.184171E-12  -2.405088E-13
    4.031585E-01     2     1    1.393408E-11   5.644932E-12
    4.031585E-01     2     2   -8.615623E-04   1.380121E-03
    4.031585E-01     2     3    2.757628E-12  -7.892569E-11
    4.031585E-01     2     4   -1.408507E-04  -5.174616E-05
    4.031585E-01     2     5   -6.108369E-12   2.588507E-12
    4.031585E-01     2     6    1.318131E-11   7.862420E-12
    4.031585E-01     3     1    9.296075E-13  -5.272859E-12
    4.031585E-01     3     2   -6.340438E-12   3.622053E-11
    4.031585E-01     3     3    1.440359E-03   4.788168E-04
    4.031585E-01     3     4   -2.207696E-12   2.508613E-12
    4.031585E-01     3     5   -3.906964E-12   1.211779E-11
    4.031585E-01     3     6   -4.047551E-12  -3.030471E-12
    4.031585E-01     4     1   -7.870982E-14   1.065998E-13
    4.031585E-01     4     2   -6.434080E-05  -4.069212E-05
    4.031585E-01     4     3   -1.398117E-11   5.992240E-12
    4.031585E-01     4     4    1.151196E-05   1.127622E-05
    4.031585E-01     4     5    8.821032E-13  -2.314455E-12
    4.031585E-01     4     6   -4.666958E-14   6.855489E-13
    4.031585E-01     5     1    3.323814E-06   6.991379E-06
    4.031585E-01     5     2   -3.607768E-12   1.645749E-12
    4.031585E-01     5     3    3.112843E-12   1.411890E-11
    4.031585E-01     5     4    2.116025E-13   4.953879E-13
    4.031585E-01     5     5    6.302857E-05   2.111637E-05
    4.031585E-01     5     6    5.355435E-13  -7.743201E-13
    4.031585E-01     6     1   -3.118747E-12  -2.069017E-12
    4.031585E-01     6     2    5.422724E-12  -6.474196E-12
    4.031585E-01     6     3   -1.911100E-11   3.459392E-11
    4.031585E-01     6     4   -6.171653E-13   2.940513E-12
    4.031585E-01     6     5    1.865189E-12  -5.999870E-12
    4.031585E-01     6     6    1.594917E-05   6.694008E-05
    3.946898E-01     1     1    8.875417E-05   5.643283E-05
    3.946898E-01     1     2   -1.321574E-12  -8.839104E-12
    3.946898E-01     1     3    1.344571E-11  -7.766388E-12
    3.946898E-01     1     4   -3.959853E-13  -5.636328E-13
    3.946898E-01     1     5    4.377765E-06   1.213056E-05
    3.946898E-01     1     6   -9.218958E-13   1.296851E-13
    3.946898E-01     2     1    1.259710E-11   5.821874E-12
    3.946898E-01     2     2   -8.053267E-04   1.268145E-03
    3.946898E-01     2     3   -3.260774E-11  -5.544709E-11
    3.946898E-01     2     4   -1.513372E-04  -5.656466E-05
    3.946898E-01     2     5   -5.916561E-12   2.142638E-12
    3.946898E-01     2     6    1.263049E-11   7.023316E-12
    3.946898E-01     3     1    1.745924E-12  -1.142476E-12
    3.946898E-01     3     2   -2.557153E-12   4.154422E-11
    3.946898E-01     3     3    1.514723E-03   4.622284E-04
    3.946898E-01     3     4   -3.759657E-12   2.399837E-12
    3.946898E-01     3     5   -1.644602E-12   1.386733E-11
    3.946898E-01     3     6   -3.449902E-12  -3.271672E-13
    3.946898E-01     4     1   -4.802963E-14  -6.805773E-15
    3.946898E-01     4     2   -9.036147E-05  -4.492383E-05
    3.946898E-01     4     3   -1.203115E-11   7.599788E-12
    3.946898E-01     4     4    9.330514E-06   8.661761E-06
    3.946898E-01     4     5    7.801998E-13  -2.071608E-12
    3.946898E-01     4     6    1.925847E-13   2.357811E-13
    3.946898E-01     5     1    3.148684E-06   8.052761E-06
    3.946898E-01     5     2   -2.837521E-12   1.273797E-12
    3.946898E-01     5     3    1.622900E-12   1.616144E-11
    3.946898E-01     5     4    6.402089E-14   1.816669E-13
    3.946898E-01     5     5    6.525431E-05   2.001482E-05
    3.946898E-01     5     6    7.102118E-13  -7.010716E-13
    3.946898E-01     6     1   -2.702996E-12  -1.792449E-12
    3.946898E-01     6     2    3.657635E-12  -9.426096E-12
    3.946898E-01     6     3   -2.500705E-11   3.409516E-11
    3.946898E-01     6     4   -1.765100E-14   2.784096E-12
    3.946898E-01     6     5    1.733924E-12  -5.084182E-12
    3.946898E-01     6     6    4.202380E-06   6.248355E-05
    3.865672E-01     1     1    8.511896E-05   6.113675E-05
    3.865672E-01     1     2   -1.749097E-12  -8.172643E-12
    3.865672E-01     1     3    1.161805E-11  -7.876528E-12
    3.865672E-01     1     4   -3.512345E-13  -7.939784E-13
    3.865672E-01     1     5    4.076733E-06   1.369775E-05
    3.865672E-01     1     6   -6.032408E-13   5.170315E-13
    3.865672E-01     2     1    1.001853E-11   6.184462E-12
    3.865672E-01     2     2   -6.337676E-04   1.136413E-03
    3.865672E-01     2     3   -7.371961E-11  -2.829063E-11
    3.865672E-01     2     4   -1.480918E-04  -6.074359E-05
    3.865672E-01     2     5   -6.754261E-12   2.158220E-12
    3.865672E-01     2     6    1.072579E-11   4.702127E-12
    3.865672E-01     3     1    2.588900E-12   2.487831E-12
    3.865672E-01     3     2   -2.261102E-13   3.868393E-11
    3.865672E-01     3     3    1.593434E-03   4.465566E-04
    3.865672E-01     3     4   -6.277083E-12   2.110056E-12
    3.865672E-01     3     5   -1.247336E-12   1.595121E-11
    3.865672E-01     3     6   -2.811161E-12   1.703942E-12
    3.865672E-01     4     1   -3.321293E-14  -5.658849E-14
    3.865672E-01     4     2   -1.030795E-04  -4.835173E-05
    3.865672E-01     4     3   -9.579125E-12   8.154051E-12
    3.865672E-01     4     4    8.413280E-06   6.732861E-06
    3.865672E-01     4     5    8.194078E-13  -1.763108E-12
    3.865672E-01     4     6    3.541309E-13  -1.702581E-13
    3.865672E-01     5     1    2.875655E-06   9.271212E-06
    3.865672E-01     5     2   -1.573424E-12   8.549743E-13
    3.865672E-01     5     3    3.859214E-13   1.720846E-11
    3.865672E-01     5     4   -1.202820E-13  -1.905878E-13
    3.865672E-01     5     5    6.791489E-05   1.919939E-05
    3.865672E-01     5     6    8.124518E-13  -4.801060E-13
    3.865672E-01     6     1   -2.420236E-12  -1.410023E-12
    3.865672E-01     6     2    9.706983E-13  -1.144213E-11
    3.865672E-01     6     3   -2.644473E-11   2.956155E-11
    3.865672E-01     6     4    5.027348E-13   2.508315E-12
    3.865672E-01     6     5    8.426065E-13  -3.537736E-12
    3.865672E-01     6     6   -2.665837E-06   5.673896E-05
    3.787744E-01     1     1    8.052127E-05   6.498425E-05
    3.787744E-01     1     2   -1.859946E-12  -7.054789E-12
    3.787744E-01     1     3    8.569816E-12  -6.877805E-12
    3.787744E-01     1     4   -3.750808E-13  -8.949782E-13
    3.787744E-01     1     5    3.636078E-06   1.535669E-05
    3.787744E-01     1     6   -1.937980E-13   8.321593E-13
    3.787744E-01     2     1    6.786221E-12   7.432145E-12
    3.787744E-01     2     2   -3.825406E-04   1.002144E-03
    3.787744E-01     2     3   -1.092055E-10  -1.298586E-11
    3.787744E-01     2     4   -1.337424E-04  -6.383453E-05
    3.787744E-01     2     5   -7.904920E-12   3.687856E-12
    3.787744E-01     2     6    7.681319E-12   1.232084E-12
    3.787744E-01     3     1    3.203454E-12   5.609806E-12
    3.787744E-01     3     2    6.309376E-12   2.956833E-11
    3.787744E-01     3     3    1.665883E-03   4.323387E-04
    3.787744E-01     3     4   -8.769039E-12   2.021669E-12
    3.787744E-01     3     5   -1.844875E-12   1.776202E-11
    3.787744E-01     3     6   -2.054088E-12   3.114506E-12
    3.787744E-01     4     1    3.299681E-15  -1.395764E-13
    3.787744E-01     4     2   -1.036343E-04  -5.061902E-05
    3.787744E-01     4     3   -7.512177E-12   8.139429E-12
    3.787744E-01     4     4    8.598795E-06   5.477866E-06
    3.787744E-01     4     5    8.827121E-13  -1.546819E-12
    3.787744E-01     4     6    3.966521E-13  -5.177900E-13
    3.787744E-01     5     1    2.489450E-06   1.050972E-05
    3.787744E-01     5     2   -2.431742E-13   2.202378E-13
    3.787744E-01     5     3   -9.319083E-13   1.752362E-11
    3.787744E-01     5     4   -2.217803E-13  -5.323432E-13
    3.787744E-01     5     5    7.057296E-05   1.866955E-05
    3.787744E-01     5     6    1.026553E-12   1.510865E-13
    3.787744E-01     6     1   -1.988618E-12  -7.806939E-13
    3.787744E-01     6     2   -9.420631E-13  -1.289177E-11
    3.787744E-01     6     3   -2.381932E-11   2.173646E-11
    3.787744E-01     6     4    7.503891E-13   2.366704E-12
    3.787744E-01     6     5   -8.775295E-14  -1.886544E-12
    3.787744E-01     6     6   -4.331049E-06   5.001142E-05
    3.712874E-01     1     1    7.536533E-05   6.785753E-05
    3.712874E-01     1     2   -2.456099E-12  -5.778279E-12
    3.712874E-01     1     3    4.488201E-12  -4.247382E-12
    3.712874E-01     1     4   -2.917981E-13  -9.248486E-13
    3.712874E-01     1     5    3.066358E-06   1.681395E-05
    3.712874E-01     1     6    3.323473E-14   7.503922E-13
    3.712874E-01     2     1    2.973302E-12   8.879866E-12
    3.712874E-01     2     2   -9.020289E-05   8.779334E-04
    3.712874E-01     2     3   -1.405592E-10  -4.139333E-12
    3.712874E-01     2     4   -1.115289E-04  -6.574508E-05
    3.712874E-01     2     5   -8.733181E-12   5.655778E-12
    3.712874E-01     2     6    3.727957E-12  -1.709378E-12
    3.712874E-01     3     1    3.227250E-12   7.629145E-12
    3.712874E-01     3     2    1.096104E-11   1.845287E-11
    3.712874E-01     3     3    1.721484E-03   4.197227E-04
    3.712874E-01     3     4   -1.154083E-11   2.057361E-12
    3.712874E-01     3     5   -4.425767E-12   1.900134E-11
    3.712874E-01     3     6   -7.264546E-13   3.810737E-12
    3.712874E-01     4     1    8.349061E-14  -1.965516E-13
    3.712874E-01     4     2   -9.402944E-05  -5.168043E-05
    3.712874E-01     4     3   -5.684180E-12   7.141727E-12
    3.712874E-01     4     4    9.659824E-06   4.818164E-06
    3.712874E-01     4     5    1.027666E-12  -1.375374E-12
    3.712874E-01     4     6    2.994072E-13  -7.194310E-13
    3.712874E-01     5     1    2.020926E-06   1.156067E-05
    3.712874E-01     5     2    3.051185E-13   2.717408E-13
    3.712874E-01     5     3   -2.631014E-12   1.704918E-11
    3.712874E-01     5     4   -2.852299E-13  -8.116635E-13
    3.712874E-01     5     5    7.280717E-05   1.841194E-05
    3.712874E-01     5     6    1.290998E-12   8.666822E-13
    3.712874E-01     6     1   -1.647710E-12  -7.071412E-14
    3.712874E-01     6     2   -1.432416E-12  -1.295008E-11
    3.712874E-01     6     3   -1.928252E-11   1.381554E-11
    3.712874E-01     6     4    8.376055E-13   2.215539E-12
    3.712874E-01     6     5   -5.372953E-13  -5.551825E-13
    3.712874E-01     6     6   -1.290576E-06   4.349568E-05
    3.640928E-01     1     1    6.995979E-05   6.984802E-05
    3.640928E-01     1     2   -3.192963E-12  -5.192977E-12
    3.640928E-01     1     3    1.889872E-13  -4.473689E-13
    3.640928E-01     1     4   -2.153727E-13  -8.664068E-13
    3.640928E-01     1     5    2.453253E-06   1.778921E-05
    3.640928E-01     1     6   -1.622657E-13   4.426897E-13
    3.640928E-01     2     1   -1.054625E-12   9.527496E-12
    3.640928E-01     2     2    2.054901E-04   7.719662E-04
    3.640928E-01     2     3   -1.673672E-10   4.043841E-12
    3.640928E-01     2     4   -8.501244E-05  -6.666820E-05
    3.640928E-01     2     5   -1.073853E-11   7.560411E-12
    3.640928E-01     2     6   -1.149390E-12  -4.900326E-12
    3.640928E-01     3     1    2.810447E-12   8.475824E-12
    3.640928E-01     3     2    1.521255E-11   5.889507E-12
    3.640928E-01     3     3    1.750259E-03   4.088238E-04
    3.640928E-01     3     4   -1.433516E-11   1.982075E-12
    3.640928E-01     3     5   -8.422946E-12   2.018248E-11
    3.640928E-01     3     6    1.014949E-12   4.314129E-12
    3.640928E-01     4     1    1.525333E-13  -2.342216E-13
    3.640928E-01     4     2   -7.695501E-05  -5.174935E-05
    3.640928E-01     4     3   -4.309445E-12   6.374582E-12
    3.640928E-01     4     4    1.131935E-05   4.619291E-06
    3.640928E-01     4     5    1.209312E-12  -1.249828E-12
    3.640928E-01     4     6    1.084577E-13  -8.013570E-13
    3.640928E-01     5     1    1.545383E-06   1.224318E-05
    3.640928E-01     5     2   -6.936242E-13   1.637009E-13
    3.640928E-01     5     3   -4.257002E-12   1.604667E-11
    3.640928E-01     5     4   -4.237547E-13  -1.109655E-12
    3.640928E-01     5     5    7.422994E-05   1.838011E-05
    3.640928E-01     5     6    1.598272E-12   1.356307E-12
    3.640928E-01     6     1   -1.451910E-12   3.978761E-13
    3.640928E-01     6     2   -2.254409E-12  -1.245576E-11
    3.640928E-01     6     3   -1.228779E-11   5.794137E-12
    3.640928E-01     6     4    7.963768E-13   2.020954E-12
    3.640928E-01     6     5   -7.689823E-13   2.787318E-13
    3.640928E-01     6     6    5.275492E-06   3.790707E-05
    3.571696E-01     1     1    6.444509E-05   7.108115E-05
    3.571696E-01     1     2   -3.949643E-12  -4.816143E-12
    3.571696E-01     1     3   -5.004228E-12   4.185133E-12
    3.571696E-01     1     4   -1.761872E-13  -6.480115E-13
    3.571696E-01     1     5    1.935410E-06   1.807350E-05
    3.571696E-01     1     6   -4.967951E-13  -2.736298E-13
    3.571696E-01     2     1   -4.845261E-12   9.596034E-12
    3.571696E-01     2     2    4.718345E-04   6.911138E-04
    3.571696E-01     2     3   -1.855166E-10   9.358370E-12
    3.571696E-01     2     4   -5.765328E-05  -6.675621E-05
    3.571696E-01     2     5   -1.145750E-11   7.899821E-12
    3.571696E-01     2     6   -5.266759E-12  -5.844055E-12
    3.571696E-01     3     1    1.539034E-12   8.746145E-12
    3.571696E-01     3     2    1.833702E-11  -7.594700E-12
    3.571696E-01     3     3    1.743469E-03   3.993050E-04
    3.571696E-01     3     4   -1.580188E-11   2.348131E-12
    3.571696E-01     3     5   -1.242411E-11   2.105039E-11
    3.571696E-01     3     6    3.002216E-12   4.529639E-12
    3.571696E-01     4     1    2.550876E-13  -2.044949E-13
    3.571696E-01     4     2   -5.550722E-05  -5.105333E-05
    3.571696E-01     4     3   -3.388476E-12   5.552492E-12
    3.571696E-01     4     4    1.328006E-05   4.717791E-06
    3.571696E-01     4     5    1.388611E-12  -1.066216E-12
    3.571696E-01     4     6   -7.085801E-14  -7.872352E-13
    3.571696E-01     5     1    1.155459E-06   1.242852E-05
    3.571696E-01     5     2   -3.968552E-12  -5.956491E-13
    3.571696E-01     5     3   -5.166079E-12   1.360649E-11
    3.571696E-01     5     4   -6.088127E-13  -1.417492E-12
    3.571696E-01     5     5    7.451609E-05   1.850439E-05
    3.571696E-01     5     6    1.772484E-12   1.750237E-12
    3.571696E-01     6     1   -1.421506E-12   9.101158E-13
    3.571696E-01     6     2   -2.958573E-12  -1.177992E-11
    3.571696E-01     6     3   -5.097511E-12  -1.568865E-12
    3.571696E-01     6     4    7.318183E-13   1.761582E-12
    3.571696E-01     6     5   -8.431623E-13   1.191093E-12
    3.571696E-01     6     6    1.398051E-05   3.352627E-05
    3.505049E-01     1     1    5.889244E-05   7.154706E-05
    3.505049E-01     1     2   -4.139621E-12  -4.905915E-12
    3.505049E-01     1     3   -9.020745E-12   9.738353E-12
    3.505049E-01     1     4   -1.661393E-13  -4.079507E-13
    3.505049E-01     1     5    1.644339E-06   1.758350E-05
    3.505049E-01     1     6   -7.110856E-13  -1.182896E-12
    3.505049E-01     2     1   -7.735513E-12   9.952930E-12
    3.505049E-01     2     2    6.628025E-04   6.356773E-04
    3.505049E-01     2     3   -1.939028E-10   1.514052E-11
    3.505049E-01     2     4   -3.426505E-05  -6.616766E-05
    3.505049E-01     2     5   -9.700777E-12   7.302676E-12
    3.505049E-01     2     6   -8.157482E-12  -6.751394E-12
    3.505049E-01     3     1    3.661468E-13   8.151496E-12
    3.505049E-01     3     2    2.502532E-11  -1.982038E-11
    3.505049E-01     3     3    1.694434E-03   3.904163E-04
    3.505049E-01     3     4   -1.638140E-11   2.365750E-12
    3.505049E-01     3     5   -1.570909E-11   2.093438E-11
    3.505049E-01     3     6    5.108128E-12   3.090228E-12
    3.505049E-01     4     1    3.632824E-13  -1.297520E-13
    3.505049E-01     4     2   -3.404387E-05  -4.983361E-05
    3.505049E-01     4     3   -3.585430E-12   4.139219E-12
    3.505049E-01     4     4    1.516185E-05   4.942240E-06
    3.505049E-01     4     5    1.599914E-12  -9.132002E-13
    3.505049E-01     4     6   -1.783406E-13  -7.110118E-13
    3.505049E-01     5     1    9.281229E-07   1.205677E-05
    3.505049E-01     5     2   -8.497182E-12  -7.119139E-13
    3.505049E-01     5     3   -5.278996E-12   1.081485E-11
    3.505049E-01     5     4   -8.956691E-13  -1.625208E-12
    3.505049E-01     5     5    7.341995E-05   1.870364E-05
    3.505049E-01     5     6    1.884551E-12   1.936451E-12
    3.505049E-01     6     1   -1.272872E-12   1.310530E-12
    3.505049E-01     6     2   -2.722494E-12  -1.122932E-11
    3.505049E-01     6     3    8.732893E-13  -7.581574E-12
    3.505049E-01     6     4    6.563555E-13   1.570897E-12
    3.505049E-01     6     5   -5.521482E-13   1.677365E-12
    3.505049E-01     6     6    2.361803E-05   3.050293E-05
    3.440862E-01     1     1    5.349417E-05   7.115962E-05
    3.440862E-01     1     2   -4.070292E-12  -5.037358E-12
    3.440862E-01     1     3   -1.190452E-11   1.537220E-11
    3.440862E-01     1     4   -1.623831E-13  -1.670010E-13
    3.440862E-01     1     5    1.754326E-06   1.633176E-05
    3.440862E-01     1     6   -6.676467E-13  -2.119871E-12
    3.440862E-01     2     1   -9.345253E-12   1.015778E-11
    3.440862E-01     2     2    7.515468E-04   6.085003E-04
    3.440862E-01     2     3   -1.913547E-10   2.006899E-11
    3.440862E-01     2     4   -1.817829E-05  -6.501622E-05
    3.440862E-01     2     5   -6.243311E-12   6.640630E-12
    3.440862E-01     2     6   -9.471322E-12  -7.140034E-12
    3.440862E-01     3     1   -1.599481E-12   7.323430E-12
    3.440862E-01     3     2    2.908381E-11  -3.760335E-11
    3.440862E-01     3     3    1.598734E-03   3.811773E-04
    3.440862E-01     3     4   -1.577970E-11   2.311547E-12
    3.440862E-01     3     5   -1.781141E-11   2.116741E-11
    3.440862E-01     3     6    7.232538E-12   1.482717E-12
    3.440862E-01     4     1    4.678221E-13  -1.363942E-13
    3.440862E-01     4     2   -1.642657E-05  -4.836550E-05
    3.440862E-01     4     3   -4.993194E-12   2.870463E-12
    3.440862E-01     4     4    1.664008E-05   5.117770E-06
    3.440862E-01     4     5    1.679219E-12  -7.250617E-13
    3.440862E-01     4     6   -2.373950E-13  -7.067773E-13
    3.440862E-01     5     1    8.920870E-07   1.112067E-05
    3.440862E-01     5     2   -1.382326E-11  -4.020263E-13
    3.440862E-01     5     3   -3.680753E-12   8.708028E-12
    3.440862E-01     5     4   -1.324147E-12  -1.708709E-12
    3.440862E-01     5     5    7.077470E-05   1.889458E-05
    3.440862E-01     5     6    1.702429E-12   2.094156E-12
    3.440862E-01     6     1   -1.035064E-12   1.506538E-12
    3.440862E-01     6     2   -2.898762E-12  -1.015568E-11
    3.440862E-01     6     3    6.703978E-12  -1.227414E-11
    3.440862E-01     6     4    6.042134E-13   1.325072E-12
    3.440862E-01     6     5   -3.060781E-14   1.732331E-12
    3.440862E-01     6     6    3.125421E-05   2.874551E-05
    3.378965E-01     1     1    4.859413E-05   6.993880E-05
    3.378965E-01     1     2   -4.101205E-12  -5.221950E-12
    3.378965E-01     1     3   -1.354041E-11   2.015068E-11
    3.378965E-01     1     4   -1.326559E-13   1.237778E-13
    3.378965E-01     1     5    2.009457E-06   1.434912E-05
    3.378965E-01     1     6   -4.152664E-13  -3.115949E-12
    3.378965E-01     2     1   -9.476853E-12   9.244841E-12
    3.378965E-01     2     2    7.856528E-04   5.963498E-04
    3.378965E-01     2     3   -1.793657E-10   2.418290E-11
    3.378965E-01     2     4   -7.115304E-06  -6.325665E-05
    3.378965E-01     2     5   -1.797211E-12   4.355021E-12
    3.378965E-01     2     6   -9.612822E-12  -8.619749E-12
    3.378965E-01     3     1   -3.827168E-12   6.358478E-12
    3.378965E-01     3     2    3.024584E-11  -5.664940E-11
    3.378965E-01     3     3    1.453384E-03   3.704469E-04
    3.378965E-01     3     4   -1.359644E-11   2.480591E-12
    3.378965E-01     3     5   -1.846824E-11   2.044188E-11
    3.378965E-01     3     6    9.545438E-12   3.501036E-13
    3.378965E-01     4     1    6.013627E-13  -1.636751E-13
    3.378965E-01     4     2   -3.611388E-06  -4.680782E-05
    3.378965E-01     4     3   -7.229124E-12   2.060805E-12
    3.378965E-01     4     4    1.764407E-05   5.097158E-06
    3.378965E-01     4     5    1.535915E-12  -5.518902E-13
    3.378965E-01     4     6   -1.984000E-13  -5.807849E-13
    3.378965E-01     5     1    1.040464E-06   9.630328E-06
    3.378965E-01     5     2   -2.000241E-11   2.623572E-13
    3.378965E-01     5     3   -2.114834E-12   5.387909E-12
    3.378965E-01     5     4   -1.785190E-12  -1.743296E-12
    3.378965E-01     5     5    6.647267E-05   1.898686E-05
    3.378965E-01     5     6    1.516755E-12   1.882206E-12
    3.378965E-01     6     1   -7.328692E-13   1.593427E-12
    3.378965E-01     6     2   -2.488381E-12  -8.796849E-12
    3.378965E-01     6     3    1.118844E-11  -1.340666E-11
    3.378965E-01     6     4    4.631987E-13   1.151421E-12
    3.378965E-01     6     5    2.988474E-13   1.593524E-12
    3.378965E-01     6     6    3.868719E-05   2.823063E-05
    3.319273E-01     1     1    4.457281E-05   6.806419E-05
    3.319273E-01     1     2   -4.403970E-12  -5.389379E-12
    3.319273E-01     1     3   -1.364898E-11   2.305463E-11
    3.319273E-01     1     4   -1.306393E-13   5.060274E-13
    3.319273E-01     1     5    2.328343E-06   1.164442E-05
    3.319273E-01     1     6    5.222853E-14  -4.030749E-12
    3.319273E-01     2     1   -9.052379E-12   7.945656E-12
    3.319273E-01     2     2    7.992447E-04   5.923099E-04
    3.319273E-01     2     3   -1.561424E-10   2.675049E-11
    3.319273E-01     2     4    3.360501E-07  -6.118102E-05
    3.319273E-01     2     5    2.752308E-12   8.121340E-13
    3.319273E-01     2     6   -8.985609E-12  -1.083761E-11
    3.319273E-01     3     1   -5.806295E-12   4.412706E-12
    3.319273E-01     3     2    2.919301E-11  -7.524488E-11
    3.319273E-01     3     3    1.249099E-03   3.562358E-04
    3.319273E-01     3     4   -1.053530E-11   2.143729E-12
    3.319273E-01     3     5   -1.769518E-11   1.816457E-11
    3.319273E-01     3     6    1.213125E-11  -5.982053E-13
    3.319273E-01     4     1    6.714605E-13  -2.277501E-13
    3.319273E-01     4     2    3.047438E-06  -4.481012E-05
    3.319273E-01     4     3   -1.077625E-11   2.260546E-12
    3.319273E-01     4     4    1.808896E-05   4.821592E-06
    3.319273E-01     4     5    1.190699E-12  -4.983221E-13
    3.319273E-01     4     6   -5.696414E-14  -4.871938E-13
    3.319273E-01     5     1    1.385646E-06   7.589160E-06
    3.319273E-01     5     2   -2.582982E-11   1.345826E-12
    3.319273E-01     5     3    5.069369E-14   2.361776E-12
    3.319273E-01     5     4   -1.943387E-12  -1.822690E-12
    3.319273E-01     5     5    6.037625E-05   1.884947E-05
    3.319273E-01     5     6    1.449941E-12   1.665393E-12
    3.319273E-01     6     1   -4.904759E-13   1.722831E-12
    3.319273E-01     6     2   -3.234586E-12  -7.279578E-12
    3.319273E-01     6     3    1.226536E-11  -1.303425E-11
    3.319273E-01     6     4    4.676711E-13   1.005665E-12
    3.319273E-01     6     5    1.133259E-12   1.642211E-12
    3.319273E-01     6     6    4.040358E-05   2.846596E-05
    3.261637E-01     1     1    4.178401E-05   6.599247E-05
    3.261637E-01     1     2   -4.245110E-12  -6.026659E-12
    3.261637E-01     1     3   -1.291141E-11   2.460068E-11
    3.261637E-01     1     4   -9.538590E-14   8.097484E-13
    3.261637E-01     1     5    2.641551E-06   8.076160E-06
    3.261637E-01     1     6    5.644115E-13  -4.648828E-12
    3.261637E-01     2     1   -8.022768E-12   6.692356E-12
    3.261637E-01     2     2    8.663657E-04   5.866976E-04
    3.261637E-01     2     3   -1.291039E-10   3.494799E-11
    3.261637E-01     2     4    9.053422E-06  -5.896216E-05
    3.261637E-01     2     5    5.838199E-12  -2.943302E-12
    3.261637E-01     2     6   -8.091833E-12  -1.332161E-11
    3.261637E-01     3     1   -7.274273E-12   2.893967E-12
    3.261637E-01     3     2    2.738542E-11  -9.283154E-11
    3.261637E-01     3     3    1.049421E-03   3.393474E-04
    3.261637E-01     3     4   -7.155091E-12   1.536759E-12
    3.261637E-01     3     5   -1.525955E-11   1.561688E-11
    3.261637E-01     3     6    1.464516E-11  -1.688659E-12
    3.261637E-01     4     1    6.799689E-13  -3.594426E-13
    3.261637E-01     4     2    4.943398E-06  -4.272928E-05
    3.261637E-01     4     3   -1.471981E-11   2.435817E-12
    3.261637E-01     4     4    1.809097E-05   4.537899E-06
    3.261637E-01     4     5    7.142998E-13  -4.931860E-13
    3.261637E-01     4     6    9.879740E-14  -4.392499E-13
    3.261637E-01     5     1    1.716807E-06   4.888344E-06
    3.261637E-01     5     2   -2.956094E-11   2.339028E-12
    3.261637E-01     5     3    1.561179E-12  -2.344876E-13
    3.261637E-01     5     4   -1.944844E-12  -1.867121E-12
    3.261637E-01     5     5    5.371007E-05   1.848894E-05
    3.261637E-01     5     6    1.604166E-12   1.387569E-12
    3.261637E-01     6     1   -3.406227E-13   1.987794E-12
    3.261637E-01     6     2   -3.871544E-12  -6.043716E-12
    3.261637E-01     6     3    1.087936E-11  -1.161200E-11
    3.261637E-01     6     4    4.136652E-13   8.439448E-13
    3.261637E-01     6     5    1.878395E-12   1.564004E-12
    3.261637E-01     6     6    4.125895E-05   2.885760E-05
    3.205985E-01     1     1    4.007551E-05   6.386026E-05
    3.205985E-01     1     2   -4.560812E-12  -5.981254E-12
    3.205985E-01     1     3   -1.019887E-11   2.429401E-11
    3.205985E-01     1     4    1.906389E-14   1.044168E-12
    3.205985E-01     1     5    2.738331E-06   5.158035E-06
    3.205985E-01     1     6    9.843289E-13  -5.046942E-12
    3.205985E-01     2     1   -5.872819E-12   6.000063E-12
    3.205985E-01     2     2    1.019941E-03   5.960472E-04
    3.205985E-01     2     3   -1.002205E-10   4.244241E-11
    3.205985E-01     2     4    1.924538E-05  -5.670918E-05
    3.205985E-01     2     5    9.639457E-12  -5.887799E-12
    3.205985E-01     2     6   -7.092163E-12  -1.485394E-11
    3.205985E-01     3     1   -7.505378E-12   2.087995E-12
    3.205985E-01     3     2    1.422389E-11  -1.059231E-10
    3.205985E-01     3     3    8.964885E-04   3.184907E-04
    3.205985E-01     3     4   -3.033115E-12   5.247398E-13
    3.205985E-01     3     5   -1.187994E-11   1.278098E-11
    3.205985E-01     3     6    1.532407E-11  -2.863023E-12
    3.205985E-01     4     1    6.274781E-13  -5.879966E-13
    3.205985E-01     4     2    1.094914E-05  -4.064589E-05
    3.205985E-01     4     3   -1.832782E-11   2.921187E-12
    3.205985E-01     4     4    1.846633E-05   4.136336E-06
    3.205985E-01     4     5    1.390947E-13  -5.203338E-13
    3.205985E-01     4     6    2.194737E-13  -4.850512E-13
    3.205985E-01     5     1    1.893890E-06   2.691009E-06
    3.205985E-01     5     2   -3.210061E-11   2.875710E-12
    3.205985E-01     5     3    2.811719E-12  -2.159064E-12
    3.205985E-01     5     4   -1.723443E-12  -1.858768E-12
    3.205985E-01     5     5    4.745558E-05   1.763382E-05
    3.205985E-01     5     6    1.836014E-12   9.270722E-13
    3.205985E-01     6     1   -3.169155E-13   1.944578E-12
    3.205985E-01     6     2   -3.994892E-12  -5.273279E-12
    3.205985E-01     6     3    7.877133E-12  -8.964034E-12
    3.205985E-01     6     4    3.641217E-13   6.422495E-13
    3.205985E-01     6     5    2.386267E-12   1.429335E-12
    3.205985E-01     6     6    4.240964E-05   2.891799E-05
    3.152184E-01     1     1    3.927465E-05   6.191709E-05
    3.152184E-01     1     2   -4.784891E-12  -4.917987E-12
    3.152184E-01     1     3   -7.958833E-12   2.261693E-11
    3.152184E-01     1     4    1.332090E-13   1.181427E-12
    3.152184E-01     1     5    2.805915E-06   2.450252E-06
    3.152184E-01     1     6    1.170860E-12  -4.921705E-12
    3.152184E-01     2     1   -3.729272E-12   5.557337E-12
    3.152184E-01     2     2    1.150949E-03   6.028399E-04
    3.152184E-01     2     3   -6.902803E-11   5.026821E-11
    3.152184E-01     2     4    3.163138E-05  -5.452496E-05
    3.152184E-01     2     5    1.262502E-11  -6.870155E-12
    3.152184E-01     2     6   -6.516118E-12  -1.463807E-11
    3.152184E-01     3     1   -6.921669E-12   2.016448E-12
    3.152184E-01     3     2   -5.049385E-13  -1.130187E-10
    3.152184E-01     3     3    7.947026E-04   2.948624E-04
    3.152184E-01     3     4    2.127814E-13  -6.048932E-13
    3.152184E-01     3     5   -7.189088E-12   9.847665E-12
    3.152184E-01     3     6    1.469197E-11  -5.364766E-12
    3.152184E-01     4     1    5.095197E-13  -8.151335E-13
    3.152184E-01     4     2    1.870624E-05  -3.862636E-05
    3.152184E-01     4     3   -2.098558E-11   3.601268E-12
    3.152184E-01     4     4    1.904541E-05   3.866350E-06
    3.152184E-01     4     5   -2.345119E-13  -5.198893E-13
    3.152184E-01     4     6    3.288067E-13  -4.541547E-13
    3.152184E-01     5     1    2.030688E-06   6.915556E-07
    3.152184E-01     5     2   -3.208340E-11   3.699699E-12
    3.152184E-01     5     3    4.254236E-12  -3.261784E-12
    3.152184E-01     5     4   -1.536824E-12  -1.804328E-12
    3.152184E-01     5     5    4.240597E-05   1.646859E-05
    3.152184E-01     5     6    2.321762E-12   7.848656E-13
    3.152184E-01     6     1   -5.894450E-13   1.681426E-12
    3.152184E-01     6     2   -3.687921E-12  -4.646401E-12
    3.152184E-01     6     3    3.239941E-12  -5.947384E-12
    3.152184E-01     6     4    3.352137E-13   4.247726E-13
    3.152184E-01     6     5    2.381319E-12   9.814566E-13
    3.152184E-01     6     6    4.768034E-05   2.957778E-05
    3.100174E-01     1     1    3.891039E-05   6.017063E-05
    3.100174E-01     1     2   -4.875886E-12  -3.574559E-12
    3.100174E-01     1     3   -6.651324E-12   2.001112E-11
    3.100174E-01     1     4    2.290939E-13   1.239249E-12
    3.100174E-01     1     5    2.817201E-06   7.526986E-07
    3.100174E-01     1     6    1.291288E-12  -4.243165E-12
    3.100174E-01     2     1   -2.477395E-12   5.838787E-12
    3.100174E-01     2     2    1.253275E-03   6.124739E-04
    3.100174E-01     2     3   -4.181314E-11   5.196643E-11
    3.100174E-01     2     4    4.137389E-05  -5.242830E-05
    3.100174E-01     2     5    1.424786E-11  -7.055444E-12
    3.100174E-01     2     6   -5.743735E-12  -1.423260E-11
    3.100174E-01     3     1   -6.319280E-12   1.452526E-12
    3.100174E-01     3     2   -1.371080E-11  -1.146587E-10
    3.100174E-01     3     3    7.394687E-04   2.705739E-04
    3.100174E-01     3     4    3.441405E-12  -1.941723E-12
    3.100174E-01     3     5   -3.058808E-12   8.001975E-12
    3.100174E-01     3     6    1.312011E-11  -7.276333E-12
    3.100174E-01     4     1    3.388073E-13  -9.836026E-13
    3.100174E-01     4     2    2.472003E-05  -3.669079E-05
    3.100174E-01     4     3   -2.187303E-11   4.524302E-12
    3.100174E-01     4     4    1.948436E-05   3.581448E-06
    3.100174E-01     4     5   -5.825165E-13  -5.263238E-13
    3.100174E-01     4     6    3.477861E-13  -4.263579E-13
    3.100174E-01     5     1    2.111445E-06  -5.812167E-07
    3.100174E-01     5     2   -2.963190E-11   4.463488E-12
    3.100174E-01     5     3    5.011530E-12  -3.364354E-12
    3.100174E-01     5     4   -1.281409E-12  -1.724401E-12
    3.100174E-01     5     5    3.917718E-05   1.496535E-05
    3.100174E-01     5     6    2.444889E-12   5.603228E-13
    3.100174E-01     6     1   -8.481878E-13   1.325644E-12
    3.100174E-01     6     2   -2.641982E-12  -4.876237E-12
    3.100174E-01     6     3   -2.797257E-12  -1.726707E-12
    3.100174E-01     6     4    2.982961E-13   3.523082E-13
    3.100174E-01     6     5    1.982455E-12   7.623178E-13
    3.100174E-01     6     6    5.350601E-05   3.006081E-05
    3.049838E-01     1     1    3.891538E-05   5.902851E-05
    3.049838E-01     1     2   -6.014019E-12  -2.368004E-12
    3.049838E-01     1     3   -5.603868E-12   1.680751E-11
    3.049838E-01     1     4    2.406654E-13   1.109390E-12
    3.049838E-01     1     5    2.788167E-06  -2.627436E-07
    3.049838E-01     1     6    1.331635E-12  -3.307862E-12
    3.049838E-01     2     1   -2.127166E-12   5.810234E-12
    3.049838E-01     2     2    1.320334E-03   6.217686E-04
    3.049838E-01     2     3   -1.904666E-11   4.653588E-11
    3.049838E-01     2     4    4.822048E-05  -5.041780E-05
    3.049838E-01     2     5    1.470342E-11  -6.133834E-12
    3.049838E-01     2     6   -7.197072E-12  -1.404208E-11
    3.049838E-01     3     1   -5.651968E-12   9.840227E-13
    3.049838E-01     3     2   -2.587053E-11  -1.123189E-10
    3.049838E-01     3     3    7.276472E-04   2.452797E-04
    3.049838E-01     3     4    5.750840E-12  -3.208351E-12
    3.049838E-01     3     5    4.496868E-13   6.640038E-12
    3.049838E-01     3     6    1.116231E-11  -9.165034E-12
    3.049838E-01     4     1    9.560202E-14  -1.128654E-12
    3.049838E-01     4     2    2.906835E-05  -3.482732E-05
    3.049838E-01     4     3   -2.114683E-11   5.740927E-12
    3.049838E-01     4     4    1.980783E-05   3.302526E-06
    3.049838E-01     4     5   -7.979494E-13  -5.111443E-13
    3.049838E-01     4     6    2.514662E-13  -3.794565E-13
    3.049838E-01     5     1    2.151257E-06  -1.341927E-06
    3.049838E-01     5     2   -2.551274E-11   4.558266E-12
    3.049838E-01     5     3    5.252203E-12  -2.710147E-12
    3.049838E-01     5     4   -9.352017E-13  -1.535133E-12
    3.049838E-01     5     5    3.754918E-05   1.339962E-05
    3.049838E-01     5     6    2.472596E-12   6.262199E-13
    3.049838E-01     6     1   -1.214445E-12   1.010062E-12
    3.049838E-01     6     2   -1.620796E-12  -5.540839E-12
    3.049838E-01     6     3   -8.894156E-12   2.103354E-12
    3.049838E-01     6     4    2.764039E-13   1.943385E-13
    3.049838E-01     6     5    1.130653E-12   8.198013E-13
    3.049838E-01     6     6    5.869753E-05   3.055493E-05
    3.001125E-01     1     1    3.905149E-05   5.849610E-05
    3.001125E-01     1     2   -7.845912E-12  -1.260825E-12
    3.001125E-01     1     3   -4.487151E-12   1.320262E-11
    3.001125E-01     1     4    1.969338E-13   9.583955E-13
    3.001125E-01     1     5    2.964463E-06  -5.208495E-07
    3.001125E-01     1     6    1.237830E-12  -2.235618E-12
    3.001125E-01     2     1   -1.351051E-12   5.372030E-12
    3.001125E-01     2     2    1.335304E-03   6.326549E-04
    3.001125E-01     2     3   -2.462671E-12   4.091709E-11
    3.001125E-01     2     4    5.078039E-05  -4.815051E-05
    3.001125E-01     2     5    1.249680E-11  -4.770334E-12
    3.001125E-01     2     6   -1.066751E-11  -1.371511E-11
    3.001125E-01     3     1   -4.898408E-12   4.628710E-13
    3.001125E-01     3     2   -3.490929E-11  -1.041270E-10
    3.001125E-01     3     3    7.535293E-04   2.209056E-04
    3.001125E-01     3     4    7.341810E-12  -4.218117E-12
    3.001125E-01     3     5    2.926780E-12   5.722360E-12
    3.001125E-01     3     6    8.465490E-12  -1.144789E-11
    3.001125E-01     4     1   -1.439923E-13  -1.205052E-12
    3.001125E-01     4     2    3.088474E-05  -3.277427E-05
    3.001125E-01     4     3   -1.893458E-11   6.986945E-12
    3.001125E-01     4     4    1.994078E-05   3.061308E-06
    3.001125E-01     4     5   -9.115540E-13  -5.734301E-13
    3.001125E-01     4     6    1.072974E-13  -2.794542E-13
    3.001125E-01     5     1    2.303471E-06  -1.551367E-06
    3.001125E-01     5     2   -2.019055E-11   5.100835E-12
    3.001125E-01     5     3    4.862450E-12  -1.867574E-12
    3.001125E-01     5     4   -6.567406E-13  -1.218442E-12
    3.001125E-01     5     5    3.729956E-05   1.178055E-05
    3.001125E-01     5     6    2.446470E-12   8.122801E-13
    3.001125E-01     6     1   -1.630994E-12   6.852044E-13
    3.001125E-01     6     2   -1.632402E-12  -6.249454E-12
    3.001125E-01     6     3   -1.409732E-11   4.980264E-12
    3.001125E-01     6     4    1.906376E-13  -1.478608E-13
    3.001125E-01     6     5    2.882265E-13   9.460647E-13
    3.001125E-01     6     6    6.281190E-05   3.073118E-05
    2.953930E-01     1     1    3.917481E-05   5.823096E-05
    2.953930E-01     1     2   -9.334922E-12  -1.270630E-13
    2.953930E-01     1     3   -3.809595E-12   9.561809E-12
    2.953930E-01     1     4    5.000895E-14   8.114880E-13
    2.953930E-01     1     5    2.940189E-06  -1.010079E-07
    2.953930E-01     1     6    9.262906E-13  -1.101305E-12
    2.953930E-01     2     1   -4.219021E-13   4.996204E-12
    2.953930E-01     2     2    1.286825E-03   6.413385E-04
    2.953930E-01     2     3    1.332673E-11   2.865580E-11
    2.953930E-01     2     4    4.819398E-05  -4.579504E-05
    2.953930E-01     2     5    9.358548E-12  -2.650219E-12
    2.953930E-01     2     6   -1.504323E-11  -1.242290E-11
    2.953930E-01     3     1   -4.437220E-12   1.672760E-13
    2.953930E-01     3     2   -3.802811E-11  -8.735488E-11
    2.953930E-01     3     3    8.067949E-04   1.984112E-04
    2.953930E-01     3     4    8.448929E-12  -4.854023E-12
    2.953930E-01     3     5    4.481887E-12   5.662298E-12
    2.953930E-01     3     6    5.204412E-12  -1.294226E-11
    2.953930E-01     4     1   -3.506395E-13  -1.277654E-12
    2.953930E-01     4     2    2.966450E-05  -3.066556E-05
    2.953930E-01     4     3   -1.550594E-11   8.421025E-12
    2.953930E-01     4     4    1.984358E-05   2.853582E-06
    2.953930E-01     4     5   -1.061531E-12  -7.016092E-13
    2.953930E-01     4     6   -1.922490E-13  -1.659556E-13
    2.953930E-01     5     1    2.335427E-06  -1.256935E-06
    2.953930E-01     5     2   -1.450741E-11   4.012257E-12
    2.953930E-01     5     3    4.081934E-12  -4.066413E-14
    2.953930E-01     5     4   -3.150531E-13  -7.772032E-13
    2.953930E-01     5     5    3.825684E-05   1.021374E-05
    2.953930E-01     5     6    2.621561E-12   1.177936E-12
    2.953930E-01     6     1   -2.095505E-12   5.250274E-13
    2.953930E-01     6     2   -7.362826E-13  -6.921831E-12
    2.953930E-01     6     3   -1.852240E-11   7.672872E-12
    2.953930E-01     6     4    3.698314E-14  -4.113095E-13
    2.953930E-01     6     5   -6.536514E-13   1.019728E-12
    2.953930E-01     6     6    6.556663E-05   3.059626E-05
    2.908209E-01     1     1    3.912450E-05   5.837774E-05
    2.908209E-01     1     2   -1.162961E-11   4.771933E-13
    2.908209E-01     1     3   -3.627213E-12   6.562063E-12
    2.908209E-01     1     4   -1.508373E-13   5.874080E-13
    2.908209E-01     1     5    2.783316E-06   7.284490E-07
    2.908209E-01     1     6    3.803644E-13  -2.760720E-13
    2.908209E-01     2     1    6.028843E-13   4.638562E-12
    2.908209E-01     2     2    1.169398E-03   6.447450E-04
    2.908209E-01     2     3    2.160504E-11   1.623111E-11
    2.908209E-01     2     4    4.004982E-05  -4.346471E-05
    2.908209E-01     2     5    5.484178E-12  -1.543935E-12
    2.908209E-01     2     6   -1.981757E-11  -9.368475E-12
    2.908209E-01     3     1   -4.000465E-12  -3.034461E-13
    2.908209E-01     3     2   -3.437254E-11  -6.117797E-11
    2.908209E-01     3     3    8.789544E-04   1.782930E-04
    2.908209E-01     3     4    8.982811E-12  -5.231548E-12
    2.908209E-01     3     5    4.865321E-12   6.010276E-12
    2.908209E-01     3     6    2.725712E-12  -1.281308E-11
    2.908209E-01     4     1   -4.983283E-13  -1.284669E-12
    2.908209E-01     4     2    2.517862E-05  -2.858668E-05
    2.908209E-01     4     3   -1.031834E-11   1.010760E-11
    2.908209E-01     4     4    1.949668E-05   2.678316E-06
    2.908209E-01     4     5   -1.125330E-12  -7.988425E-13
    2.908209E-01     4     6   -5.780298E-13  -5.060655E-14
    2.908209E-01     5     1    2.237395E-06  -6.555158E-07
    2.908209E-01     5     2   -8.943762E-12   2.188111E-12
    2.908209E-01     5     3    2.375929E-12   1.527858E-12
    2.908209E-01     5     4   -1.596736E-13  -1.189247E-13
    2.908209E-01     5     5    4.016629E-05   8.781348E-06
    2.908209E-01     5     6    2.719714E-12   1.253813E-12
    2.908209E-01     6     1   -2.513311E-12   2.806810E-13
    2.908209E-01     6     2    4.257643E-13  -6.164611E-12
    2.908209E-01     6     3   -2.262250E-11   1.058890E-11
    2.908209E-01     6     4   -1.045265E-13  -6.883154E-13
    2.908209E-01     6     5   -1.121941E-12   9.888451E-13
    2.908209E-01     6     6    6.626550E-05   3.033957E-05
    2.863869E-01     1     1    3.861122E-05   5.902724E-05
    2.863869E-01     1     2   -1.356004E-11   2.539470E-13
    2.863869E-01     1     3   -3.593334E-12   4.354673E-12
    2.863869E-01     1     4   -3.508451E-13   3.274505E-13
    2.863869E-01     1     5    2.462668E-06   1.717071E-06
    2.863869E-01     1     6   -5.774069E-13   2.684368E-13
    2.863869E-01     2     1    1.569283E-12   4.646826E-12
    2.863869E-01     2     2    9.827778E-04   6.403328E-04
    2.863869E-01     2     3    2.755222E-11   8.123419E-12
    2.863869E-01     2     4    2.634199E-05  -4.126419E-05
    2.863869E-01     2     5    1.588478E-12  -7.861877E-13
    2.863869E-01     2     6   -2.457493E-11  -4.872891E-12
    2.863869E-01     3     1   -3.513762E-12  -6.844490E-13
    2.863869E-01     3     2   -2.967665E-11  -3.099595E-11
    2.863869E-01     3     3    9.592038E-04   1.600123E-04
    2.863869E-01     3     4    9.557278E-12  -5.566670E-12
    2.863869E-01     3     5    4.540840E-12   6.529589E-12
    2.863869E-01     3     6   -1.173600E-12  -1.256083E-11
    2.863869E-01     4     1   -6.345919E-13  -1.180491E-12
    2.863869E-01     4     2    1.743779E-05  -2.661621E-05
    2.863869E-01     4     3   -4.228290E-12   1.178081E-11
    2.863869E-01     4     4    1.889913E-05   2.532367E-06
    2.863869E-01     4     5   -1.017309E-12  -8.176814E-13
    2.863869E-01     4     6   -9.130495E-13   2.117527E-13
    2.863869E-01     5     1    2.034606E-06   1.269807E-07
    2.863869E-01     5     2   -5.396821E-12  -4.731394E-13
    2.863869E-01     5     3    9.809237E-13   3.127755E-12
    2.863869E-01     5     4   -1.776964E-13   4.584620E-13
    2.863869E-01     5     5    4.266496E-05   7.546458E-06
    2.863869E-01     5     6    2.672266E-12   1.226934E-12
    2.863869E-01     6     1   -2.743708E-12  -1.054354E-14
    2.863869E-01     6     2    1.567339E-12  -5.988856E-12
    2.863869E-01     6     3   -2.485630E-11   1.243684E-11
    2.863869E-01     6     4   -2.506882E-13  -1.117947E-12
    2.863869E-01     6     5   -1.407416E-12   8.179226E-13
    2.863869E-01     6     6    6.431461E-05   2.987303E-05
    2.820861E-01     1     1    3.735835E-05   5.985998E-05
    2.820861E-01     1     2   -1.427741E-11  -4.027927E-13
    2.820861E-01     1     3   -3.970606E-12   3.043534E-12
    2.820861E-01     1     4   -4.699479E-13   1.004911E-13
    2.820861E-01     1     5    2.162194E-06   2.683067E-06
    2.820861E-01     1     6   -1.586861E-12   7.026655E-13
    2.820861E-01     2     1    2.229477E-12   4.938978E-12
    2.820861E-01     2     2    7.306450E-04   6.266864E-04
    2.820861E-01     2     3    2.490226E-11   2.055380E-12
    2.820861E-01     2     4    7.387512E-06  -3.923536E-05
    2.820861E-01     2     5   -8.398248E-13  -5.716623E-13
    2.820861E-01     2     6   -2.612399E-11   2.268076E-12
    2.820861E-01     3     1   -3.383964E-12  -1.007371E-12
    2.820861E-01     3     2   -2.164935E-11   1.416026E-12
    2.820861E-01     3     3    1.038375E-03   1.437227E-04
    2.820861E-01     3     4    1.005479E-11  -5.160640E-12
    2.820861E-01     3     5    4.149884E-12   6.958404E-12
    2.820861E-01     3     6   -3.894441E-12  -1.161523E-11
    2.820861E-01     4     1   -7.491660E-13  -9.794119E-13
    2.820861E-01     4     2    6.642921E-06  -2.478035E-05
    2.820861E-01     4     3    2.487811E-12   1.240920E-11
    2.820861E-01     4     4    1.806634E-05   2.415542E-06
    2.820861E-01     4     5   -6.886541E-13  -6.836311E-13
    2.820861E-01     4     6   -1.084752E-12   4.304811E-13
    2.820861E-01     5     1    1.766158E-06   9.546106E-07
    2.820861E-01     5     2   -2.678444E-12  -3.645356E-12
    2.820861E-01     5     3    1.046418E-13   4.276263E-12
    2.820861E-01     5     4   -2.975571E-13   1.086732E-12
    2.820861E-01     5     5    4.545257E-05   6.532581E-06
    2.820861E-01     5     6    2.357209E-12   1.410614E-12
    2.820861E-01     6     1   -2.865259E-12  -1.473774E-13
    2.820861E-01     6     2    3.290300E-12  -5.823706E-12
    2.820861E-01     6     3   -2.628180E-11   1.243440E-11
    2.820861E-01     6     4   -3.443752E-13  -1.352592E-12
    2.820861E-01     6     5   -1.609518E-12   8.011418E-13
    2.820861E-01     6     6    5.934971E-05   2.908707E-05
    2.779138E-01     1     1    3.532253E-05   6.053860E-05
    2.779138E-01     1     2   -1.311339E-11  -1.018952E-12
    2.779138E-01     1     3   -3.510742E-12   2.781385E-12
    2.779138E-01     1     4   -5.745076E-13  -1.138494E-13
    2.779138E-01     1     5    1.967680E-06   3.455113E-06
    2.779138E-01     1     6   -2.335568E-12   1.027854E-12
    2.779138E-01     2     1    3.567434E-12   5.365386E-12
    2.779138E-01     2     2    4.146645E-04   6.014201E-04
    2.779138E-01     2     3    1.903183E-11  -3.654471E-12
    2.779138E-01     2     4   -1.666173E-05  -3.747252E-05
    2.779138E-01     2     5   -1.828825E-12  -4.211987E-13
    2.779138E-01     2     6   -2.720985E-11   7.621464E-12
    2.779138E-01     3     1   -3.439435E-12  -1.205583E-12
    2.779138E-01     3     2   -1.291265E-11   2.808709E-11
    2.779138E-01     3     3    1.106063E-03   1.295979E-04
    2.779138E-01     3     4    9.956306E-12  -4.537138E-12
    2.779138E-01     3     5    4.436179E-12   6.960499E-12
    2.779138E-01     3     6   -6.857634E-12  -1.112425E-11
    2.779138E-01     4     1   -8.217836E-13  -7.499993E-13
    2.779138E-01     4     2   -7.123541E-06  -2.313337E-05
    2.779138E-01     4     3    8.525030E-12   1.221362E-11
    2.779138E-01     4     4    1.700469E-05   2.327069E-06
    2.779138E-01     4     5   -3.142974E-13  -3.684465E-13
    2.779138E-01     4     6   -1.281507E-12   5.902316E-13
    2.779138E-01     5     1    1.478385E-06   1.687607E-06
    2.779138E-01     5     2    2.053851E-13  -5.999559E-12
    2.779138E-01     5     3    8.295709E-13   5.101711E-12
    2.779138E-01     5     4   -5.975833E-13   1.710888E-12
    2.779138E-01     5     5    4.814682E-05   5.756013E-06
    2.779138E-01     5     6    1.874558E-12   1.717905E-12
    2.779138E-01     6     1   -2.833983E-12  -1.438177E-13
    2.779138E-01     6     2    4.283933E-12  -5.246662E-12
    2.779138E-01     6     3   -2.601883E-11   1.218792E-11
    2.779138E-01     6     4   -4.784895E-13  -1.447724E-12
    2.779138E-01     6     5   -1.449327E-12   7.361294E-13
    2.779138E-01     6     6    5.116757E-05   2.813184E-05
    2.738619E-01     1     1    3.268131E-05   6.077988E-05
    2.738619E-01     1     2   -1.186700E-11  -1.037280E-12
    2.738619E-01     1     3   -3.832955E-12   2.771713E-12
    2.738619E-01     1     4   -6.545978E-13  -1.940933E-13
    2.738619E-01     1     5    1.923552E-06   3.926556E-06
    2.738619E-01     1     6   -2.771661E-12   1.266306E-12
    2.738619E-01     2     1    5.180049E-12   5.609790E-12
    2.738619E-01     2     2    1.003202E-04   5.711000E-04
    2.738619E-01     2     3    1.048104E-11  -7.661256E-12
    2.738619E-01     2     4   -4.047399E-05  -3.596875E-05
    2.738619E-01     2     5   -2.577491E-12  -7.441269E-13
    2.738619E-01     2     6   -2.724769E-11   1.307149E-11
    2.738619E-01     3     1   -4.450327E-12  -1.205933E-12
    2.738619E-01     3     2   -7.226985E-12   4.390794E-11
    2.738619E-01     3     3    1.153173E-03   1.175661E-04
    2.738619E-01     3     4    9.644347E-12  -3.434188E-12
    2.738619E-01     3     5    5.100454E-12   6.779813E-12
    2.738619E-01     3     6   -9.033747E-12  -8.493911E-12
    2.738619E-01     4     1   -7.316491E-13  -5.105385E-13
    2.738619E-01     4     2   -2.078829E-05  -2.171760E-05
    2.738619E-01     4     3    1.355045E-11   1.181895E-11
    2.738619E-01     4     4    1.595044E-05   2.254382E-06
    2.738619E-01     4     5   -1.573177E-13   7.952472E-14
    2.738619E-01     4     6   -1.490177E-12   6.481031E-13
    2.738619E-01     5     1    1.216315E-06   2.216724E-06
    2.738619E-01     5     2    2.448576E-12  -8.139198E-12
    2.738619E-01     5     3    2.382484E-12   4.848715E-12
    2.738619E-01     5     4   -9.025426E-13   2.228853E-12
    2.738619E-01     5     5    5.037267E-05   5.200861E-06
    2.738619E-01     5     6    1.168376E-12   1.945280E-12
    2.738619E-01     6     1   -2.690788E-12  -1.773114E-14
    2.738619E-01     6     2    4.810228E-12  -3.152406E-12
    2.738619E-01     6     3   -2.288576E-11   1.069108E-11
    2.738619E-01     6     4   -5.529954E-13  -1.427364E-12
    2.738619E-01     6     5   -1.451005E-12   9.586907E-13
    2.738619E-01     6     6    3.872608E-05   2.706440E-05
    2.699276E-01     1     1    2.969979E-05   6.043715E-05
    2.699276E-01     1     2   -1.096268E-11  -1.178366E-12
    2.699276E-01     1     3   -4.075764E-12   2.276854E-12
    2.699276E-01     1     4   -6.977836E-13  -1.691102E-13
    2.699276E-01     1     5    1.787568E-06   4.035882E-06
    2.699276E-01     1     6   -2.967417E-12   1.119593E-12
    2.699276E-01     2     1    6.616687E-12   5.625735E-12
    2.699276E-01     2     2   -1.010616E-04   5.301271E-04
    2.699276E-01     2     3    8.453290E-13  -9.484489E-12
    2.699276E-01     2     4   -5.554497E-05  -3.471237E-05
    2.699276E-01     2     5   -1.685224E-12  -1.889258E-12
    2.699276E-01     2     6   -2.675957E-11   1.460960E-11
    2.699276E-01     3     1   -5.607046E-12  -9.052107E-13
    2.699276E-01     3     2    7.879302E-13   6.234180E-11
    2.699276E-01     3     3    1.174824E-03   1.072916E-04
    2.699276E-01     3     4    8.902016E-12  -2.025833E-12
    2.699276E-01     3     5    6.929263E-12   6.782237E-12
    2.699276E-01     3     6   -1.050302E-11  -3.804844E-12
    2.699276E-01     4     1   -5.686800E-13  -2.577540E-13
    2.699276E-01     4     2   -2.956224E-05  -2.052616E-05
    2.699276E-01     4     3    1.635525E-11   1.108527E-11
    2.699276E-01     4     4    1.527271E-05   2.181520E-06
    2.699276E-01     4     5   -2.222057E-13   5.282631E-13
    2.699276E-01     4     6   -1.334544E-12   7.635783E-13
    2.699276E-01     5     1    1.006531E-06   2.467985E-06
    2.699276E-01     5     2    4.856197E-12  -1.025074E-11
    2.699276E-01     5     3    4.901887E-12   3.503680E-12
    2.699276E-01     5     4   -1.083655E-12   2.582372E-12
    2.699276E-01     5     5    5.186444E-05   4.821959E-06
    2.699276E-01     5     6    7.367252E-13   1.668089E-12
    2.699276E-01     6     1   -2.471422E-12   1.861890E-13
    2.699276E-01     6     2    4.414385E-12  -1.312393E-12
    2.699276E-01     6     3   -1.876838E-11   9.346574E-12
    2.699276E-01     6     4   -5.797004E-13  -1.282782E-12
    2.699276E-01     6     5   -1.205335E-12   1.248600E-12
    2.699276E-01     6     6    2.687065E-05   2.611472E-05
    2.661036E-01     1     1    2.665652E-05   5.940665E-05
    2.661036E-01     1     2   -9.502052E-12  -2.818599E-12
    2.661036E-01     1     3   -4.004793E-12   1.358001E-12
    2.661036E-01     1     4   -6.965810E-13  -1.370916E-13
    2.661036E-01     1     5    1.652081E-06   3.803122E-06
    2.661036E-01     1     6   -2.603472E-12   5.721287E-13
    2.661036E-01     2     1    6.651469E-12   5.444956E-12
    2.661036E-01     2     2   -2.108565E-04   4.931024E-04
    2.661036E-01     2     3   -6.948835E-12  -7.839964E-12
    2.661036E-01     2     4   -6.351493E-05  -3.369108E-05
    2.661036E-01     2     5   -1.265153E-13  -3.046782E-12
    2.661036E-01     2     6   -2.488338E-11   1.438401E-11
    2.661036E-01     3     1   -6.203022E-12  -3.902754E-13
    2.661036E-01     3     2    1.098067E-11   6.916841E-11
    2.661036E-01     3     3    1.175399E-03   9.825657E-05
    2.661036E-01     3     4    7.945162E-12  -8.858282E-13
    2.661036E-01     3     5    9.643079E-12   6.775837E-12
    2.661036E-01     3     6   -1.083323E-11   1.028794E-13
    2.661036E-01     4     1   -4.489750E-13  -1.548667E-14
    2.661036E-01     4     2   -3.435258E-05  -1.953158E-05
    2.661036E-01     4     3    1.678873E-11   9.868990E-12
    2.661036E-01     4     4    1.490242E-05   2.080592E-06
    2.661036E-01     4     5   -3.188027E-13   9.032770E-13
    2.661036E-01     4     6   -1.094172E-12   6.535389E-13
    2.661036E-01     5     1    8.484394E-07   2.422829E-06
    2.661036E-01     5     2    7.752868E-12  -1.190977E-11
    2.661036E-01     5     3    8.169168E-12   2.095684E-12
    2.661036E-01     5     4   -9.440464E-13   2.650305E-12
    2.661036E-01     5     5    5.259844E-05   4.559827E-06
    2.661036E-01     5     6    6.997669E-14   1.410649E-12
    2.661036E-01     6     1   -2.069350E-12   5.368231E-13
    2.661036E-01     6     2    1.510592E-12   1.159547E-12
    2.661036E-01     6     3   -1.506096E-11   6.395666E-12
    2.661036E-01     6     4   -4.386367E-13  -9.846707E-13
    2.661036E-01     6     5   -2.698659E-13   1.371562E-12
    2.661036E-01     6     6    1.454273E-05   2.509459E-05
    2.623876E-01     1     1    2.390301E-05   5.783260E-05
    2.623876E-01     1     2   -6.709517E-12  -4.133559E-12
    2.623876E-01     1     3   -4.786009E-12   9.471823E-13
    2.623876E-01     1     4   -5.982866E-13  -7.972490E-14
    2.623876E-01     1     5    1.515585E-06   3.359839E-06
    2.623876E-01     1     6   -2.417482E-12   1.587834E-14
    2.623876E-01     2     1    6.362923E-12   5.824033E-12
    2.623876E-01     2     2   -2.379887E-04   4.606824E-04
    2.623876E-01     2     3   -1.506885E-11  -1.798920E-12
    2.623876E-01     2     4   -6.513838E-05  -3.281991E-05
    2.623876E-01     2     5    2.059946E-12  -3.722393E-12
    2.623876E-01     2     6   -2.014602E-11   1.082447E-11
    2.623876E-01     3     1   -6.473889E-12   1.049724E-12
    2.623876E-01     3     2    2.310008E-11   6.517919E-11
    2.623876E-01     3     3    1.183550E-03   9.062273E-05
    2.623876E-01     3     4    7.232636E-12   5.131308E-13
    2.623876E-01     3     5    1.228679E-11   6.910310E-12
    2.623876E-01     3     6   -1.116958E-11   3.412206E-12
    2.623876E-01     4     1   -2.361967E-13   1.320543E-13
    2.623876E-01     4     2   -3.554804E-05  -1.866866E-05
    2.623876E-01     4     3    1.572895E-11   8.461159E-12
    2.623876E-01     4     4    1.480934E-05   1.958122E-06
    2.623876E-01     4     5   -3.997794E-13   1.232889E-12
    2.623876E-01     4     6   -7.322935E-13   4.032961E-13
    2.623876E-01     5     1    6.508266E-07   2.167257E-06
    2.623876E-01     5     2    1.163695E-11  -1.311824E-11
    2.623876E-01     5     3    1.138801E-11   3.375050E-13
    2.623876E-01     5     4   -7.603573E-13   2.654148E-12
    2.623876E-01     5     5    5.307041E-05   4.369494E-06
    2.623876E-01     5     6   -4.154304E-13   1.122335E-12
    2.623876E-01     6     1   -1.680924E-12   1.001219E-12
    2.623876E-01     6     2   -2.619508E-13   2.243974E-12
    2.623876E-01     6     3   -1.106508E-11   2.859516E-12
    2.623876E-01     6     4   -2.588212E-13  -5.405496E-13
    2.623876E-01     6     5    6.724429E-13   1.533832E-12
    2.623876E-01     6     6    7.709726E-06   2.406843E-05
    2.587728E-01     1     1    2.146615E-05   5.571713E-05
    2.587728E-01     1     2   -4.647873E-12  -4.396302E-12
    2.587728E-01     1     3   -5.735443E-12  -5.218244E-14
    2.587728E-01     1     4   -4.598534E-13   1.026039E-14
    2.587728E-01     1     5    1.294733E-06   3.118944E-06
    2.587728E-01     1     6   -2.009747E-12  -5.023566E-13
    2.587728E-01     2     1    5.689556E-12   6.555990E-12
    2.587728E-01     2     2   -2.051985E-04   4.320806E-04
    2.587728E-01     2     3   -2.053715E-11   7.219880E-12
    2.587728E-01     2     4   -6.193443E-05  -3.211141E-05
    2.587728E-01     2     5    4.372494E-12  -2.278708E-12
    2.587728E-01     2     6   -1.473827E-11   6.980285E-12
    2.587728E-01     3     1   -6.521881E-12   3.267370E-12
    2.587728E-01     3     2    3.190408E-11   5.953877E-11
    2.587728E-01     3     3    1.197075E-03   8.376239E-05
    2.587728E-01     3     4    6.843944E-12   1.729395E-12
    2.587728E-01     3     5    1.565993E-11   7.602633E-12
    2.587728E-01     3     6   -1.094649E-11   5.240780E-12
    2.587728E-01     4     1    6.070884E-14   1.992294E-13
    2.587728E-01     4     2   -3.381754E-05  -1.785686E-05
    2.587728E-01     4     3    1.340864E-11   6.805840E-12
    2.587728E-01     4     4    1.494357E-05   1.820264E-06
    2.587728E-01     4     5   -4.000886E-13   1.491587E-12
    2.587728E-01     4     6   -3.978746E-13   1.513446E-13
    2.587728E-01     5     1    4.544684E-07   2.030603E-06
    2.587728E-01     5     2    1.541316E-11  -1.302442E-11
    2.587728E-01     5     3    1.471843E-11  -1.210842E-12
    2.587728E-01     5     4   -4.658363E-13   2.440866E-12
    2.587728E-01     5     5    5.336527E-05   4.160325E-06
    2.587728E-01     5     6   -7.787064E-13   5.981968E-13
    2.587728E-01     6     1   -1.474506E-12   1.223716E-12
    2.587728E-01     6     2   -1.071864E-12   3.413193E-12
    2.587728E-01     6     3   -8.645263E-12  -2.003709E-13
    2.587728E-01     6     4    2.317483E-14   4.365731E-15
    2.587728E-01     6     5    1.940554E-12   1.740464E-12
    2.587728E-01     6     6    3.599093E-06   2.308861E-05
    2.552574E-01     1     1    1.955903E-05   5.324458E-05
    2.552574E-01     1     2   -2.415723E-12  -5.475706E-12
    2.552574E-01     1     3   -7.724650E-12  -1.003674E-12
    2.552574E-01     1     4   -3.783475E-13   8.317218E-14
    2.552574E-01     1     5    1.100265E-06   2.763810E-06
    2.552574E-01     1     6   -1.175648E-12  -9.312058E-13
    2.552574E-01     2     1    4.198264E-12   6.697465E-12
    2.552574E-01     2     2   -1.177586E-04   4.100029E-04
    2.552574E-01     2     3   -2.991865E-11   1.766128E-11
    2.552574E-01     2     4   -5.454637E-05  -3.142691E-05
    2.552574E-01     2     5    7.003044E-12   3.729630E-13
    2.552574E-01     2     6   -8.352023E-12   9.958700E-13
    2.552574E-01     3     1   -5.955226E-12   5.478775E-12
    2.552574E-01     3     2    4.611851E-11   5.075999E-11
    2.552574E-01     3     3    1.205690E-03   7.806356E-05
    2.552574E-01     3     4    5.878784E-12   2.980063E-12
    2.552574E-01     3     5    1.854301E-11   9.077499E-12
    2.552574E-01     3     6   -9.872435E-12   4.946465E-12
    2.552574E-01     4     1    3.312333E-13   2.555550E-13
    2.552574E-01     4     2   -2.972123E-05  -1.704327E-05
    2.552574E-01     4     3    1.028458E-11   4.954378E-12
    2.552574E-01     4     4    1.525643E-05   1.670444E-06
    2.552574E-01     4     5   -1.709057E-13   1.575838E-12
    2.552574E-01     4     6    4.928385E-14  -2.360347E-13
    2.552574E-01     5     1    3.489191E-07   1.753204E-06
    2.552574E-01     5     2    2.067988E-11  -1.269518E-11
    2.552574E-01     5     3    1.667070E-11  -2.222524E-12
    2.552574E-01     5     4   -6.101535E-14   2.172872E-12
    2.552574E-01     5     5    5.354857E-05   4.004107E-06
    2.552574E-01     5     6   -1.317969E-12   2.089833E-14
    2.552574E-01     6     1   -1.341326E-12   1.412193E-12
    2.552574E-01     6     2   -1.287372E-12   2.458455E-12
    2.552574E-01     6     3   -7.993169E-12  -3.191049E-12
    2.552574E-01     6     4    4.052033E-13   5.916192E-13
    2.552574E-01     6     5    2.939419E-12   1.810735E-12
    2.552574E-01     6     6    2.367611E-06   2.223087E-05
    2.518351E-01     1     1    1.823912E-05   5.065420E-05
    2.518351E-01     1     2    7.086084E-14  -6.874651E-12
    2.518351E-01     1     3   -1.007745E-11  -2.258666E-12
    2.518351E-01     1     4   -3.475838E-13   1.698935E-13
    2.518351E-01     1     5    8.702453E-07   2.611688E-06
    2.518351E-01     1     6   -5.695806E-15  -1.340682E-12
    2.518351E-01     2     1    1.546910E-12   6.126643E-12
    2.518351E-01     2     2    1.008010E-05   3.979728E-04
    2.518351E-01     2     3   -3.611505E-11   2.484095E-11
    2.518351E-01     2     4   -4.412081E-05  -3.058056E-05
    2.518351E-01     2     5    1.019716E-11   2.944460E-12
    2.518351E-01     2     6   -5.062349E-12  -7.557142E-12
    2.518351E-01     3     1   -5.452244E-12   7.161720E-12
    2.518351E-01     3     2    6.065280E-11   4.286420E-11
    2.518351E-01     3     3    1.206755E-03   7.349934E-05
    2.518351E-01     3     4    5.390929E-12   3.796906E-12
    2.518351E-01     3     5    2.120115E-11   1.150198E-11
    2.518351E-01     3     6   -8.355658E-12   5.324381E-12
    2.518351E-01     4     1    5.834255E-13   2.756962E-13
    2.518351E-01     4     2   -2.400906E-05  -1.622281E-05
    2.518351E-01     4     3    6.638537E-12   3.502615E-12
    2.518351E-01     4     4    1.571209E-05   1.513265E-06
    2.518351E-01     4     5    1.156770E-14   1.461718E-12
    2.518351E-01     4     6    5.850663E-13  -8.662059E-13
    2.518351E-01     5     1    3.143785E-07   1.547871E-06
    2.518351E-01     5     2    2.668727E-11  -1.016059E-11
    2.518351E-01     5     3    1.753547E-11  -2.651136E-12
    2.518351E-01     5     4    3.288192E-13   1.833714E-12
    2.518351E-01     5     5    5.359488E-05   3.847549E-06
    2.518351E-01     5     6   -1.968654E-12  -8.076895E-13
    2.518351E-01     6     1   -1.153252E-12   1.679385E-12
    2.518351E-01     6     2   -1.150477E-12  -1.588751E-12
    2.518351E-01     6     3   -9.311450E-12  -5.398942E-12
    2.518351E-01     6     4    8.413253E-13   1.164811E-12
    2.518351E-01     6     5    3.920200E-12   2.161870E-12
    2.518351E-01     6     6    3.753182E-06   2.146127E-05
    2.485044E-01     1     1    1.761588E-05   4.831006E-05
    2.485044E-01     1     2    2.877532E-12  -7.648736E-12
    2.485044E-01     1     3   -1.232077E-11  -3.723960E-12
    2.485044E-01     1     4   -4.374793E-13   2.820775E-13
    2.485044E-01     1     5    6.172783E-07   2.425769E-06
    2.485044E-01     1     6    1.314559E-12  -1.724181E-12
    2.485044E-01     2     1   -1.554121E-12   3.980743E-12
    2.485044E-01     2     2    1.748059E-04   3.939381E-04
    2.485044E-01     2     3   -4.408918E-11   3.275118E-11
    2.485044E-01     2     4   -3.139841E-05  -2.961317E-05
    2.485044E-01     2     5    1.388886E-11   5.997751E-12
    2.485044E-01     2     6   -1.792426E-12  -2.006412E-11
    2.485044E-01     3     1   -4.606151E-12   9.028503E-12
    2.485044E-01     3     2    8.438203E-11   3.290819E-11
    2.485044E-01     3     3    1.200925E-03   6.942932E-05
    2.485044E-01     3     4    4.955725E-12   4.513937E-12
    2.485044E-01     3     5    2.320326E-11   1.412710E-11
    2.485044E-01     3     6   -6.178621E-12   6.182870E-12
    2.485044E-01     4     1    8.087980E-13   2.440450E-13
    2.485044E-01     4     2   -1.731935E-05  -1.538743E-05
    2.485044E-01     4     3    2.482217E-12   2.426729E-12
    2.485044E-01     4     4    1.624742E-05   1.355355E-06
    2.485044E-01     4     5    1.432488E-13   1.147084E-12
    2.485044E-01     4     6    1.045632E-12  -1.492691E-12
    2.485044E-01     5     1    3.744605E-07   1.279994E-06
    2.485044E-01     5     2    3.280853E-11  -9.493243E-12
    2.485044E-01     5     3    1.796630E-11  -3.082103E-12
    2.485044E-01     5     4    7.045571E-13   1.475254E-12
    2.485044E-01     5     5    5.327418E-05   3.740024E-06
    2.485044E-01     5     6   -2.674428E-12  -1.469114E-12
    2.485044E-01     6     1   -1.092425E-12   1.749345E-12
    2.485044E-01     6     2    1.590402E-12  -8.876502E-12
    2.485044E-01     6     3   -1.292230E-11  -7.516953E-12
    2.485044E-01     6     4    1.391347E-12   1.555986E-12
    2.485044E-01     6     5    4.634768E-12   2.520714E-12
    2.485044E-01     6     6    7.841890E-06   2.076881E-05
    2.452597E-01     1     1    1.750985E-05   4.630736E-05
    2.452597E-01     1     2    5.247411E-12  -8.002625E-12
    2.452597E-01     1     3   -1.394519E-11  -5.215216E-12
    2.452597E-01     1     4   -6.469330E-13   4.547211E-13
    2.452597E-01     1     5    3.894609E-07   2.268593E-06
    2.452597E-01     1     6    2.677000E-12  -2.188046E-12
    2.452597E-01     2     1   -4.346035E-12   7.964622E-13
    2.452597E-01     2     2    3.601589E-04   3.943867E-04
    2.452597E-01     2     3   -4.775995E-11   3.736226E-11
    2.452597E-01     2     4   -1.772903E-05  -2.859640E-05
    2.452597E-01     2     5    1.628589E-11   8.553073E-12
    2.452597E-01     2     6    8.808876E-13  -3.378664E-11
    2.452597E-01     3     1   -3.796350E-12   1.030227E-11
    2.452597E-01     3     2    1.123394E-10   2.058597E-11
    2.452597E-01     3     3    1.187842E-03   6.608574E-05
    2.452597E-01     3     4    5.114344E-12   4.886256E-12
    2.452597E-01     3     5    2.422100E-11   1.643200E-11
    2.452597E-01     3     6   -4.206869E-12   7.232425E-12
    2.452597E-01     4     1    1.007156E-12   1.515277E-13
    2.452597E-01     4     2   -1.042954E-05  -1.452894E-05
    2.452597E-01     4     3   -1.901653E-12   1.715749E-12
    2.452597E-01     4     4    1.679470E-05   1.202499E-06
    2.452597E-01     4     5    5.314969E-14   6.961744E-13
    2.452597E-01     4     6    1.469106E-12  -2.060165E-12
    2.452597E-01     5     1    5.426028E-07   1.029408E-06
    2.452597E-01     5     2    3.814561E-11  -1.001063E-11
    2.452597E-01     5     3    1.680712E-11  -3.399759E-12
    2.452597E-01     5     4    9.572439E-13   1.157513E-12
    2.452597E-01     5     5    5.261851E-05   3.603908E-06
    2.452597E-01     5     6   -3.227695E-12  -1.981785E-12
    2.452597E-01     6     1   -9.596549E-13   1.569075E-12
    2.452597E-01     6     2    5.638215E-12  -1.833019E-11
    2.452597E-01     6     3   -1.675302E-11  -9.015921E-12
    2.452597E-01     6     4    1.905331E-12   1.768528E-12
    2.452597E-01     6     5    5.115507E-12   2.796517E-12
    2.452597E-01     6     6    1.408021E-05   2.016590E-05
    2.420995E-01     1     1    1.773581E-05   4.466811E-05
    2.420995E-01     1     2    6.957513E-12  -8.935352E-12
    2.420995E-01     1     3   -1.480222E-11  -6.557629E-12
    2.420995E-01     1     4   -9.169862E-13   5.676601E-13
    2.420995E-01     1     5    5.778043E-08   2.093837E-06
    2.420995E-01     1     6    4.069009E-12  -2.711254E-12
    2.420995E-01     2     1   -7.137140E-12  -3.110540E-12
    2.420995E-01     2     2    5.449428E-04   3.957220E-04
    2.420995E-01     2     3   -4.886001E-11   3.924831E-11
    2.420995E-01     2     4   -4.672072E-06  -2.759922E-05
    2.420995E-01     2     5    1.929538E-11   1.001136E-11
    2.420995E-01     2     6    3.307770E-12  -4.743683E-11
    2.420995E-01     3     1   -2.874776E-12   1.106427E-11
    2.420995E-01     3     2    1.481318E-10   1.128210E-11
    2.420995E-01     3     3    1.166953E-03   6.311682E-05
    2.420995E-01     3     4    6.019906E-12   5.410829E-12
    2.420995E-01     3     5    2.307835E-11   1.867767E-11
    2.420995E-01     3     6   -2.560293E-12   8.596656E-12
    2.420995E-01     4     1    1.190743E-12  -1.222949E-14
    2.420995E-01     4     2   -4.152720E-06  -1.362593E-05
    2.420995E-01     4     3   -5.569376E-12   1.156627E-12
    2.420995E-01     4     4    1.728739E-05   1.061790E-06
    2.420995E-01     4     5   -8.766290E-14   1.431042E-13
    2.420995E-01     4     6    1.804179E-12  -2.536751E-12
    2.420995E-01     5     1    6.686894E-07   7.923746E-07
    2.420995E-01     5     2    4.128090E-11  -1.290245E-11
    2.420995E-01     5     3    1.450762E-11  -2.815370E-12
    2.420995E-01     5     4    1.178821E-12   9.297664E-13
    2.420995E-01     5     5    5.169463E-05   3.447335E-06
    2.420995E-01     5     6   -3.872711E-12  -2.363715E-12
    2.420995E-01     6     1   -8.654285E-13   1.367339E-12
    2.420995E-01     6     2    1.164600E-11  -3.054488E-11
    2.420995E-01     6     3   -2.138536E-11  -9.718779E-12
    2.420995E-01     6     4    2.489879E-12   1.852565E-12
    2.420995E-01     6     5    5.378177E-12   2.895538E-12
    2.420995E-01     6     6    2.153370E-05   1.968709E-05
    2.390189E-01     1     1    1.808924E-05   4.353786E-05
    2.390189E-01     1     2    7.318307E-12  -1.103385E-11
    2.390189E-01     1     3   -1.488381E-11  -7.762687E-12
    2.390189E-01     1     4   -1.111977E-12   5.870604E-13
    2.390189E-01     1     5   -1.572657E-07   1.918079E-06
    2.390189E-01     1     6    5.046784E-12  -3.347422E-12
    2.390189E-01     2     1   -9.375552E-12  -6.339349E-12
    2.390189E-01     2     2    7.074702E-04   3.945776E-04
    2.390189E-01     2     3   -5.069439E-11   3.528819E-11
    2.390189E-01     2     4    6.277869E-06  -2.668658E-05
    2.390189E-01     2     5    2.140876E-11   9.509939E-12
    2.390189E-01     2     6    5.607343E-12  -6.000945E-11
    2.390189E-01     3     1   -1.802578E-12   1.059345E-11
    2.390189E-01     3     2    1.891084E-10   1.850061E-12
    2.390189E-01     3     3    1.145077E-03   5.987183E-05
    2.390189E-01     3     4    7.286915E-12   5.967306E-12
    2.390189E-01     3     5    2.016946E-11   1.895796E-11
    2.390189E-01     3     6    1.633926E-14   9.382431E-12
    2.390189E-01     4     1    1.332321E-12  -1.174235E-13
    2.390189E-01     4     2    7.705669E-07  -1.265713E-05
    2.390189E-01     4     3   -8.363735E-12   1.125063E-12
    2.390189E-01     4     4    1.766703E-05   9.393816E-07
    2.390189E-01     4     5   -1.893549E-13  -3.449626E-13
    2.390189E-01     4     6    2.162941E-12  -2.769655E-12
    2.390189E-01     5     1    7.900359E-07   5.626647E-07
    2.390189E-01     5     2    4.166885E-11  -1.510526E-11
    2.390189E-01     5     3    1.088739E-11  -2.668678E-12
    2.390189E-01     5     4    1.254446E-12   8.764913E-13
    2.390189E-01     5     5    5.072508E-05   3.240073E-06
    2.390189E-01     5     6   -4.921510E-12  -2.826452E-12
    2.390189E-01     6     1   -7.052094E-13   1.060060E-12
    2.390189E-01     6     2    1.812590E-11  -4.361757E-11
    2.390189E-01     6     3   -2.592546E-11  -1.084856E-11
    2.390189E-01     6     4    2.953208E-12   1.736570E-12
    2.390189E-01     6     5    5.588047E-12   2.683162E-12
    2.390189E-01     6     6    2.909026E-05   1.924118E-05
    2.360165E-01     1     1    1.831071E-05   4.297880E-05
    2.360165E-01     1     2    7.314390E-12  -1.346095E-11
    2.360165E-01     1     3   -1.309454E-11  -8.970174E-12
    2.360165E-01     1     4   -1.094643E-12   5.689346E-13
    2.360165E-01     1     5   -3.705999E-07   1.722487E-06
    2.360165E-01     1     6    5.256216E-12  -3.803242E-12
    2.360165E-01     2     1   -1.120494E-11  -8.589438E-12
    2.360165E-01     2     2    8.299137E-04   3.883142E-04
    2.360165E-01     2     3   -4.782948E-11   2.765571E-11
    2.360165E-01     2     4    1.395359E-05  -2.589748E-05
    2.360165E-01     2     5    2.246890E-11   9.508748E-12
    2.360165E-01     2     6    7.995581E-12  -6.920144E-11
    2.360165E-01     3     1   -5.465483E-13   9.309979E-12
    2.360165E-01     3     2    2.171418E-10  -1.113450E-11
    2.360165E-01     3     3    1.124819E-03   5.511878E-05
    2.360165E-01     3     4    8.637414E-12   6.583099E-12
    2.360165E-01     3     5    1.536211E-11   1.768044E-11
    2.360165E-01     3     6   -2.204918E-13   8.307903E-12
    2.360165E-01     4     1    1.338282E-12  -1.630256E-13
    2.360165E-01     4     2    3.657016E-06  -1.175850E-05
    2.360165E-01     4     3   -1.030071E-11   5.492271E-13
    2.360165E-01     4     4    1.788990E-05   8.393934E-07
    2.360165E-01     4     5   -1.550010E-13  -7.628280E-13
    2.360165E-01     4     6    2.473768E-12  -2.648780E-12
    2.360165E-01     5     1    8.915939E-07   3.972429E-07
    2.360165E-01     5     2    3.829278E-11  -1.675761E-11
    2.360165E-01     5     3    8.584913E-12  -2.255570E-12
    2.360165E-01     5     4    1.343161E-12   7.138598E-13
    2.360165E-01     5     5    4.982276E-05   2.995781E-06
    2.360165E-01     5     6   -6.068346E-12  -2.709849E-12
    2.360165E-01     6     1   -6.099401E-13   6.651582E-13
    2.360165E-01     6     2    2.425311E-11  -5.810028E-11
    2.360165E-01     6     3   -2.860770E-11  -1.087538E-11
    2.360165E-01     6     4    3.269306E-12   1.337719E-12
    2.360165E-01     6     5    5.446130E-12   2.280141E-12
    2.360165E-01     6     6    3.563792E-05   1.881405E-05
    2.330878E-01     1     1    1.818861E-05   4.261707E-05
    2.330878E-01     1     2    7.742214E-12  -1.595743E-11
    2.330878E-01     1     3   -1.044131E-11  -9.951499E-12
    2.330878E-01     1     4   -8.646500E-13   5.591840E-13
    2.330878E-01     1     5   -3.220635E-07   1.517540E-06
    2.330878E-01     1     6    4.859464E-12  -3.642105E-12
    2.330878E-01     2     1   -1.192968E-11  -1.052082E-11
    2.330878E-01     2     2    9.007122E-04   3.767710E-04
    2.330878E-01     2     3   -5.273344E-11   1.243144E-11
    2.330878E-01     2     4    1.777995E-05  -2.524544E-05
    2.330878E-01     2     5    2.296529E-11   9.790799E-12
    2.330878E-01     2     6    1.177252E-11  -7.443486E-11
    2.330878E-01     3     1    2.964226E-14   7.664036E-12
    2.330878E-01     3     2    2.375455E-10  -2.793878E-11
    2.330878E-01     3     3    1.111480E-03   5.009358E-05
    2.330878E-01     3     4    9.340088E-12   7.375522E-12
    2.330878E-01     3     5    1.000962E-11   1.515872E-11
    2.330878E-01     3     6   -1.615428E-12   6.898154E-12
    2.330878E-01     4     1    1.293601E-12  -2.446528E-13
    2.330878E-01     4     2    4.329148E-06  -1.087822E-05
    2.330878E-01     4     3   -1.089023E-11  -6.258278E-13
    2.330878E-01     4     4    1.794968E-05   7.557303E-07
    2.330878E-01     4     5   -1.159602E-13  -9.249878E-13
    2.330878E-01     4     6    2.713429E-12  -2.547701E-12
    2.330878E-01     5     1    9.616976E-07   2.810195E-07
    2.330878E-01     5     2    3.435157E-11  -1.762502E-11
    2.330878E-01     5     3    5.609636E-12  -1.785837E-12
    2.330878E-01     5     4    1.360308E-12   8.078921E-13
    2.330878E-01     5     5    4.924029E-05   2.712299E-06
    2.330878E-01     5     6   -7.177503E-12  -1.949658E-12
    2.330878E-01     6     1   -6.386676E-13   2.303591E-13
    2.330878E-01     6     2    2.929058E-11  -7.075763E-11
    2.330878E-01     6     3   -3.056220E-11  -1.192511E-11
    2.330878E-01     6     4    3.417833E-12   1.016171E-12
    2.330878E-01     6     5    5.199283E-12   2.038171E-12
    2.330878E-01     6     6    4.019108E-05   1.838927E-05
    2.302309E-01     1     1    1.767915E-05   4.235703E-05
    2.302309E-01     1     2    9.377068E-12  -1.654470E-11
    2.302309E-01     1     3   -7.380463E-12  -1.061879E-11
    2.302309E-01     1     4   -5.487001E-13   5.594408E-13
    2.302309E-01     1     5   -8.935143E-08   1.286896E-06
    2.302309E-01     1     6    4.000550E-12  -3.434584E-12
    2.302309E-01     2     1   -1.119719E-11  -1.150414E-11
    2.302309E-01     2     2    9.222412E-04   3.584400E-04
    2.302309E-01     2     3   -5.574818E-11  -6.892100E-12
    2.302309E-01     2     4    1.830672E-05  -2.476760E-05
    2.302309E-01     2     5    2.357500E-11   1.045721E-11
    2.302309E-01     2     6    1.273982E-11  -7.575863E-11
    2.302309E-01     3     1   -2.914970E-14   5.234950E-12
    2.302309E-01     3     2    2.500480E-10  -4.983668E-11
    2.302309E-01     3     3    1.104789E-03   4.565470E-05
    2.302309E-01     3     4    9.646091E-12   7.837694E-12
    2.302309E-01     3     5    4.970445E-12   1.122910E-11
    2.302309E-01     3     6   -5.400776E-12   4.560361E-12
    2.302309E-01     4     1    1.288834E-12  -2.942300E-13
    2.302309E-01     4     2    3.560430E-06  -1.017306E-05
    2.302309E-01     4     3   -1.008603E-11  -1.795870E-12
    2.302309E-01     4     4    1.788860E-05   6.926856E-07
    2.302309E-01     4     5   -1.513067E-13  -8.438063E-13
    2.302309E-01     4     6    2.708411E-12  -2.205875E-12
    2.302309E-01     5     1    1.000348E-06   1.890855E-07
    2.302309E-01     5     2    2.961326E-11  -1.712732E-11
    2.302309E-01     5     3    4.768380E-12  -2.093758E-12
    2.302309E-01     5     4    1.286736E-12   1.009994E-12
    2.302309E-01     5     5    4.894652E-05   2.432203E-06
    2.302309E-01     5     6   -8.274035E-12  -8.944823E-13
    2.302309E-01     6     1   -7.684699E-13  -8.925127E-14
    2.302309E-01     6     2    3.168333E-11  -7.880133E-11
    2.302309E-01     6     3   -3.113725E-11  -1.374676E-11
    2.302309E-01     6     4    3.319902E-12   5.842263E-13
    2.302309E-01     6     5    5.058743E-12   1.752740E-12
    2.302309E-01     6     6    4.212478E-05   1.802331E-05
    2.274440E-01     1     1    1.682510E-05   4.199533E-05
    2.274440E-01     1     2    9.627212E-12  -1.533310E-11
    2.274440E-01     1     3   -4.769342E-12  -1.108953E-11
    2.274440E-01     1     4   -1.417798E-13   6.090080E-13
    2.274440E-01     1     5    3.308657E-07   1.102343E-06
    2.274440E-01     1     6    2.641004E-12  -2.824378E-12
    2.274440E-01     2     1   -1.009153E-11  -1.107179E-11
    2.274440E-01     2     2    9.252395E-04   3.347098E-04
    2.274440E-01     2     3   -5.894875E-11  -2.541782E-11
    2.274440E-01     2     4    1.823727E-05  -2.442233E-05
    2.274440E-01     2     5    2.248739E-11   1.048278E-11
    2.274440E-01     2     6    1.218336E-11  -7.202070E-11
    2.274440E-01     3     1   -6.773942E-13   2.650831E-12
    2.274440E-01     3     2    2.553875E-10  -7.256369E-11
    2.274440E-01     3     3    1.103551E-03   4.155842E-05
    2.274440E-01     3     4    9.852862E-12   8.192265E-12
    2.274440E-01     3     5    2.168677E-13   6.714288E-12
    2.274440E-01     3     6   -8.328496E-12   2.376525E-12
    2.274440E-01     4     1    1.311786E-12  -2.660329E-13
    2.274440E-01     4     2    3.121141E-06  -9.591600E-06
    2.274440E-01     4     3   -8.034616E-12  -2.849550E-12
    2.274440E-01     4     4    1.783813E-05   6.492415E-07
    2.274440E-01     4     5   -2.540492E-13  -5.963492E-13
    2.274440E-01     4     6    2.557510E-12  -1.755673E-12
    2.274440E-01     5     1    1.020008E-06   1.182892E-07
    2.274440E-01     5     2    2.401088E-11  -1.624273E-11
    2.274440E-01     5     3    5.020406E-12  -3.051181E-12
    2.274440E-01     5     4    1.303653E-12   1.224821E-12
    2.274440E-01     5     5    4.891418E-05   2.174521E-06
    2.274440E-01     5     6   -8.992801E-12   1.937318E-13
    2.274440E-01     6     1   -9.222580E-13  -4.309989E-13
    2.274440E-01     6     2    3.147520E-11  -8.247617E-11
    2.274440E-01     6     3   -2.973011E-11  -1.549939E-11
    2.274440E-01     6     4    3.101662E-12   1.201661E-13
    2.274440E-01     6     5    4.807376E-12   1.391644E-12
    2.274440E-01     6     6    4.146551E-05   1.768709E-05
    2.247229E-01     1     1    1.574597E-05   4.140295E-05
    2.247229E-01     1     2    9.571909E-12  -1.433455E-11
    2.247229E-01     1     3   -1.117125E-12  -1.156410E-11
    2.247229E-01     1     4    3.309270E-13   6.347107E-13
    2.247229E-01     1     5    8.817722E-07   1.018562E-06
    2.247229E-01     1     6    8.686436E-13  -2.448313E-12
    2.247229E-01     2     1   -8.599419E-12  -9.632462E-12
    2.247229E-01     2     2    9.247603E-04   3.044352E-04
    2.247229E-01     2     3   -6.279270E-11  -4.031875E-11
    2.247229E-01     2     4    1.881090E-05  -2.416706E-05
    2.247229E-01     2     5    2.141801E-11   1.062862E-11
    2.247229E-01     2     6    9.574045E-12  -6.648303E-11
    2.247229E-01     3     1   -1.543969E-12   5.873507E-13
    2.247229E-01     3     2    2.571787E-10  -8.558458E-11
    2.247229E-01     3     3    1.107582E-03   3.778196E-05
    2.247229E-01     3     4    9.679432E-12   8.163630E-12
    2.247229E-01     3     5   -4.070224E-12   2.496341E-12
    2.247229E-01     3     6   -1.160129E-11  -1.134459E-12
    2.247229E-01     4     1    1.263395E-12  -1.558401E-13
    2.247229E-01     4     2    3.779436E-06  -9.051982E-06
    2.247229E-01     4     3   -5.981404E-12  -3.888434E-12
    2.247229E-01     4     4    1.785956E-05   6.222959E-07
    2.247229E-01     4     5   -2.440807E-13  -2.867331E-13
    2.247229E-01     4     6    2.572550E-12  -1.152041E-12
    2.247229E-01     5     1    1.022552E-06   6.834888E-08
    2.247229E-01     5     2    1.883220E-11  -1.406561E-11
    2.247229E-01     5     3    6.400735E-12  -3.731861E-12
    2.247229E-01     5     4    1.432686E-12   1.443722E-12
    2.247229E-01     5     5    4.911931E-05   1.951656E-06
    2.247229E-01     5     6   -9.230068E-12   1.238088E-12
    2.247229E-01     6     1   -1.193072E-12  -7.407927E-13
    2.247229E-01     6     2    2.719260E-11  -8.290276E-11
    2.247229E-01     6     3   -2.778493E-11  -1.665042E-11
    2.247229E-01     6     4    2.754954E-12  -3.133188E-13
    2.247229E-01     6     5    4.864597E-12   6.382376E-13
    2.247229E-01     6     6    4.039428E-05   1.736082E-05
    2.220670E-01     1     1    1.459775E-05   4.053347E-05
    2.220670E-01     1     2    9.793534E-12  -1.325548E-11
    2.220670E-01     1     3    2.433540E-12  -1.188064E-11
    2.220670E-01     1     4    8.887172E-13   6.315025E-13
    2.220670E-01     1     5    1.474123E-06   1.099355E-06
    2.220670E-01     1     6   -1.162797E-12  -2.037587E-12
    2.220670E-01     2     1   -6.392233E-12  -7.135938E-12
    2.220670E-01     2     2    8.814685E-04   2.741589E-04
    2.220670E-01     2     3   -6.518808E-11  -5.072657E-11
    2.220670E-01     2     4    1.712526E-05  -2.395454E-05
    2.220670E-01     2     5    1.940504E-11   1.116953E-11
    2.220670E-01     2     6    7.456471E-12  -5.707544E-11
    2.220670E-01     3     1   -2.440699E-12   4.532339E-13
    2.220670E-01     3     2    2.479520E-10  -1.045047E-10
    2.220670E-01     3     3    1.115468E-03   3.456017E-05
    2.220670E-01     3     4    1.021074E-11   7.885621E-12
    2.220670E-01     3     5   -8.889529E-12  -1.833960E-12
    2.220670E-01     3     6   -1.482561E-11  -7.270421E-12
    2.220670E-01     4     1    1.201420E-12  -7.890220E-14
    2.220670E-01     4     2    3.894862E-06  -8.514969E-06
    2.220670E-01     4     3   -3.553047E-12  -4.433717E-12
    2.220670E-01     4     4    1.783459E-05   6.031388E-07
    2.220670E-01     4     5    1.893072E-14   6.255418E-14
    2.220670E-01     4     6    2.329496E-12  -4.273105E-13
    2.220670E-01     5     1    1.009166E-06   3.718080E-08
    2.220670E-01     5     2    1.380786E-11  -8.363549E-12
    2.220670E-01     5     3    7.977109E-12  -3.771576E-12
    2.220670E-01     5     4    1.717925E-12   1.571599E-12
    2.220670E-01     5     5    4.951360E-05   1.763622E-06
    2.220670E-01     5     6   -9.238298E-12   2.800462E-12
    2.220670E-01     6     1   -1.455058E-12  -8.795972E-13
    2.220670E-01     6     2    2.035589E-11  -7.822918E-11
    2.220670E-01     6     3   -2.444936E-11  -1.767823E-11
    2.220670E-01     6     4    2.283009E-12  -5.862598E-13
    2.220670E-01     6     5    5.107331E-12  -3.394267E-13
    2.220670E-01     6     6    3.867530E-05   1.694410E-05
    2.194723E-01     1     1    1.352039E-05   3.950257E-05
    2.194723E-01     1     2    1.022634E-11  -9.397893E-12
    2.194723E-01     1     3    4.975035E-12  -1.135426E-11
    2.194723E-01     1     4    1.516124E-12   7.173626E-13
    2.194723E-01     1     5    1.984925E-06   1.310799E-06
    2.194723E-01     1     6   -3.557923E-12  -1.004901E-12
    2.194723E-01     2     1   -3.106881E-12  -4.102320E-12
    2.194723E-01     2     2    7.959761E-04   2.423750E-04
    2.194723E-01     2     3   -7.039150E-11  -5.704874E-11
    2.194723E-01     2     4    1.330244E-05  -2.369414E-05
    2.194723E-01     2     5    1.683274E-11   1.297944E-11
    2.194723E-01     2     6    6.234779E-12  -4.613120E-11
    2.194723E-01     3     1   -3.596336E-12   5.774108E-13
    2.194723E-01     3     2    2.223035E-10  -1.167841E-10
    2.194723E-01     3     3    1.125381E-03   3.202420E-05
    2.194723E-01     3     4    1.051916E-11   7.648885E-12
    2.194723E-01     3     5   -1.326188E-11  -5.675273E-12
    2.194723E-01     3     6   -1.960445E-11  -1.308198E-11
    2.194723E-01     4     1    1.095805E-12  -7.955845E-14
    2.194723E-01     4     2    3.500309E-06  -7.993673E-06
    2.194723E-01     4     3   -7.046363E-13  -4.071005E-12
    2.194723E-01     4     4    1.777827E-05   5.949371E-07
    2.194723E-01     4     5    3.287970E-13   4.239203E-13
    2.194723E-01     4     6    2.095195E-12   4.287991E-13
    2.194723E-01     5     1    9.737667E-07   7.226136E-09
    2.194723E-01     5     2    9.185222E-12  -1.202464E-12
    2.194723E-01     5     3    1.057856E-11  -3.641346E-12
    2.194723E-01     5     4    1.982858E-12   1.705463E-12
    2.194723E-01     5     5    5.005252E-05   1.614088E-06
    2.194723E-01     5     6   -8.285203E-12   4.281997E-12
    2.194723E-01     6     1   -1.762488E-12  -9.747191E-13
    2.194723E-01     6     2    1.428120E-11  -6.911504E-11
    2.194723E-01     6     3   -1.974303E-11  -1.794205E-11
    2.194723E-01     6     4    1.669098E-12  -7.144081E-13
    2.194723E-01     6     5    5.447408E-12  -1.149812E-12
    2.194723E-01     6     6    3.502699E-05   1.651463E-05
    2.169383E-01     1     1    1.254956E-05   3.827530E-05
    2.169383E-01     1     2    9.051685E-12  -5.533483E-12
    2.169383E-01     1     3    6.739416E-12  -1.062862E-11
    2.169383E-01     1     4    1.985982E-12   7.958809E-13
    2.169383E-01     1     5    2.420296E-06   1.617837E-06
    2.169383E-01     1     6   -5.329872E-12   2.540011E-13
    2.169383E-01     2     1    9.193460E-13  -1.303671E-12
    2.169383E-01     2     2    6.640195E-04   2.123195E-04
    2.169383E-01     2     3   -7.191737E-11  -5.616904E-11
    2.169383E-01     2     4    7.171187E-06  -2.331429E-05
    2.169383E-01     2     5    1.413174E-11   1.668058E-11
    2.169383E-01     2     6    3.536490E-12  -3.172465E-11
    2.169383E-01     3     1   -4.283946E-12   1.226182E-12
    2.169383E-01     3     2    1.851646E-10  -1.169218E-10
    2.169383E-01     3     3    1.135315E-03   3.007026E-05
    2.169383E-01     3     4    1.029937E-11   7.017973E-12
    2.169383E-01     3     5   -1.609486E-11  -7.628500E-12
    2.169383E-01     3     6   -2.298360E-11  -1.978095E-11
    2.169383E-01     4     1    9.504659E-13  -7.119160E-14
    2.169383E-01     4     2    2.460790E-06  -7.509757E-06
    2.169383E-01     4     3    1.991621E-12  -3.852566E-12
    2.169383E-01     4     4    1.769162E-05   6.171954E-07
    2.169383E-01     4     5    8.248476E-13   6.397114E-13
    2.169383E-01     4     6    1.836333E-12   1.264527E-12
    2.169383E-01     5     1    9.448348E-07  -3.802028E-08
    2.169383E-01     5     2    5.251384E-12   7.209247E-12
    2.169383E-01     5     3    1.182938E-11  -2.574957E-12
    2.169383E-01     5     4    2.372553E-12   1.634915E-12
    2.169383E-01     5     5    5.066322E-05   1.526523E-06
    2.169383E-01     5     6   -6.753317E-12   5.510937E-12
    2.169383E-01     6     1   -1.999313E-12  -1.212529E-12
    2.169383E-01     6     2    6.742961E-12  -5.353017E-11
    2.169383E-01     6     3   -1.574307E-11  -1.670251E-11
    2.169383E-01     6     4    1.039955E-12  -7.363066E-13
    2.169383E-01     6     5    6.183709E-12  -1.880263E-12
    2.169383E-01     6     6    2.954610E-05   1.605173E-05
    2.144615E-01     1     1    1.181061E-05   3.693755E-05
    2.144615E-01     1     2    7.813913E-12  -3.866995E-12
    2.144615E-01     1     3    8.141459E-12  -9.857117E-12
    2.144615E-01     1     4    2.331134E-12   8.527080E-13
    2.144615E-01     1     5    2.740244E-06   2.013898E-06
    2.144615E-01     1     6   -6.229179E-12   1.595994E-12
    2.144615E-01     2     1    4.837249E-12   1.327465E-12
    2.144615E-01     2     2    5.193983E-04   1.913776E-04
    2.144615E-01     2     3   -7.832265E-11  -5.411183E-11
    2.144615E-01     2     4    6.680341E-07  -2.250750E-05
    2.144615E-01     2     5    1.196639E-11   1.934472E-11
    2.144615E-01     2     6    1.058992E-12  -1.861828E-11
    2.144615E-01     3     1   -4.419331E-12   3.050964E-12
    2.144615E-01     3     2    1.357152E-10  -1.114024E-10
    2.144615E-01     3     3    1.143670E-03   2.864125E-05
    2.144615E-01     3     4    9.661169E-12   6.104064E-12
    2.144615E-01     3     5   -1.838690E-11  -7.578400E-12
    2.144615E-01     3     6   -2.577064E-11  -2.601155E-11
    2.144615E-01     4     1    6.258187E-13  -1.041092E-13
    2.144615E-01     4     2    1.019304E-06  -7.012995E-06
    2.144615E-01     4     3    4.371466E-12  -3.241759E-12
    2.144615E-01     4     4    1.759084E-05   6.470856E-07
    2.144615E-01     4     5    1.435334E-12   6.398530E-13
    2.144615E-01     4     6    1.643132E-12   1.782678E-12
    2.144615E-01     5     1    9.385201E-07  -9.680843E-08
    2.144615E-01     5     2    5.418132E-12   1.531568E-11
    2.144615E-01     5     3    1.189305E-11  -8.492714E-13
    2.144615E-01     5     4    2.890040E-12   1.586757E-12
    2.144615E-01     5     5    5.125299E-05   1.502848E-06
    2.144615E-01     5     6   -5.189392E-12   6.260869E-12
    2.144615E-01     6     1   -2.123518E-12  -1.258126E-12
    2.144615E-01     6     2   -5.749621E-13  -3.736884E-11
    2.144615E-01     6     3   -1.133741E-11  -1.428796E-11
    2.144615E-01     6     4    4.351057E-13  -6.967927E-13
    2.144615E-01     6     5    6.705282E-12  -2.382315E-12
    2.144615E-01     6     6    2.369356E-05   1.558781E-05
    2.120413E-01     1     1    1.130173E-05   3.560438E-05
    2.120413E-01     1     2    7.712931E-12  -1.353052E-12
    2.120413E-01     1     3    8.486150E-12  -9.231957E-12
    2.120413E-01     1     4    2.472605E-12   9.108071E-13
    2.120413E-01     1     5    2.900253E-06   2.451200E-06
    2.120413E-01     1     6   -6.700832E-12   2.889417E-12
    2.120413E-01     2     1    6.699773E-12   3.080876E-12
    2.120413E-01     2     2    3.822433E-04   1.813145E-04
    2.120413E-01     2     3   -7.548797E-11  -5.162303E-11
    2.120413E-01     2     4   -5.442964E-06  -2.124452E-05
    2.120413E-01     2     5    8.625483E-12   2.171456E-11
    2.120413E-01     2     6   -3.094407E-12  -8.275784E-12
    2.120413E-01     3     1   -4.082988E-12   4.463560E-12
    2.120413E-01     3     2    7.528103E-11  -9.842582E-11
    2.120413E-01     3     3    1.148683E-03   2.801024E-05
    2.120413E-01     3     4    8.662469E-12   4.777673E-12
    2.120413E-01     3     5   -1.960697E-11  -6.319441E-12
    2.120413E-01     3     6   -2.794163E-11  -2.901390E-11
    2.120413E-01     4     1    3.223131E-13  -1.950186E-13
    2.120413E-01     4     2   -6.642897E-07  -6.338420E-06
    2.120413E-01     4     3    5.858180E-12  -1.392961E-12
    2.120413E-01     4     4    1.752310E-05   6.605832E-07
    2.120413E-01     4     5    1.808917E-12   5.480233E-13
    2.120413E-01     4     6    1.464376E-12   2.160730E-12
    2.120413E-01     5     1    9.573654E-07  -1.588167E-07
    2.120413E-01     5     2    7.816831E-12   2.289717E-11
    2.120413E-01     5     3    1.097616E-11   8.722465E-13
    2.120413E-01     5     4    3.040396E-12   1.356185E-12
    2.120413E-01     5     5    5.174826E-05   1.525137E-06
    2.120413E-01     5     6   -2.982417E-12   6.537610E-12
    2.120413E-01     6     1   -2.145693E-12  -1.220744E-12
    2.120413E-01     6     2   -6.939171E-12  -2.253486E-11
    2.120413E-01     6     3   -7.982171E-12  -1.199857E-11
    2.120413E-01     6     4   -9.602677E-14  -6.323870E-13
    2.120413E-01     6     5    7.276300E-12  -2.325052E-12
    2.120413E-01     6     6    1.810332E-05   1.500533E-05
    2.096743E-01     1     1    1.097107E-05   3.433498E-05
    2.096743E-01     1     2    7.559144E-12   1.733622E-12
    2.096743E-01     1     3    8.429485E-12  -8.450976E-12
    2.096743E-01     1     4    2.343983E-12   9.928432E-13
    2.096743E-01     1     5    2.893003E-06   2.858276E-06
    2.096743E-01     1     6   -6.722852E-12   4.014944E-12
    2.096743E-01     2     1    8.636796E-12   2.522757E-12
    2.096743E-01     2     2    2.896187E-04   1.765762E-04
    2.096743E-01     2     3   -7.095787E-11  -4.526832E-11
    2.096743E-01     2     4   -9.701800E-06  -1.978033E-05
    2.096743E-01     2     5    6.205473E-12   2.425144E-11
    2.096743E-01     2     6   -5.655000E-12  -1.730923E-12
    2.096743E-01     3     1   -3.844081E-12   6.564792E-12
    2.096743E-01     3     2    2.251095E-11  -8.359371E-11
    2.096743E-01     3     3    1.148678E-03   2.775509E-05
    2.096743E-01     3     4    7.834805E-12   3.288823E-12
    2.096743E-01     3     5   -2.130948E-11  -4.592531E-12
    2.096743E-01     3     6   -2.837882E-11  -3.014736E-11
    2.096743E-01     4     1    5.133539E-14  -3.784521E-13
    2.096743E-01     4     2   -2.140455E-06  -5.668353E-06
    2.096743E-01     4     3    6.309444E-12   5.552551E-13
    2.096743E-01     4     4    1.747378E-05   6.562479E-07
    2.096743E-01     4     5    2.001586E-12   3.987334E-13
    2.096743E-01     4     6    1.201664E-12   2.634996E-12
    2.096743E-01     5     1    9.997206E-07  -2.234551E-07
    2.096743E-01     5     2    1.159132E-11   2.680158E-11
    2.096743E-01     5     3    8.634205E-12   2.419485E-12
    2.096743E-01     5     4    3.069320E-12   1.042442E-12
    2.096743E-01     5     5    5.208322E-05   1.591649E-06
    2.096743E-01     5     6   -4.330657E-13   6.584734E-12
    2.096743E-01     6     1   -2.108338E-12  -1.280230E-12
    2.096743E-01     6     2   -7.943236E-12  -1.023164E-11
    2.096743E-01     6     3   -5.406942E-12  -1.009258E-11
    2.096743E-01     6     4   -3.512808E-13  -4.881938E-13
    2.096743E-01     6     5    7.616137E-12  -2.135765E-12
    2.096743E-01     6     6    1.421821E-05   1.435459E-05
    2.073604E-01     1     1    1.076520E-05   3.315527E-05
    2.073604E-01     1     2    5.082072E-12   3.352438E-12
    2.073604E-01     1     3    8.016026E-12  -7.669713E-12
    2.073604E-01     1     4    1.898273E-12   9.809692E-13
    2.073604E-01     1     5    2.775559E-06   3.178225E-06
    2.073604E-01     1     6   -6.210336E-12   4.859849E-12
    2.073604E-01     2     1    9.779636E-12   4.012917E-13
    2.073604E-01     2     2    2.407859E-04   1.748791E-04
    2.073604E-01     2     3   -5.752195E-11  -3.787373E-11
    2.073604E-01     2     4   -1.228653E-05  -1.822230E-05
    2.073604E-01     2     5    3.618283E-12   2.508709E-11
    2.073604E-01     2     6   -6.732258E-12   3.564505E-12
    2.073604E-01     3     1   -4.178192E-12   8.034932E-12
    2.073604E-01     3     2   -2.587730E-11  -6.283833E-11
    2.073604E-01     3     3    1.142973E-03   2.688342E-05
    2.073604E-01     3     4    7.097084E-12   1.726068E-12
    2.073604E-01     3     5   -2.262863E-11  -2.833464E-12
    2.073604E-01     3     6   -2.761454E-11  -2.934027E-11
    2.073604E-01     4     1   -1.235119E-13  -6.678177E-13
    2.073604E-01     4     2   -3.418412E-06  -5.230697E-06
    2.073604E-01     4     3    6.324154E-12   2.388626E-12
    2.073604E-01     4     4    1.743249E-05   6.266479E-07
    2.073604E-01     4     5    2.024385E-12   1.736540E-13
    2.073604E-01     4     6    1.049933E-12   2.954678E-12
    2.073604E-01     5     1    1.061368E-06  -2.873621E-07
    2.073604E-01     5     2    1.528752E-11   2.871046E-11
    2.073604E-01     5     3    4.418469E-12   4.163008E-12
    2.073604E-01     5     4    2.878875E-12   7.233790E-13
    2.073604E-01     5     5    5.221074E-05   1.677286E-06
    2.073604E-01     5     6    1.918196E-12   6.045531E-12
    2.073604E-01     6     1   -1.668349E-12  -1.384424E-12
    2.073604E-01     6     2   -5.845259E-12   2.689201E-13
    2.073604E-01     6     3   -2.442157E-12  -7.481289E-12
    2.073604E-01     6     4   -4.286337E-13  -2.843856E-13
    2.073604E-01     6     5    7.660819E-12  -1.807531E-12
    2.073604E-01     6     6    1.218573E-05   1.375207E-05
    2.050963E-01     1     1    1.063351E-05   3.207377E-05
    2.050963E-01     1     2    9.007074E-13   2.063200E-12
    2.050963E-01     1     3    7.048374E-12  -7.193362E-12
    2.050963E-01     1     4    1.337257E-12   8.688792E-13
    2.050963E-01     1     5    2.619891E-06   3.413582E-06
    2.050963E-01     1     6   -5.226338E-12   5.370837E-12
    2.050963E-01     2     1    1.004358E-11  -2.143699E-12
    2.050963E-01     2     2    2.331832E-04   1.745086E-04
    2.050963E-01     2     3   -4.284922E-11  -3.083078E-11
    2.050963E-01     2     4   -1.322930E-05  -1.667328E-05
    2.050963E-01     2     5    2.135203E-12   2.393939E-11
    2.050963E-01     2     6   -6.250892E-12   7.867961E-12
    2.050963E-01     3     1   -3.907105E-12   8.548981E-12
    2.050963E-01     3     2   -6.336020E-11  -3.073141E-11
    2.050963E-01     3     3    1.132987E-03   2.446822E-05
    2.050963E-01     3     4    6.333958E-12   4.028403E-13
    2.050963E-01     3     5   -2.326517E-11  -9.799961E-13
    2.050963E-01     3     6   -2.558199E-11  -2.886106E-11
    2.050963E-01     4     1   -2.172484E-13  -8.753609E-13
    2.050963E-01     4     2   -4.539249E-06  -5.238993E-06
    2.050963E-01     4     3    5.650404E-12   3.686589E-12
    2.050963E-01     4     4    1.738849E-05   5.653310E-07
    2.050963E-01     4     5    2.025596E-12  -2.246038E-13
    2.050963E-01     4     6    9.213469E-13   3.222358E-12
    2.050963E-01     5     1    1.128088E-06  -3.442415E-07
    2.050963E-01     5     2    1.795420E-11   2.965051E-11
    2.050963E-01     5     3   -1.922724E-13   5.810888E-12
    2.050963E-01     5     4    2.610650E-12   3.873182E-13
    2.050963E-01     5     5    5.213950E-05   1.746286E-06
    2.050963E-01     5     6    3.520459E-12   4.773485E-12
    2.050963E-01     6     1   -1.351169E-12  -1.161756E-12
    2.050963E-01     6     2   -1.114924E-12   7.733901E-12
    2.050963E-01     6     3   -3.146670E-14  -4.483755E-12
    2.050963E-01     6     4   -2.319940E-13  -1.211665E-13
    2.050963E-01     6     5    7.319051E-12  -1.564434E-12
    2.050963E-01     6     6    1.191267E-05   1.318664E-05
    2.028817E-01     1     1    1.054135E-05   3.109746E-05
    2.028817E-01     1     2   -5.152287E-12  -1.543757E-12
    2.028817E-01     1     3    6.043907E-12  -7.063614E-12
    2.028817E-01     1     4    7.118074E-13   6.898220E-13
    2.028817E-01     1     5    2.452971E-06   3.584900E-06
    2.028817E-01     1     6   -4.435665E-12   5.630806E-12
    2.028817E-01     2     1    9.200011E-12  -3.923527E-12
    2.028817E-01     2     2    2.612696E-04   1.742143E-04
    2.028817E-01     2     3   -2.642089E-11  -2.933545E-11
    2.028817E-01     2     4   -1.272173E-05  -1.522294E-05
    2.028817E-01     2     5   -2.478206E-13   2.156185E-11
    2.028817E-01     2     6   -4.311312E-12   1.204987E-11
    2.028817E-01     3     1   -2.683127E-12   7.651517E-12
    2.028817E-01     3     2   -9.553840E-11  -1.408247E-12
    2.028817E-01     3     3    1.123196E-03   1.955544E-05
    2.028817E-01     3     4    5.893291E-12  -3.699279E-13
    2.028817E-01     3     5   -2.238303E-11  -1.323264E-13
    2.028817E-01     3     6   -2.151788E-11  -2.823197E-11
    2.028817E-01     4     1   -1.426598E-13  -9.763286E-13
    2.028817E-01     4     2   -5.590242E-06  -5.888222E-06
    2.028817E-01     4     3    4.469133E-12   4.603571E-12
    2.028817E-01     4     4    1.733390E-05   4.648771E-07
    2.028817E-01     4     5    1.958190E-12  -5.482034E-13
    2.028817E-01     4     6    8.362011E-13   3.411777E-12
    2.028817E-01     5     1    1.199937E-06  -3.820709E-07
    2.028817E-01     5     2    2.029291E-11   3.043591E-11
    2.028817E-01     5     3   -5.217821E-12   5.873968E-12
    2.028817E-01     5     4    2.247508E-12   1.701896E-13
    2.028817E-01     5     5    5.197552E-05   1.753947E-06
    2.028817E-01     5     6    4.470198E-12   3.220927E-12
    2.028817E-01     6     1   -9.449502E-13  -6.861375E-13
    2.028817E-01     6     2    4.496084E-12   1.387874E-11
    2.028817E-01     6     3    2.959490E-12  -1.507800E-12
    2.028817E-01     6     4   -3.669204E-14  -1.270808E-14
    2.028817E-01     6     5    6.673394E-12  -1.239693E-12
    2.028817E-01     6     6    1.319427E-05   1.257346E-05
    2.007138E-01     1     1    1.042908E-05   3.023495E-05
    2.007138E-01     1     2   -1.226086E-11  -5.677482E-12
    2.007138E-01     1     3    4.907895E-12  -7.518263E-12
    2.007138E-01     1     4    1.344301E-13   4.780424E-13
    2.007138E-01     1     5    2.235438E-06   3.646631E-06
    2.007138E-01     1     6   -3.942536E-12   5.756373E-12
    2.007138E-01     2     1    7.687836E-12  -5.710162E-12
    2.007138E-01     2     2    3.166600E-04   1.738055E-04
    2.007138E-01     2     3   -1.128194E-11  -2.866560E-11
    2.007138E-01     2     4   -1.110482E-05  -1.392974E-05
    2.007138E-01     2     5   -1.975231E-12   1.948351E-11
    2.007138E-01     2     6   -1.706792E-12   1.700799E-11
    2.007138E-01     3     1   -5.378968E-13   6.556344E-12
    2.007138E-01     3     2   -1.245571E-10   2.663042E-11
    2.007138E-01     3     3    1.114908E-03   1.210754E-05
    2.007138E-01     3     4    5.553656E-12  -8.667322E-13
    2.007138E-01     3     5   -2.069748E-11   5.474528E-13
    2.007138E-01     3     6   -1.807612E-11  -2.684541E-11
    2.007138E-01     4     1   -6.492493E-14  -1.182853E-12
    2.007138E-01     4     2   -6.702810E-06  -7.375906E-06
    2.007138E-01     4     3    3.730846E-12   4.289364E-12
    2.007138E-01     4     4    1.726776E-05   3.180584E-07
    2.007138E-01     4     5    1.997491E-12  -9.017220E-13
    2.007138E-01     4     6    6.885231E-13   3.324567E-12
    2.007138E-01     5     1    1.269195E-06  -3.934779E-07
    2.007138E-01     5     2    2.267974E-11   2.992838E-11
    2.007138E-01     5     3   -9.526645E-12   5.559987E-12
    2.007138E-01     5     4    1.888043E-12  -9.064142E-14
    2.007138E-01     5     5    5.174854E-05   1.675864E-06
    2.007138E-01     5     6    4.834588E-12   2.165088E-12
    2.007138E-01     6     1   -5.530004E-13  -1.192066E-13
    2.007138E-01     6     2    1.028698E-11   1.885426E-11
    2.007138E-01     6     3    5.964461E-12   2.015580E-12
    2.007138E-01     6     4    1.873303E-13  -3.948016E-14
    2.007138E-01     6     5    5.763014E-12  -7.066150E-13
    2.007138E-01     6     6    1.572346E-05   1.193717E-05
    1.985918E-01     1     1    1.024878E-05   2.935869E-05
    1.985918E-01     1     2   -1.825994E-11  -1.097392E-11
    1.985918E-01     1     3    3.176838E-12  -7.522222E-12
    1.985918E-01     1     4   -3.905084E-13   2.894825E-13
    1.985918E-01     1     5    2.096164E-06   3.581986E-06
    1.985918E-01     1     6   -3.597756E-12   5.700732E-12
    1.985918E-01     2     1    6.255188E-12  -7.512794E-12
    1.985918E-01     2     2    3.864869E-04   1.739817E-04
    1.985918E-01     2     3   -1.991341E-12  -3.096067E-11
    1.985918E-01     2     4   -8.859580E-06  -1.285697E-05
    1.985918E-01     2     5   -2.606859E-12   1.729495E-11
    1.985918E-01     2     6    3.281599E-13   2.132996E-11
    1.985918E-01     3     1    8.191066E-13   6.280806E-12
    1.985918E-01     3     2   -1.431940E-10   4.969219E-11
    1.985918E-01     3     3    1.110070E-03   3.255435E-06
    1.985918E-01     3     4    5.309533E-12  -1.341858E-12
    1.985918E-01     3     5   -1.796537E-11   8.833421E-13
    1.985918E-01     3     6   -1.291396E-11  -2.479694E-11
    1.985918E-01     4     1    2.043836E-13  -1.537965E-12
    1.985918E-01     4     2   -7.505464E-06  -9.503869E-06
    1.985918E-01     4     3    3.406062E-12   3.191234E-12
    1.985918E-01     4     4    1.720804E-05   1.207437E-07
    1.985918E-01     4     5    1.975555E-12  -9.867715E-13
    1.985918E-01     4     6    2.224734E-13   2.883109E-12
    1.985918E-01     5     1    1.339945E-06  -4.007580E-07
    1.985918E-01     5     2    2.590808E-11   2.824073E-11
    1.985918E-01     5     3   -1.226000E-11   4.953441E-12
    1.985918E-01     5     4    1.535942E-12  -1.555089E-13
    1.985918E-01     5     5    5.153727E-05   1.503585E-06
    1.985918E-01     5     6    4.838972E-12   1.298626E-12
    1.985918E-01     6     1   -1.550534E-13   5.884643E-13
    1.985918E-01     6     2    1.521410E-11   2.282375E-11
    1.985918E-01     6     3    8.165446E-12   3.170975E-12
    1.985918E-01     6     4    4.098608E-13  -5.091935E-14
    1.985918E-01     6     5    5.052063E-12   3.683297E-14
    1.985918E-01     6     6    1.906601E-05   1.128590E-05
    1.965147E-01     1     1    1.001428E-05   2.849767E-05
    1.965147E-01     1     2   -2.224971E-11  -1.569644E-11
    1.965147E-01     1     3    9.094982E-13  -7.557323E-12
    1.965147E-01     1     4   -8.863184E-13   1.541004E-13
    1.965147E-01     1     5    1.972535E-06   3.427533E-06
    1.965147E-01     1     6   -3.524233E-12   4.977031E-12
    1.965147E-01     2     1    3.854691E-12  -8.113950E-12
    1.965147E-01     2     2    4.586447E-04   1.712240E-04
    1.965147E-01     2     3    4.621674E-12  -2.944063E-11
    1.965147E-01     2     4   -6.433913E-06  -1.210267E-05
    1.965147E-01     2     5   -2.544469E-12   1.442639E-11
    1.965147E-01     2     6    8.854276E-13   2.621570E-11
    1.965147E-01     3     1    2.987964E-12   5.243803E-12
    1.965147E-01     3     2   -1.498870E-10   6.888747E-11
    1.965147E-01     3     3    1.108930E-03  -6.726172E-06
    1.965147E-01     3     4    5.494648E-12  -1.741678E-12
    1.965147E-01     3     5   -1.352323E-11   7.972000E-13
    1.965147E-01     3     6   -7.262779E-12  -2.314841E-11
    1.965147E-01     4     1    5.815120E-13  -1.793200E-12
    1.965147E-01     4     2   -7.466173E-06  -1.229011E-05
    1.965147E-01     4     3    3.852989E-12   1.445026E-12
    1.965147E-01     4     4    1.716496E-05  -1.016490E-07
    1.965147E-01     4     5    1.986356E-12  -9.976619E-13
    1.965147E-01     4     6   -2.869880E-13   2.464315E-12
    1.965147E-01     5     1    1.415388E-06  -4.036769E-07
    1.965147E-01     5     2    2.857122E-11   2.562892E-11
    1.965147E-01     5     3   -1.159447E-11   3.351236E-12
    1.965147E-01     5     4    1.245483E-12  -1.033520E-13
    1.965147E-01     5     5    5.128658E-05   1.251066E-06
    1.965147E-01     5     6    4.374383E-12   4.970238E-13
    1.965147E-01     6     1    2.211313E-13   1.402713E-12
    1.965147E-01     6     2    1.819891E-11   2.569847E-11
    1.965147E-01     6     3    9.882359E-12   2.827875E-12
    1.965147E-01     6     4    6.251823E-13  -1.429488E-13
    1.965147E-01     6     5    4.386018E-12   5.464905E-13
    1.965147E-01     6     6    2.271309E-05   1.063755E-05
    1.944801E-01     1     1    9.780795E-06   2.757813E-05
    1.944801E-01     1     2   -2.589796E-11  -2.054813E-11
    1.944801E-01     1     3   -1.357144E-12  -7.389598E-12
    1.944801E-01     1     4   -1.272772E-12   1.318986E-14
    1.944801E-01     1     5    1.886141E-06   3.222752E-06
    1.944801E-01     1     6   -3.658088E-12   3.926619E-12
    1.944801E-01     2     1    1.305505E-12  -7.014712E-12
    1.944801E-01     2     2    5.223884E-04   1.649734E-04
    1.944801E-01     2     3    4.628888E-12  -2.521699E-11
    1.944801E-01     2     4   -4.274344E-06  -1.168007E-05
    1.944801E-01     2     5   -3.249111E-12   1.069630E-11
    1.944801E-01     2     6    2.424038E-13   3.118465E-11
    1.944801E-01     3     1    4.900916E-12   5.191628E-12
    1.944801E-01     3     2   -1.464913E-10   8.179532E-11
    1.944801E-01     3     3    1.112576E-03  -1.812849E-05
    1.944801E-01     3     4    6.319418E-12  -1.924391E-12
    1.944801E-01     3     5   -8.167178E-12   6.504775E-13
    1.944801E-01     3     6    1.619070E-13  -2.303985E-11
    1.944801E-01     4     1    9.444417E-13  -2.039564E-12
    1.944801E-01     4     2   -6.816428E-06  -1.527792E-05
    1.944801E-01     4     3    4.551607E-12  -4.069224E-13
    1.944801E-01     4     4    1.714336E-05  -3.318514E-07
    1.944801E-01     4     5    1.969391E-12  -9.225082E-13
    1.944801E-01     4     6   -8.534041E-13   1.825103E-12
    1.944801E-01     5     1    1.495199E-06  -3.935702E-07
    1.944801E-01     5     2    3.021937E-11   2.161700E-11
    1.944801E-01     5     3   -9.088690E-12   1.676797E-12
    1.944801E-01     5     4    9.576741E-13   5.428109E-14
    1.944801E-01     5     5    5.110571E-05   9.244845E-07
    1.944801E-01     5     6    3.703968E-12  -5.347670E-13
    1.944801E-01     6     1    5.682220E-13   2.020413E-12
    1.944801E-01     6     2    1.972193E-11   2.552591E-11
    1.944801E-01     6     3    1.218944E-11   3.372874E-12
    1.944801E-01     6     4    8.766023E-13  -2.718545E-13
    1.944801E-01     6     5    3.726403E-12   8.139714E-13
    1.944801E-01     6     6    2.611321E-05   9.990722E-06
    1.924878E-01     1     1    9.599084E-06   2.661670E-05
    1.924878E-01     1     2   -2.810742E-11  -2.582125E-11
    1.924878E-01     1     3   -3.011813E-12  -6.962601E-12
    1.924878E-01     1     4   -1.541707E-12  -1.295119E-13
    1.924878E-01     1     5    1.777642E-06   2.990039E-06
    1.924878E-01     1     6   -3.937699E-12   2.206262E-12
    1.924878E-01     2     1   -9.693325E-13  -5.221216E-12
    1.924878E-01     2     2    5.673919E-04   1.557523E-04
    1.924878E-01     2     3   -1.043063E-12  -2.063963E-11
    1.924878E-01     2     4   -2.790305E-06  -1.156016E-05
    1.924878E-01     2     5   -3.540434E-12   7.183674E-12
    1.924878E-01     2     6   -1.903250E-12   3.529898E-11
    1.924878E-01     3     1    6.038895E-12   6.854066E-12
    1.924878E-01     3     2   -1.381181E-10   9.333205E-11
    1.924878E-01     3     3    1.123330E-03  -2.976261E-05
    1.924878E-01     3     4    7.191133E-12  -1.945147E-12
    1.924878E-01     3     5   -3.262773E-12   2.312957E-13
    1.924878E-01     3     6    5.687573E-12  -2.384881E-11
    1.924878E-01     4     1    1.445421E-12  -2.193193E-12
    1.924878E-01     4     2   -5.818524E-06  -1.813554E-05
    1.924878E-01     4     3    5.255803E-12  -2.281719E-12
    1.924878E-01     4     4    1.715025E-05  -5.515216E-07
    1.924878E-01     4     5    2.016643E-12  -8.308922E-13
    1.924878E-01     4     6   -1.462781E-12   1.145484E-12
    1.924878E-01     5     1    1.565018E-06  -3.653942E-07
    1.924878E-01     5     2    3.013242E-11   1.829957E-11
    1.924878E-01     5     3   -5.591377E-12   2.173340E-14
    1.924878E-01     5     4    7.824030E-13   2.659108E-13
    1.924878E-01     5     5    5.107062E-05   5.265777E-07
    1.924878E-01     5     6    2.788624E-12  -1.169627E-12
    1.924878E-01     6     1    7.099214E-13   2.501350E-12
    1.924878E-01     6     2    1.896442E-11   2.389616E-11
    1.924878E-01     6     3    1.442433E-11   3.748050E-12
    1.924878E-01     6     4    1.052465E-12  -3.954032E-13
    1.924878E-01     6     5    3.148748E-12   8.271133E-13
    1.924878E-01     6     6    2.879753E-05   9.322292E-06
    1.905352E-01     1     1    9.489546E-06   2.565502E-05
    1.905352E-01     1     2   -2.845901E-11  -2.917231E-11
    1.905352E-01     1     3   -4.578800E-12  -6.333082E-12
    1.905352E-01     1     4   -1.625527E-12  -2.228289E-13
    1.905352E-01     1     5    1.608089E-06   2.772752E-06
    1.905352E-01     1     6   -4.240917E-12   5.790497E-13
    1.905352E-01     2     1   -2.281549E-12  -2.557650E-12
    1.905352E-01     2     2    5.851029E-04   1.447658E-04
    1.905352E-01     2     3   -1.298390E-11  -1.610252E-11
    1.905352E-01     2     4   -2.287708E-06  -1.168104E-05
    1.905352E-01     2     5   -3.917722E-12   4.145201E-12
    1.905352E-01     2     6   -3.543092E-12   3.844621E-11
    1.905352E-01     3     1    6.416933E-12   1.055238E-11
    1.905352E-01     3     2   -1.321196E-10   9.666443E-11
    1.905352E-01     3     3    1.139937E-03  -4.020707E-05
    1.905352E-01     3     4    8.073071E-12  -1.385270E-12
    1.905352E-01     3     5    1.243155E-12   1.102967E-13
    1.905352E-01     3     6    9.653263E-12  -2.382876E-11
    1.905352E-01     4     1    2.043625E-12  -2.291672E-12
    1.905352E-01     4     2   -4.745318E-06  -2.060123E-05
    1.905352E-01     4     3    5.958437E-12  -3.453699E-12
    1.905352E-01     4     4    1.719580E-05  -7.429737E-07
    1.905352E-01     4     5    2.095189E-12  -6.857672E-13
    1.905352E-01     4     6   -2.240289E-12   6.281021E-13
    1.905352E-01     5     1    1.615821E-06  -3.281877E-07
    1.905352E-01     5     2    2.847889E-11   1.650768E-11
    1.905352E-01     5     3   -3.613271E-13  -1.084869E-12
    1.905352E-01     5     4    6.765891E-13   4.873709E-13
    1.905352E-01     5     5    5.121501E-05   6.819582E-08
    1.905352E-01     5     6    1.550697E-12  -1.017782E-12
    1.905352E-01     6     1    9.195601E-13   2.762149E-12
    1.905352E-01     6     2    1.746793E-11   2.222331E-11
    1.905352E-01     6     3    1.768029E-11   4.674002E-12
    1.905352E-01     6     4    1.080974E-12  -4.659619E-13
    1.905352E-01     6     5    2.702137E-12   8.238530E-13
    1.905352E-01     6     6    3.036631E-05   8.674256E-06
    1.886225E-01     1     1    9.429257E-06   2.472714E-05
    1.886225E-01     1     2   -2.678892E-11  -2.977630E-11
    1.886225E-01     1     3   -6.163004E-12  -4.807742E-12
    1.886225E-01     1     4   -1.581608E-12  -2.759833E-13
    1.886225E-01     1     5    1.383993E-06   2.533045E-06
    1.886225E-01     1     6   -4.265622E-12  -7.211959E-13
    1.886225E-01     2     1   -3.158571E-12   2.850005E-13
    1.886225E-01     2     2    5.712566E-04   1.336929E-04
    1.886225E-01     2     3   -2.837320E-11  -1.131014E-11
    1.886225E-01     2     4   -2.819473E-06  -1.190755E-05
    1.886225E-01     2     5   -3.633845E-12   2.074394E-12
    1.886225E-01     2     6   -4.808694E-12   4.026966E-11
    1.886225E-01     3     1    6.209334E-12   1.234897E-11
    1.886225E-01     3     2   -1.245455E-10   9.530813E-11
    1.886225E-01     3     3    1.161161E-03  -4.844914E-05
    1.886225E-01     3     4    8.139273E-12  -3.677297E-13
    1.886225E-01     3     5    7.273052E-12   9.698726E-13
    1.886225E-01     3     6    1.199171E-11  -2.130180E-11
    1.886225E-01     4     1    2.466555E-12  -2.226996E-12
    1.886225E-01     4     2   -3.757931E-06  -2.241319E-05
    1.886225E-01     4     3    6.955843E-12  -4.090202E-12
    1.886225E-01     4     4    1.729435E-05  -8.777079E-07
    1.886225E-01     4     5    2.091023E-12  -5.424572E-13
    1.886225E-01     4     6   -2.879330E-12   1.301849E-13
    1.886225E-01     5     1    1.648901E-06  -3.050413E-07
    1.886225E-01     5     2    2.555616E-11   1.278570E-11
    1.886225E-01     5     3    6.407787E-12  -2.185671E-12
    1.886225E-01     5     4    6.260262E-13   6.877546E-13
    1.886225E-01     5     5    5.157107E-05  -4.033396E-07
    1.886225E-01     5     6    2.680454E-13  -6.565800E-13
    1.886225E-01     6     1    1.178960E-12   2.583455E-12
    1.886225E-01     6     2    1.492524E-11   2.242684E-11
    1.886225E-01     6     3    2.142176E-11   6.097511E-12
    1.886225E-01     6     4    9.093524E-13  -5.340173E-13
    1.886225E-01     6     5    2.495418E-12   8.865319E-13
    1.886225E-01     6     6    3.054950E-05   8.075251E-06
    1.867472E-01     1     1    9.427325E-06   2.380127E-05
    1.867472E-01     1     2   -2.428086E-11  -2.989404E-11
    1.867472E-01     1     3   -7.020382E-12  -3.713220E-12
    1.867472E-01     1     4   -1.468382E-12  -2.755860E-13
    1.867472E-01     1     5    1.144276E-06   2.287202E-06
    1.867472E-01     1     6   -3.892619E-12  -1.849843E-12
    1.867472E-01     2     1   -2.903417E-12   4.121012E-12
    1.867472E-01     2     2    5.265589E-04   1.257909E-04
    1.867472E-01     2     3   -4.133483E-11  -6.732031E-12
    1.867472E-01     2     4   -4.227804E-06  -1.208967E-05
    1.867472E-01     2     5   -3.969699E-12   1.843278E-12
    1.867472E-01     2     6   -6.824544E-12   3.906849E-11
    1.867472E-01     3     1    6.024801E-12   1.450629E-11
    1.867472E-01     3     2   -1.158148E-10   8.818667E-11
    1.867472E-01     3     3    1.185512E-03  -5.363262E-05
    1.867472E-01     3     4    7.591645E-12   9.163278E-13
    1.867472E-01     3     5    1.373853E-11   2.892495E-12
    1.867472E-01     3     6    1.417510E-11  -1.869772E-11
    1.867472E-01     4     1    2.851993E-12  -2.016099E-12
    1.867472E-01     4     2   -3.033414E-06  -2.323441E-05
    1.867472E-01     4     3    7.651568E-12  -4.384562E-12
    1.867472E-01     4     4    1.744455E-05  -9.216301E-07
    1.867472E-01     4     5    2.066741E-12  -3.668717E-13
    1.867472E-01     4     6   -3.522276E-12  -3.381763E-13
    1.867472E-01     5     1    1.686852E-06  -2.877238E-07
    1.867472E-01     5     2    2.300312E-11   9.603261E-12
    1.867472E-01     5     3    1.198967E-11  -2.505332E-12
    1.867472E-01     5     4    7.179852E-13   8.485641E-13
    1.867472E-01     5     5    5.210405E-05  -8.306035E-07
    1.867472E-01     5     6   -9.895536E-13   2.229334E-13
    1.867472E-01     6     1    1.473917E-12   2.038501E-12
    1.867472E-01     6     2    1.092495E-11   2.234261E-11
    1.867472E-01     6     3    2.428902E-11   8.259598E-12
    1.867472E-01     6     4    6.601781E-13  -5.863814E-13
    1.867472E-01     6     5    2.478203E-12   1.004284E-12
    1.867472E-01     6     6    2.925663E-05   7.509532E-06
    1.849094E-01     1     1    9.486509E-06   2.291549E-05
    1.849094E-01     1     2   -1.877005E-11  -2.850778E-11
    1.849094E-01     1     3   -7.254079E-12  -1.735412E-12
    1.849094E-01     1     4   -1.239582E-12  -3.063805E-13
    1.849094E-01     1     5    8.906224E-07   2.033875E-06
    1.849094E-01     1     6   -3.302989E-12  -2.734141E-12
    1.849094E-01     2     1   -2.625894E-12   8.724119E-12
    1.849094E-01     2     2    4.715758E-04   1.218154E-04
    1.849094E-01     2     3   -5.576875E-11  -7.909703E-12
    1.849094E-01     2     4   -5.458311E-06  -1.209247E-05
    1.849094E-01     2     5   -4.506435E-12   1.335086E-12
    1.849094E-01     2     6   -8.671644E-12   3.422223E-11
    1.849094E-01     3     1    5.602235E-12   1.624869E-11
    1.849094E-01     3     2   -1.171894E-10   7.303226E-11
    1.849094E-01     3     3    1.211402E-03  -5.471445E-05
    1.849094E-01     3     4    6.429744E-12   2.512212E-12
    1.849094E-01     3     5    1.886110E-11   5.087461E-12
    1.849094E-01     3     6    1.464967E-11  -1.364318E-11
    1.849094E-01     4     1    3.041017E-12  -1.622491E-12
    1.849094E-01     4     2   -2.526135E-06  -2.269889E-05
    1.849094E-01     4     3    8.260769E-12  -3.730977E-12
    1.849094E-01     4     4    1.764463E-05  -9.158718E-07
    1.849094E-01     4     5    1.890786E-12  -1.126497E-13
    1.849094E-01     4     6   -4.021773E-12  -5.253695E-13
    1.849094E-01     5     1    1.726734E-06  -2.650031E-07
    1.849094E-01     5     2    2.400266E-11   6.068600E-12
    1.849094E-01     5     3    1.703969E-11  -2.418957E-12
    1.849094E-01     5     4    7.866168E-13   1.078298E-12
    1.849094E-01     5     5    5.277002E-05  -1.182743E-06
    1.849094E-01     5     6   -2.303013E-12   1.012607E-12
    1.849094E-01     6     1    1.706917E-12   1.283687E-12
    1.849094E-01     6     2    7.535058E-12   1.841191E-11
    1.849094E-01     6     3    2.470548E-11   9.816526E-12
    1.849094E-01     6     4    3.850062E-13  -6.144630E-13
    1.849094E-01     6     5    2.400270E-12   1.267684E-12
    1.849094E-01     6     6    2.718078E-05   7.038791E-06
    1.831069E-01     1     1    9.576664E-06   2.208354E-05
    1.831069E-01     1     2   -1.178270E-11  -2.372208E-11
    1.831069E-01     1     3   -7.120423E-12   4.322317E-13
    1.831069E-01     1     4   -1.004033E-12  -2.687993E-13
    1.831069E-01     1     5    6.445631E-07   1.753721E-06
    1.831069E-01     1     6   -2.598625E-12  -3.434393E-12
    1.831069E-01     2     1   -2.448334E-12   1.213644E-11
    1.831069E-01     2     2    4.223344E-04   1.200510E-04
    1.831069E-01     2     3   -6.266139E-11  -1.244725E-11
    1.831069E-01     2     4   -6.489607E-06  -1.194961E-05
    1.831069E-01     2     5   -5.558971E-12   2.339626E-12
    1.831069E-01     2     6   -1.065164E-11   2.619207E-11
    1.831069E-01     3     1    4.551080E-12   1.522490E-11
    1.831069E-01     3     2   -1.205426E-10   5.369212E-11
    1.831069E-01     3     3    1.235922E-03  -5.105727E-05
    1.831069E-01     3     4    4.449971E-12   3.947975E-12
    1.831069E-01     3     5    2.184135E-11   6.946247E-12
    1.831069E-01     3     6    1.327188E-11  -7.353378E-12
    1.831069E-01     4     1    3.328056E-12  -1.175219E-12
    1.831069E-01     4     2   -2.128563E-06  -2.065067E-05
    1.831069E-01     4     3    7.483167E-12  -1.950011E-12
    1.831069E-01     4     4    1.792533E-05  -8.653540E-07
    1.831069E-01     4     5    1.653351E-12   2.265285E-13
    1.831069E-01     4     6   -4.245334E-12  -3.267734E-13
    1.831069E-01     5     1    1.756841E-06  -2.367842E-07
    1.831069E-01     5     2    2.551637E-11   2.986671E-12
    1.831069E-01     5     3    1.895065E-11  -2.179405E-12
    1.831069E-01     5     4    6.201968E-13   1.260736E-12
    1.831069E-01     5     5    5.352930E-05  -1.431275E-06
    1.831069E-01     5     6   -3.018164E-12   1.744401E-12
    1.831069E-01     6     1    1.744647E-12   4.514465E-13
    1.831069E-01     6     2    4.625532E-12   1.209295E-11
    1.831069E-01     6     3    2.318504E-11   8.632081E-12
    1.831069E-01     6     4    7.758472E-14  -6.117171E-13
    1.831069E-01     6     5    2.424989E-12   1.682266E-12
    1.831069E-01     6     6    2.473517E-05   6.598278E-06
    1.813397E-01     1     1    9.681687E-06   2.128940E-05
    1.813397E-01     1     2   -5.982971E-12  -1.672612E-11
    1.813397E-01     1     3   -6.244715E-12   2.979104E-12
    1.813397E-01     1     4   -8.573997E-13  -2.235729E-13
    1.813397E-01     1     5    4.554007E-07   1.461714E-06
    1.813397E-01     1     6   -1.693971E-12  -3.889976E-12
    1.813397E-01     2     1    5.311681E-13   1.316287E-11
    1.813397E-01     2     2    3.967886E-04   1.187541E-04
    1.813397E-01     2     3   -6.736676E-11  -1.549358E-11
    1.813397E-01     2     4   -6.760548E-06  -1.170353E-05
    1.813397E-01     2     5   -5.383403E-12   3.993097E-12
    1.813397E-01     2     6   -1.099421E-11   1.746912E-11
    1.813397E-01     3     1    1.309335E-12   1.365163E-11
    1.813397E-01     3     2   -1.148166E-10   3.308915E-11
    1.813397E-01     3     3    1.256421E-03  -4.381384E-05
    1.813397E-01     3     4    2.589626E-12   5.218737E-12
    1.813397E-01     3     5    2.197068E-11   8.369126E-12
    1.813397E-01     3     6    1.142047E-11  -9.728751E-13
    1.813397E-01     4     1    3.585879E-12  -7.192476E-13
    1.813397E-01     4     2   -1.716978E-06  -1.773209E-05
    1.813397E-01     4     3    6.128394E-12  -4.824043E-13
    1.813397E-01     4     4    1.824169E-05  -7.572051E-07
    1.813397E-01     4     5    1.323321E-12   5.015731E-13
    1.813397E-01     4     6   -4.170486E-12   2.226394E-13
    1.813397E-01     5     1    1.777554E-06  -2.141397E-07
    1.813397E-01     5     2    2.661741E-11   4.213680E-13
    1.813397E-01     5     3    1.817545E-11  -1.347380E-12
    1.813397E-01     5     4    4.579080E-13   1.394957E-12
    1.813397E-01     5     5    5.430268E-05  -1.528447E-06
    1.813397E-01     5     6   -3.614373E-12   2.358484E-12
    1.813397E-01     6     1    1.821099E-12  -5.065482E-13
    1.813397E-01     6     2    5.313562E-12   5.297783E-12
    1.813397E-01     6     3    2.096893E-11   7.480900E-12
    1.813397E-01     6     4   -1.395282E-13  -5.402136E-13
    1.813397E-01     6     5    2.272062E-12   1.965580E-12
    1.813397E-01     6     6    2.285270E-05   6.267606E-06
    1.796058E-01     1     1    9.800641E-06   2.053228E-05
    1.796058E-01     1     2   -1.535423E-12  -8.977010E-12
    1.796058E-01     1     3   -5.023515E-12   5.383027E-12
    1.796058E-01     1     4   -7.748705E-13  -3.142537E-13
    1.796058E-01     1     5    3.474008E-07   1.185183E-06
    1.796058E-01     1     6   -6.481997E-13  -4.116141E-12
    1.796058E-01     2     1    2.795742E-12   1.308088E-11
    1.796058E-01     2     2    3.880934E-04   1.188220E-04
    1.796058E-01     2     3   -6.715259E-11  -1.869905E-11
    1.796058E-01     2     4   -6.571372E-06  -1.128742E-05
    1.796058E-01     2     5   -5.710459E-12   5.624427E-12
    1.796058E-01     2     6   -9.532306E-12   8.416641E-12
    1.796058E-01     3     1   -2.314060E-12   9.552140E-12
    1.796058E-01     3     2   -1.087332E-10   2.173135E-11
    1.796058E-01     3     3    1.271593E-03  -3.451848E-05
    1.796058E-01     3     4    6.230553E-13   6.446338E-12
    1.796058E-01     3     5    2.197112E-11   8.882660E-12
    1.796058E-01     3     6    8.987162E-12   5.846560E-12
    1.796058E-01     4     1    3.894741E-12  -1.357483E-13
    1.796058E-01     4     2   -1.446162E-06  -1.438909E-05
    1.796058E-01     4     3    4.441183E-12   1.166570E-12
    1.796058E-01     4     4    1.855863E-05  -6.089421E-07
    1.796058E-01     4     5    1.006954E-12   6.475043E-13
    1.796058E-01     4     6   -3.761917E-12   7.740017E-13
    1.796058E-01     5     1    1.790742E-06  -1.996442E-07
    1.796058E-01     5     2    2.664455E-11  -1.914853E-12
    1.796058E-01     5     3    1.486174E-11  -5.072064E-13
    1.796058E-01     5     4    1.745569E-13   1.452190E-12
    1.796058E-01     5     5    5.499781E-05  -1.489169E-06
    1.796058E-01     5     6   -4.516676E-12   2.443114E-12
    1.796058E-01     6     1    2.030658E-12  -1.547552E-12
    1.796058E-01     6     2    7.246791E-12  -3.837299E-13
    1.796058E-01     6     3    1.786038E-11   6.215036E-12
    1.796058E-01     6     4   -3.070282E-13  -4.286715E-13
    1.796058E-01     6     5    2.056977E-12   2.187877E-12
    1.796058E-01     6     6    2.165231E-05   6.111562E-06
    1.779052E-01     1     1    9.920539E-06   1.981485E-05
    1.779052E-01     1     2    2.653604E-12  -1.719807E-12
    1.779052E-01     1     3   -3.904010E-12   7.328062E-12
    1.779052E-01     1     4   -5.619304E-13  -2.717959E-13
    1.779052E-01     1     5    3.252598E-07   9.490800E-07
    1.779052E-01     1     6    4.504921E-13  -3.924055E-12
    1.779052E-01     2     1    5.103990E-12   1.238194E-11
    1.779052E-01     2     2    3.954802E-04   1.196536E-04
    1.779052E-01     2     3   -6.832525E-11  -2.216942E-11
    1.779052E-01     2     4   -5.731014E-06  -1.072354E-05
    1.779052E-01     2     5   -6.447353E-12   7.216367E-12
    1.779052E-01     2     6   -7.918516E-12   3.494373E-13
    1.779052E-01     3     1   -4.221533E-12   3.202678E-12
    1.779052E-01     3     2   -1.004404E-10   1.925670E-11
    1.779052E-01     3     3    1.281293E-03  -2.461590E-05
    1.779052E-01     3     4   -7.414865E-13   7.533992E-12
    1.779052E-01     3     5    2.155187E-11   8.689805E-12
    1.779052E-01     3     6    6.285176E-12   1.088352E-11
    1.779052E-01     4     1    4.109201E-12   6.524002E-13
    1.779052E-01     4     2   -1.357454E-06  -1.103018E-05
    1.779052E-01     4     3    1.992472E-12   2.367100E-12
    1.779052E-01     4     4    1.884584E-05  -4.389659E-07
    1.779052E-01     4     5    7.640510E-13   7.165610E-13
    1.779052E-01     4     6   -3.234801E-12   1.368571E-12
    1.779052E-01     5     1    1.797063E-06  -1.986131E-07
    1.779052E-01     5     2    2.577166E-11  -2.589913E-12
    1.779052E-01     5     3    9.790874E-12  -2.739557E-13
    1.779052E-01     5     4   -1.255500E-13   1.455887E-12
    1.779052E-01     5     5    5.555488E-05  -1.344009E-06
    1.779052E-01     5     6   -5.541244E-12   2.188928E-12
    1.779052E-01     6     1    1.747955E-12  -2.124950E-12
    1.779052E-01     6     2    9.515922E-12  -4.590515E-12
    1.779052E-01     6     3    1.418699E-11   4.522977E-12
    1.779052E-01     6     4   -4.555628E-13  -2.881576E-13
    1.779052E-01     6     5    1.600104E-12   2.348000E-12
    1.779052E-01     6     6    2.106181E-05   6.015347E-06
    1.762361E-01     1     1    1.003098E-05   1.912926E-05
    1.762361E-01     1     2    5.644781E-12   5.641626E-12
    1.762361E-01     1     3   -2.436130E-12   8.205010E-12
    1.762361E-01     1     4   -2.872598E-13  -1.773228E-13
    1.762361E-01     1     5    3.626496E-07   7.648907E-07
    1.762361E-01     1     6    1.243626E-12  -3.406099E-12
    1.762361E-01     2     1    6.310011E-12   1.039258E-11
    1.762361E-01     2     2    4.159351E-04   1.207692E-04
    1.762361E-01     2     3   -6.773345E-11  -2.489174E-11
    1.762361E-01     2     4   -4.432993E-06  -1.004120E-05
    1.762361E-01     2     5   -7.514172E-12   9.065506E-12
    1.762361E-01     2     6   -5.809899E-12  -6.306028E-12
    1.762361E-01     3     1   -4.856409E-12  -3.677713E-12
    1.762361E-01     3     2   -9.421430E-11   1.745607E-11
    1.762361E-01     3     3    1.285696E-03  -1.511831E-05
    1.762361E-01     3     4   -1.380342E-12   8.562472E-12
    1.762361E-01     3     5    2.045397E-11   7.667799E-12
    1.762361E-01     3     6    5.487674E-12   1.631009E-11
    1.762361E-01     4     1    4.212768E-12   1.274749E-12
    1.762361E-01     4     2   -1.471823E-06  -8.009614E-06
    1.762361E-01     4     3   -1.742125E-13   3.147668E-12
    1.762361E-01     4     4    1.908390E-05  -2.702949E-07
    1.762361E-01     4     5    6.411844E-13   8.138285E-13
    1.762361E-01     4     6   -2.587711E-12   1.756969E-12
    1.762361E-01     5     1    1.805062E-06  -2.122664E-07
    1.762361E-01     5     2    2.506429E-11  -2.204821E-12
    1.762361E-01     5     3    3.239590E-12  -6.413132E-13
    1.762361E-01     5     4   -5.340097E-13   1.413634E-12
    1.762361E-01     5     5    5.592432E-05  -1.134899E-06
    1.762361E-01     5     6   -6.152682E-12   2.214722E-12
    1.762361E-01     6     1    1.590775E-12  -2.420414E-12
    1.762361E-01     6     2    1.185585E-11  -6.296104E-12
    1.762361E-01     6     3    9.948439E-12   2.580096E-12
    1.762361E-01     6     4   -6.835573E-13  -1.738661E-13
    1.762361E-01     6     5    1.144278E-12   2.577286E-12
    1.762361E-01     6     6    2.106504E-05   5.957416E-06
    1.745979E-01     1     1    1.012933E-05   1.846837E-05
    1.745979E-01     1     2    8.444618E-12   1.229461E-11
    1.745979E-01     1     3   -1.185821E-12   7.398173E-12
    1.745979E-01     1     4    1.182074E-13  -7.170844E-14
    1.745979E-01     1     5    4.516610E-07   6.237055E-07
    1.745979E-01     1     6    1.847404E-12  -2.679569E-12
    1.745979E-01     2     1    6.834121E-12   7.061565E-12
    1.745979E-01     2     2    4.451551E-04   1.220385E-04
    1.745979E-01     2     3   -6.771594E-11  -2.310888E-11
    1.745979E-01     2     4   -2.900109E-06  -9.297305E-06
    1.745979E-01     2     5   -8.128526E-12   1.083105E-11
    1.745979E-01     2     6   -3.789581E-12  -1.162822E-11
    1.745979E-01     3     1   -4.940696E-12  -9.473902E-12
    1.745979E-01     3     2   -8.646529E-11   2.130957E-11
    1.745979E-01     3     3    1.285313E-03  -6.548002E-06
    1.745979E-01     3     4   -1.767514E-12   9.060403E-12
    1.745979E-01     3     5    1.812129E-11   6.119529E-12
    1.745979E-01     3     6    5.674892E-12   2.119505E-11
    1.745979E-01     4     1    4.048595E-12   1.603250E-12
    1.745979E-01     4     2   -1.701435E-06  -5.557095E-06
    1.745979E-01     4     3   -1.785518E-12   3.179730E-12
    1.745979E-01     4     4    1.926619E-05  -1.217043E-07
    1.745979E-01     4     5    6.090550E-13   8.481108E-13
    1.745979E-01     4     6   -1.955559E-12   1.807214E-12
    1.745979E-01     5     1    1.816165E-06  -2.379104E-07
    1.745979E-01     5     2    2.319721E-11  -1.105038E-12
    1.745979E-01     5     3   -3.149343E-12  -6.758852E-13
    1.745979E-01     5     4   -1.000827E-12   1.258287E-12
    1.745979E-01     5     5    5.610368E-05  -8.884976E-07
    1.745979E-01     5     6   -6.388648E-12   2.402549E-12
    1.745979E-01     6     1    1.414070E-12  -2.566145E-12
    1.745979E-01     6     2    1.425272E-11  -5.901113E-12
    1.745979E-01     6     3    4.774747E-12   3.091766E-13
    1.745979E-01     6     4   -8.974865E-13  -1.323035E-13
    1.745979E-01     6     5    7.757785E-13   2.817683E-12
    1.745979E-01     6     6    2.149905E-05   5.938974E-06
    1.729904E-01     1     1    1.021899E-05   1.782160E-05
    1.729904E-01     1     2    1.238561E-11   1.647794E-11
    1.729904E-01     1     3    1.735790E-13   5.036073E-12
    1.729904E-01     1     4    6.390428E-13   2.376157E-14
    1.729904E-01     1     5    5.897244E-07   5.218718E-07
    1.729904E-01     1     6    2.350976E-12  -1.954405E-12
    1.729904E-01     2     1    6.445955E-12   3.297935E-12
    1.729904E-01     2     2    4.775447E-04   1.229384E-04
    1.729904E-01     2     3   -6.659818E-11  -1.763981E-11
    1.729904E-01     2     4   -1.369241E-06  -8.566397E-06
    1.729904E-01     2     5   -9.115547E-12   1.189554E-11
    1.729904E-01     2     6   -2.205324E-12  -1.563081E-11
    1.729904E-01     3     1   -5.179492E-12  -1.332529E-11
    1.729904E-01     3     2   -7.898645E-11   2.725449E-11
    1.729904E-01     3     3    1.280985E-03   5.694022E-07
    1.729904E-01     3     4   -1.972395E-12   8.956980E-12
    1.729904E-01     3     5    1.476149E-11   4.056481E-12
    1.729904E-01     3     6    6.844124E-12   2.426703E-11
    1.729904E-01     4     1    3.727709E-12   1.685103E-12
    1.729904E-01     4     2   -1.772951E-06  -3.729410E-06
    1.729904E-01     4     3   -3.233078E-12   2.650087E-12
    1.729904E-01     4     4    1.939562E-05  -4.179592E-09
    1.729904E-01     4     5    4.241045E-13   9.184288E-13
    1.729904E-01     4     6   -1.497738E-12   1.566095E-12
    1.729904E-01     5     1    1.833601E-06  -2.731458E-07
    1.729904E-01     5     2    1.881243E-11   3.911999E-13
    1.729904E-01     5     3   -7.417121E-12  -5.829875E-13
    1.729904E-01     5     4   -1.504092E-12   1.106134E-12
    1.729904E-01     5     5    5.610202E-05  -6.187136E-07
    1.729904E-01     5     6   -6.119346E-12   2.278558E-12
    1.729904E-01     6     1    1.219648E-12  -2.596586E-12
    1.729904E-01     6     2    1.614053E-11  -4.497144E-12
    1.729904E-01     6     3   -6.352401E-13  -2.224794E-12
    1.729904E-01     6     4   -1.049159E-12  -1.328753E-13
    1.729904E-01     6     5    6.449212E-13   2.974361E-12
    1.729904E-01     6     6    2.214544E-05   5.941482E-06
    1.714118E-01     1     1    1.031348E-05   1.718409E-05
    1.714118E-01     1     2    1.721759E-11   1.839569E-11
    1.714118E-01     1     3    1.344137E-12   4.200296E-13
    1.714118E-01     1     4    1.240616E-12   6.238632E-14
    1.714118E-01     1     5    7.761701E-07   4.708397E-07
    1.714118E-01     1     6    2.691671E-12  -1.412186E-12
    1.714118E-01     2     1    4.571032E-12  -6.703539E-14
    1.714118E-01     2     2    5.086699E-04   1.218903E-04
    1.714118E-01     2     3   -6.588138E-11  -6.409742E-12
    1.714118E-01     2     4   -2.643002E-08  -7.921452E-06
    1.714118E-01     2     5   -1.072550E-11   1.155900E-11
    1.714118E-01     2     6   -6.083918E-13  -1.714520E-11
    1.714118E-01     3     1   -4.415838E-12  -1.547899E-11
    1.714118E-01     3     2   -7.084644E-11   3.594040E-11
    1.714118E-01     3     3    1.274940E-03   5.718259E-06
    1.714118E-01     3     4   -2.143102E-12   8.369080E-12
    1.714118E-01     3     5    1.123215E-11   1.640800E-12
    1.714118E-01     3     6    6.395050E-12   2.465414E-11
    1.714118E-01     4     1    3.144823E-12   1.610914E-12
    1.714118E-01     4     2   -1.601786E-06  -2.614723E-06
    1.714118E-01     4     3   -4.255636E-12   1.609585E-12
    1.714118E-01     4     4    1.947220E-05   8.302187E-08
    1.714118E-01     4     5    8.013047E-14   8.503004E-13
    1.714118E-01     4     6   -9.374810E-13   1.078755E-12
    1.714118E-01     5     1    1.854444E-06  -3.093887E-07
    1.714118E-01     5     2    1.107445E-11   1.912237E-12
    1.714118E-01     5     3   -1.056016E-11  -5.588774E-13
    1.714118E-01     5     4   -2.071889E-12   9.678330E-13
    1.714118E-01     5     5    5.596973E-05  -3.476802E-07
    1.714118E-01     5     6   -5.626971E-12   1.763235E-12
    1.714118E-01     6     1    1.023929E-12  -2.642375E-12
    1.714118E-01     6     2    1.759304E-11  -2.287022E-12
    1.714118E-01     6     3   -5.935025E-12  -4.236533E-12
    1.714118E-01     6     4   -1.102949E-12  -2.029246E-13
    1.714118E-01     6     5    5.969247E-13   2.920383E-12
    1.714118E-01     6     6    2.276834E-05   5.944484E-06
    1.698622E-01     1     1    1.042790E-05   1.655022E-05
    1.698622E-01     1     2    2.240445E-11   1.762594E-11
    1.698622E-01     1     3    2.384107E-12  -5.886623E-12
    1.698622E-01     1     4    1.907031E-12  -2.192972E-14
    1.698622E-01     1     5    9.825478E-07   4.506642E-07
    1.698622E-01     1     6    3.012432E-12  -1.010051E-12
    1.698622E-01     2     1    2.100548E-12  -2.657082E-12
    1.698622E-01     2     2    5.341231E-04   1.193495E-04
    1.698622E-01     2     3   -6.591860E-11   7.056490E-12
    1.698622E-01     2     4    9.506297E-07  -7.390116E-06
    1.698622E-01     2     5   -1.287023E-11   1.010957E-11
    1.698622E-01     2     6    5.943247E-14  -1.650722E-11
    1.698622E-01     3     1   -4.421265E-12  -1.435482E-11
    1.698622E-01     3     2   -6.316948E-11   4.416511E-11
    1.698622E-01     3     3    1.269010E-03   8.651336E-06
    1.698622E-01     3     4   -2.537109E-12   7.307594E-12
    1.698622E-01     3     5    6.975118E-12  -9.413500E-13
    1.698622E-01     3     6    5.221055E-12   2.201109E-11
    1.698622E-01     4     1    2.370554E-12   1.301549E-12
    1.698622E-01     4     2   -1.432624E-06  -2.061168E-06
    1.698622E-01     4     3   -4.950041E-12   4.040277E-13
    1.698622E-01     4     4    1.950121E-05   1.366216E-07
    1.698622E-01     4     5   -5.017684E-13   7.095538E-13
    1.698622E-01     4     6   -5.619528E-13   2.173063E-13
    1.698622E-01     5     1    1.877112E-06  -3.410614E-07
    1.698622E-01     5     2   -4.316608E-13   3.070783E-12
    1.698622E-01     5     3   -1.171660E-11  -1.715647E-13
    1.698622E-01     5     4   -2.703576E-12   8.376325E-13
    1.698622E-01     5     5    5.580774E-05  -9.583287E-08
    1.698622E-01     5     6   -5.003676E-12   7.411639E-13
    1.698622E-01     6     1    7.715734E-13  -2.826535E-12
    1.698622E-01     6     2    1.885334E-11   3.366560E-13
    1.698622E-01     6     3   -1.019383E-11  -4.837376E-12
    1.698622E-01     6     4   -1.063467E-12  -3.460794E-13
    1.698622E-01     6     5    6.944192E-13   2.766099E-12
    1.698622E-01     6     6    2.314309E-05   5.919456E-06
    1.683399E-01     1     1    1.055277E-05   1.592443E-05
    1.683399E-01     1     2    2.443543E-11   1.474221E-11
    1.683399E-01     1     3    3.323443E-12  -1.334506E-11
    1.683399E-01     1     4    2.178205E-12  -1.820680E-13
    1.683399E-01     1     5    1.182505E-06   4.617525E-07
    1.683399E-01     1     6    3.312042E-12  -8.091126E-13
    1.683399E-01     2     1   -1.337083E-12  -4.729901E-12
    1.683399E-01     2     2    5.493637E-04   1.155518E-04
    1.683399E-01     2     3   -6.668363E-11   2.091890E-11
    1.683399E-01     2     4    1.425570E-06  -6.964963E-06
    1.683399E-01     2     5   -1.545076E-11   7.708582E-12
    1.683399E-01     2     6    9.735199E-14  -1.429415E-11
    1.683399E-01     3     1   -5.004366E-12  -1.020079E-11
    1.683399E-01     3     2   -5.739573E-11   5.341140E-11
    1.683399E-01     3     3    1.264879E-03   9.909560E-06
    1.683399E-01     3     4   -3.520044E-12   5.917111E-12
    1.683399E-01     3     5    2.264733E-12  -3.472564E-12
    1.683399E-01     3     6    1.704893E-12   1.771277E-11
    1.683399E-01     4     1    1.577956E-12   9.033543E-13
    1.683399E-01     4     2   -1.330264E-06  -2.005363E-06
    1.683399E-01     4     3   -4.826777E-12  -1.018297E-12
    1.683399E-01     4     4    1.949444E-05   1.604385E-07
    1.683399E-01     4     5   -1.237171E-12   4.908838E-13
    1.683399E-01     4     6   -4.174569E-13  -8.256784E-13
    1.683399E-01     5     1    1.898633E-06  -3.654499E-07
    1.683399E-01     5     2   -1.528878E-11   4.370234E-12
    1.683399E-01     5     3   -1.091439E-11   3.610939E-13
    1.683399E-01     5     4   -2.875402E-12   7.052265E-13
    1.683399E-01     5     5    5.565751E-05   1.127731E-07
    1.683399E-01     5     6   -4.123892E-12  -2.706459E-13
    1.683399E-01     6     1    4.207476E-13  -3.074440E-12
    1.683399E-01     6     2    1.923459E-11   4.017025E-12
    1.683399E-01     6     3   -1.370365E-11  -4.598045E-12
    1.683399E-01     6     4   -9.984441E-13  -5.200942E-13
    1.683399E-01     6     5    9.232161E-13   2.664744E-12
    1.683399E-01     6     6    2.309819E-05   5.844175E-06
    1.668451E-01     1     1    1.068137E-05   1.530220E-05
    1.668451E-01     1     2    2.631503E-11   1.528419E-11
    1.668451E-01     1     3    4.158667E-12  -1.745916E-11
    1.668451E-01     1     4    2.441293E-12  -3.450790E-14
    1.668451E-01     1     5    1.369961E-06   5.056086E-07
    1.668451E-01     1     6    3.656295E-12  -5.557595E-13
    1.668451E-01     2     1   -5.318928E-12  -5.647254E-12
    1.668451E-01     2     2    5.507971E-04   1.107575E-04
    1.668451E-01     2     3   -6.956123E-11   2.712256E-11
    1.668451E-01     2     4    1.321633E-06  -6.658306E-06
    1.668451E-01     2     5   -1.708732E-11   4.647430E-12
    1.668451E-01     2     6    9.336177E-14  -1.112416E-11
    1.668451E-01     3     1   -4.501407E-12  -4.026483E-12
    1.668451E-01     3     2   -5.115508E-11   5.914446E-11
    1.668451E-01     3     3    1.262544E-03   9.767754E-06
    1.668451E-01     3     4   -5.113085E-12   4.490322E-12
    1.668451E-01     3     5   -1.771271E-12  -4.844849E-12
    1.668451E-01     3     6   -2.783622E-12   1.235508E-11
    1.668451E-01     4     1    7.082897E-13   4.372299E-13
    1.668451E-01     4     2   -1.346931E-06  -2.246572E-06
    1.668451E-01     4     3   -4.523504E-12  -1.697654E-12
    1.668451E-01     4     4    1.949043E-05   1.628428E-07
    1.668451E-01     4     5   -1.547108E-12   2.438343E-13
    1.668451E-01     4     6   -4.591601E-13  -1.577601E-12
    1.668451E-01     5     1    1.920856E-06  -3.856725E-07
    1.668451E-01     5     2   -3.162301E-11   5.564717E-12
    1.668451E-01     5     3   -7.415123E-12   1.312615E-12
    1.668451E-01     5     4   -3.024384E-12   5.992465E-13
    1.668451E-01     5     5    5.555627E-05   2.705578E-07
    1.668451E-01     5     6   -3.399725E-12  -1.286747E-12
    1.668451E-01     6     1    1.255544E-13  -2.673277E-12
    1.668451E-01     6     2    1.888510E-11   7.231602E-12
    1.668451E-01     6     3   -1.432561E-11  -3.103971E-12
    1.668451E-01     6     4   -9.319395E-13  -3.989931E-13
    1.668451E-01     6     5    1.109250E-12   2.600342E-12
    1.668451E-01     6     6    2.249148E-05   5.724148E-06
    1.653761E-01     1     1    1.080380E-05   1.467168E-05
    1.653761E-01     1     2    2.887888E-11   1.307046E-11
    1.653761E-01     1     3    4.921507E-12  -2.335079E-11
    1.653761E-01     1     4    2.700049E-12  -3.884049E-14
    1.653761E-01     1     5    1.532100E-06   5.627742E-07
    1.653761E-01     1     6    3.954068E-12  -3.173092E-13
    1.653761E-01     2     1   -9.922192E-12  -5.177213E-12
    1.653761E-01     2     2    5.320042E-04   1.051558E-04
    1.653761E-01     2     3   -6.831775E-11   3.501161E-11
    1.653761E-01     2     4    5.718902E-07  -6.458590E-06
    1.653761E-01     2     5   -1.929506E-11   1.598703E-12
    1.653761E-01     2     6   -7.558389E-13  -7.615645E-12
    1.653761E-01     3     1   -4.055509E-12   2.796970E-12
    1.653761E-01     3     2   -4.450891E-11   5.781800E-11
    1.653761E-01     3     3    1.262937E-03   8.666896E-06
    1.653761E-01     3     4   -7.175105E-12   3.151494E-12
    1.653761E-01     3     5   -4.483970E-12  -5.663302E-12
    1.653761E-01     3     6   -6.870170E-12   6.375754E-12
    1.653761E-01     4     1   -2.879231E-13  -1.018795E-13
    1.653761E-01     4     2   -1.555928E-06  -2.707482E-06
    1.653761E-01     4     3   -3.546749E-12  -2.511165E-12
    1.653761E-01     4     4    1.945712E-05   1.562203E-07
    1.653761E-01     4     5   -2.161813E-12   2.743089E-14
    1.653761E-01     4     6   -6.921032E-13  -2.554295E-12
    1.653761E-01     5     1    1.955815E-06  -4.032641E-07
    1.653761E-01     5     2   -4.657276E-11   5.892053E-12
    1.653761E-01     5     3   -2.032752E-12   2.345895E-12
    1.653761E-01     5     4   -3.066804E-12   5.269943E-13
    1.653761E-01     5     5    5.552491E-05   3.708766E-07
    1.653761E-01     5     6   -2.511278E-12  -2.109898E-12
    1.653761E-01     6     1   -1.321114E-13  -2.686492E-12
    1.653761E-01     6     2    1.711767E-11   1.081764E-11
    1.653761E-01     6     3   -1.511804E-11  -8.215574E-13
    1.653761E-01     6     4   -9.005224E-13  -4.261570E-13
    1.653761E-01     6     5    1.461017E-12   2.580683E-12
    1.653761E-01     6     6    2.106460E-05   5.540060E-06
    1.639333E-01     1     1    1.091311E-05   1.402163E-05
    1.639333E-01     1     2    3.064161E-11   1.135038E-11
    1.639333E-01     1     3    5.652010E-12  -2.785765E-11
    1.639333E-01     1     4    2.860023E-12  -1.185494E-14
    1.639333E-01     1     5    1.681413E-06   6.336413E-07
    1.639333E-01     1     6    4.168999E-12  -1.308438E-13
    1.639333E-01     2     1   -1.410472E-11  -4.391969E-12
    1.639333E-01     2     2    5.052188E-04   9.909172E-05
    1.639333E-01     2     3   -6.694573E-11   4.013393E-11
    1.639333E-01     2     4   -5.127857E-07  -6.321763E-06
    1.639333E-01     2     5   -2.107924E-11  -1.061764E-12
    1.639333E-01     2     6   -2.177583E-12  -3.645780E-12
    1.639333E-01     3     1   -3.526819E-12   8.573655E-12
    1.639333E-01     3     2   -3.789634E-11   5.260382E-11
    1.639333E-01     3     3    1.265064E-03   7.301591E-06
    1.639333E-01     3     4   -9.143327E-12   2.015732E-12
    1.639333E-01     3     5   -6.516320E-12  -6.093785E-12
    1.639333E-01     3     6   -1.014402E-11  -1.249376E-13
    1.639333E-01     4     1   -1.100657E-12  -6.050180E-13
    1.639333E-01     4     2   -1.840554E-06  -3.180333E-06
    1.639333E-01     4     3   -2.529382E-12  -3.083035E-12
    1.639333E-01     4     4    1.942332E-05   1.449774E-07
    1.639333E-01     4     5   -2.653094E-12  -1.842956E-13
    1.639333E-01     4     6   -9.988497E-13  -3.347469E-12
    1.639333E-01     5     1    1.998091E-06  -4.153615E-07
    1.639333E-01     5     2   -5.737120E-11   6.067485E-12
    1.639333E-01     5     3    3.085398E-12   3.311942E-12
    1.639333E-01     5     4   -3.024489E-12   4.773152E-13
    1.639333E-01     5     5    5.556082E-05   4.371831E-07
    1.639333E-01     5     6   -1.699489E-12  -2.693798E-12
    1.639333E-01     6     1   -3.739194E-13  -2.621003E-12
    1.639333E-01     6     2    1.461707E-11   1.365493E-11
    1.639333E-01     6     3   -1.531682E-11   1.424368E-12
    1.639333E-01     6     4   -8.790601E-13  -4.121863E-13
    1.639333E-01     6     5    1.779402E-12   2.572063E-12
    1.639333E-01     6     6    1.950257E-05   5.299320E-06
    1.625149E-01     1     1    1.100337E-05   1.334424E-05
    1.625149E-01     1     2    3.138096E-11   1.062440E-11
    1.625149E-01     1     3    6.368731E-12  -3.036656E-11
    1.625149E-01     1     4    2.905034E-12   5.952470E-14
    1.625149E-01     1     5    1.814560E-06   7.142207E-07
    1.625149E-01     1     6    4.278566E-12  -1.155323E-15
    1.625149E-01     2     1   -1.744242E-11  -3.522189E-12
    1.625149E-01     2     2    4.722604E-04   9.274727E-05
    1.625149E-01     2     3   -6.577918E-11   4.175698E-11
    1.625149E-01     2     4   -1.869218E-06  -6.235595E-06
    1.625149E-01     2     5   -2.222532E-11  -3.014632E-12
    1.625149E-01     2     6   -4.198385E-12   5.997321E-13
    1.625149E-01     3     1   -2.942778E-12   1.233496E-11
    1.625149E-01     3     2   -3.132877E-11   4.325548E-11
    1.625149E-01     3     3    1.269078E-03   6.025755E-06
    1.625149E-01     3     4   -1.081081E-11   1.203100E-12
    1.625149E-01     3     5   -7.760005E-12  -6.155879E-12
    1.625149E-01     3     6   -1.204740E-11  -6.875368E-12
    1.625149E-01     4     1   -1.614663E-12  -1.023843E-12
    1.625149E-01     4     2   -2.189626E-06  -3.552198E-06
    1.625149E-01     4     3   -1.640580E-12  -3.340996E-12
    1.625149E-01     4     4    1.939848E-05   1.341069E-07
    1.625149E-01     4     5   -2.947915E-12  -3.817589E-13
    1.625149E-01     4     6   -1.345164E-12  -3.858628E-12
    1.625149E-01     5     1    2.048494E-06  -4.211107E-07
    1.625149E-01     5     2   -6.202137E-11   6.151229E-12
    1.625149E-01     5     3    7.089406E-12   4.113118E-12
    1.625149E-01     5     4   -2.907610E-12   4.508625E-13
    1.625149E-01     5     5    5.568212E-05   4.708572E-07
    1.625149E-01     5     6   -1.038923E-12  -2.945284E-12
    1.625149E-01     6     1   -5.938533E-13  -2.447093E-12
    1.625149E-01     6     2    1.144048E-11   1.537521E-11
    1.625149E-01     6     3   -1.500141E-11   3.315194E-12
    1.625149E-01     6     4   -8.752215E-13  -3.436992E-13
    1.625149E-01     6     5    2.014557E-12   2.573670E-12
    1.625149E-01     6     6    1.795764E-05   4.996580E-06
    1.611214E-01     1     1    1.106867E-05   1.263212E-05
    1.611214E-01     1     2    3.087470E-11   1.137590E-11
    1.611214E-01     1     3    7.090225E-12  -3.028565E-11
    1.611214E-01     1     4    2.818903E-12   1.879259E-13
    1.611214E-01     1     5    1.928203E-06   8.006664E-07
    1.611214E-01     1     6    4.260246E-12   6.712709E-14
    1.611214E-01     2     1   -1.951124E-11  -2.790671E-12
    1.611214E-01     2     2    4.349485E-04   8.629916E-05
    1.611214E-01     2     3   -6.515210E-11   3.917376E-11
    1.611214E-01     2     4   -3.434229E-06  -6.188342E-06
    1.611214E-01     2     5   -2.251873E-11  -3.951527E-12
    1.611214E-01     2     6   -6.844759E-12   4.941522E-12
    1.611214E-01     3     1   -2.330827E-12   1.314557E-11
    1.611214E-01     3     2   -2.481762E-11   2.953553E-11
    1.611214E-01     3     3    1.275131E-03   5.181239E-06
    1.611214E-01     3     4   -1.197060E-11   8.295669E-13
    1.611214E-01     3     5   -8.106706E-12  -5.868558E-12
    1.611214E-01     3     6   -1.202251E-11  -1.361324E-11
    1.611214E-01     4     1   -1.714693E-12  -1.311677E-12
    1.611214E-01     4     2   -2.591958E-06  -3.714054E-06
    1.611214E-01     4     3   -1.049515E-12  -3.215292E-12
    1.611214E-01     4     4    1.939204E-05   1.284319E-07
    1.611214E-01     4     5   -2.973245E-12  -5.557036E-13
    1.611214E-01     4     6   -1.696809E-12  -3.992685E-12
    1.611214E-01     5     1    2.107836E-06  -4.196910E-07
    1.611214E-01     5     2   -5.852630E-11   6.201498E-12
    1.611214E-01     5     3    9.129348E-12   4.655169E-12
    1.611214E-01     5     4   -2.726334E-12   4.482717E-13
    1.611214E-01     5     5    5.590693E-05   4.732356E-07
    1.611214E-01     5     6   -6.041419E-13  -2.774419E-12
    1.611214E-01     6     1   -7.858968E-13  -2.136090E-12
    1.611214E-01     6     2    7.645095E-12   1.562295E-11
    1.611214E-01     6     3   -1.425131E-11   4.543251E-12
    1.611214E-01     6     4   -8.966752E-13  -2.077766E-13
    1.611214E-01     6     5    2.116640E-12   2.584748E-12
    1.611214E-01     6     6    1.658208E-05   4.626727E-06
    1.597511E-01     1     1    1.110306E-05   1.187803E-05
    1.597511E-01     1     2    2.890055E-11   1.407170E-11
    1.597511E-01     1     3    7.835046E-12  -2.704290E-11
    1.597511E-01     1     4    2.585451E-12   3.855457E-13
    1.597511E-01     1     5    2.019002E-06   8.892560E-07
    1.597511E-01     1     6    4.091518E-12   6.953199E-14
    1.597511E-01     2     1   -1.988709E-11  -2.412601E-12
    1.597511E-01     2     2    3.951028E-04   7.991714E-05
    1.597511E-01     2     3   -6.539848E-11   3.170091E-11
    1.597511E-01     2     4   -5.144643E-06  -6.168594E-06
    1.597511E-01     2     5   -2.174494E-11  -3.574537E-12
    1.597511E-01     2     6   -1.014322E-11   9.206316E-12
    1.597511E-01     3     1   -1.718408E-12   1.010189E-11
    1.597511E-01     3     2   -1.837430E-11   1.121416E-11
    1.597511E-01     3     3    1.283373E-03   5.098205E-06
    1.597511E-01     3     4   -1.241575E-11   1.007141E-12
    1.597511E-01     3     5   -7.448107E-12  -5.250087E-12
    1.597511E-01     3     6   -9.511578E-12  -2.008510E-11
    1.597511E-01     4     1   -1.285499E-12  -1.423420E-12
    1.597511E-01     4     2   -3.036370E-06  -3.560553E-06
    1.597511E-01     4     3   -9.253621E-13  -2.638505E-12
    1.597511E-01     4     4    1.941346E-05   1.326101E-07
    1.597511E-01     4     5   -2.656049E-12  -6.971849E-13
    1.597511E-01     4     6   -2.019551E-12  -3.657752E-12
    1.597511E-01     5     1    2.176927E-06  -4.103054E-07
    1.597511E-01     5     2   -4.488902E-11   6.274462E-12
    1.597511E-01     5     3    8.355304E-12   4.847005E-12
    1.597511E-01     5     4   -2.490830E-12   4.701524E-13
    1.597511E-01     5     5    5.625336E-05   4.456051E-07
    1.597511E-01     5     6   -4.697105E-13  -2.094294E-12
    1.597511E-01     6     1   -9.440337E-13  -1.660273E-12
    1.597511E-01     6     2    3.288086E-12   1.405458E-11
    1.597511E-01     6     3   -1.314600E-11   4.811306E-12
    1.597511E-01     6     4   -9.510900E-13   8.064066E-15
    1.597511E-01     6     5    2.035803E-12   2.604540E-12
    1.597511E-01     6     6    1.552816E-05   4.184774E-06
    1.584043E-01     1     1    1.110062E-05   1.107505E-05
    1.584043E-01     1     2    2.523629E-11   1.916302E-11
    1.584043E-01     1     3    8.621750E-12  -2.008586E-11
    1.584043E-01     1     4    2.188497E-12   6.641721E-13
    1.584043E-01     1     5    2.083616E-06   9.764008E-07
    1.584043E-01     1     6    3.749858E-12   1.739091E-15
    1.584043E-01     2     1   -1.814589E-11  -2.595936E-12
    1.584043E-01     2     2    3.545428E-04   7.376611E-05
    1.584043E-01     2     3   -6.685232E-11   1.867851E-11
    1.584043E-01     2     4   -6.937282E-06  -6.165389E-06
    1.584043E-01     2     5   -1.968939E-11  -1.595830E-12
    1.584043E-01     2     6   -1.412028E-11   1.322673E-11
    1.584043E-01     3     1   -1.132963E-12   2.330893E-12
    1.584043E-01     3     2   -1.201021E-11  -1.193041E-11
    1.584043E-01     3     3    1.293956E-03   6.095734E-06
    1.584043E-01     3     4   -1.193933E-11   1.844066E-12
    1.584043E-01     3     5   -5.675890E-12  -4.318174E-12
    1.584043E-01     3     6   -3.956808E-12  -2.604618E-11
    1.584043E-01     4     1   -2.118321E-13  -1.315504E-12
    1.584043E-01     4     2   -3.511676E-06  -2.989935E-06
    1.584043E-01     4     3   -1.437296E-12  -1.545522E-12
    1.584043E-01     4     4    1.947218E-05   1.511435E-07
    1.584043E-01     4     5   -1.923295E-12  -7.975655E-13
    1.584043E-01     4     6   -2.279151E-12  -2.765079E-12
    1.584043E-01     5     1    2.256579E-06  -3.921882E-07
    1.584043E-01     5     2   -1.911256E-11   6.424461E-12
    1.584043E-01     5     3    3.917352E-12   4.600653E-12
    1.584043E-01     5     4   -2.211266E-12   5.170980E-13
    1.584043E-01     5     5    5.673953E-05   3.892136E-07
    1.584043E-01     5     6   -7.101920E-13  -8.209583E-13
    1.584043E-01     6     1   -1.062248E-12  -9.928780E-13
    1.584043E-01     6     2   -1.573360E-12   1.033827E-11
    1.584043E-01     6     3   -1.176496E-11   3.832190E-12
    1.584043E-01     6     4   -1.046134E-12   3.158827E-13
    1.584043E-01     6     5    1.722202E-12   2.632341E-12
    1.584043E-01     6     6    1.494812E-05   3.665946E-06
    1.570796E-01     1     1    1.105542E-05   1.021642E-05
    1.570796E-01     1     2    1.965964E-11   2.708582E-11
    1.570796E-01     1     3    9.468891E-12  -8.880297E-12
    1.570796E-01     1     4    1.611861E-12   1.035194E-12
    1.570796E-01     1     5    2.118707E-06   1.058623E-06
    1.570796E-01     1     6    3.212745E-12  -1.404277E-13
    1.570796E-01     2     1   -1.386358E-11  -3.541649E-12
    1.570796E-01     2     2    3.150879E-04   6.800467E-05
    1.570796E-01     2     3   -6.984762E-11  -5.316224E-13
    1.570796E-01     2     4   -8.748970E-06  -6.168071E-06
    1.570796E-01     2     5   -1.613754E-11   2.262826E-12
    1.570796E-01     2     6   -1.880245E-11   1.684090E-11
    1.570796E-01     3     1   -6.019321E-13  -1.101131E-11
    1.570796E-01     3     2   -5.736783E-12  -4.011260E-11
    1.570796E-01     3     3    1.307033E-03   8.482177E-06
    1.570796E-01     3     4   -1.033438E-11   3.444951E-12
    1.570796E-01     3     5   -2.681739E-12  -3.089883E-12
    1.570796E-01     3     6    5.199581E-12  -3.125972E-11
    1.570796E-01     4     1    1.621555E-12  -9.458078E-13
    1.570796E-01     4     2   -4.006694E-06  -1.903808E-06
    1.570796E-01     4     3   -2.754491E-12   1.266170E-13
    1.570796E-01     4     4    1.957764E-05   1.883820E-07
    1.570796E-01     4     5   -7.019487E-13  -8.484902E-13
    1.570796E-01     4     6   -2.441376E-12  -1.228849E-12
    1.570796E-01     5     1    2.347603E-06  -3.645951E-07
    1.570796E-01     5     2    2.080005E-11   6.703953E-12
    1.570796E-01     5     3   -5.034431E-12   3.831037E-12
    1.570796E-01     5     4   -1.897813E-12   5.896773E-13
    1.570796E-01     5     5    5.738353E-05   3.052629E-07
    1.570796E-01     5     6   -1.400150E-12   1.126750E-12
    1.570796E-01     6     1   -1.134522E-12  -1.080189E-13
    1.570796E-01     6     2   -6.882062E-12   4.153138E-12
    1.570796E-01     6     3   -1.018768E-11   1.328298E-12
    1.570796E-01     6     4   -1.189477E-12   7.273354E-13
    1.570796E-01     6     5    1.125992E-12   2.667444E-12
    1.570796E-01     6     6    1.499425E-05   3.065587E-06
