
   4.90459204E-02  -1.57077301       8.71321770E-09  0.182721570      0.292629689      -2.94186878       6.09653528E-09  0.172957644       2.14107912E-02  -1.57067490       2.21263052E-09  -1.82406962    
   7.83580691E-02   3.67433216E-07  -3.95812094E-09  -8.86188900E-11  -6.55272743E-08  -3.94021660E-09   2.98314262E-09  -1.98865820E-11   3.46979089E-02   8.37040545E-07  -3.78349796E-09  -1.89413814E-11
   1.68365659E-08   2.85227848E-11   1.47036457       9.43220982E-07  -3.05974390E-06  -1.29021046E-07  -2.59078387E-02  -3.94266181E-07   4.73154387E-08   7.96982619E-11  -3.69254849E-09  -8.19298657E-11
  -1.09430403E-08  -4.65661294E-11  -4.58210707E-07   1.49942938E-08   7.16629887      0.287426144       3.96685209E-08  -5.92408478E-09   6.70825102E-08  -4.82946261E-09  -4.94765118E-10   4.51109393E-11
   8.11269274E-10  -2.27553983E-11  -2.48063821E-02  -3.69891211E-07  -9.08330549E-08  -3.55132035E-09   4.22953069E-02   1.51964429E-07   2.89720958E-09   5.76786223E-11  -3.30146577E-10   3.92969095E-11
   2.19730437E-02   5.49006359E-07   1.37370080E-08   1.28906663E-10   8.78062565E-08   4.47293402E-09  -7.39964889E-09   4.91507286E-11  0.132402226       1.24909525E-06   9.40417522E-10  -7.07101946E-11
   1.56423994E-08   8.28047429E-13  -5.12227416E-09  -1.14716493E-10  -1.17142918E-07  -5.13863929E-09   5.49334800E-09   9.18206743E-12   6.60034232E-08   7.63982280E-12   6.46454915E-02  -6.76261880E-10
  0.130574226      -1.57063103       3.77039093E-08  0.140730202       1.86680353      -2.91543317       1.44383527E-08  0.569961965       5.21268807E-02  -1.56985605       4.06098533E-09 -0.704056323    
   7.84538761E-02   7.18095680E-06   5.82076609E-09  -5.51704030E-11   1.97906047E-08   3.67120911E-09   1.61708158E-09  -2.69719013E-12   3.48634087E-02   1.63231271E-05  -3.54339136E-09   3.98113244E-11
   2.44763214E-08   2.37572999E-11   1.47291017       1.87810965E-05  -2.96597136E-06  -3.84604846E-07  -2.60367226E-02  -7.69574126E-06   8.23358164E-08  -5.06747977E-10  -6.42103259E-08   2.44192083E-10
  -2.32830644E-09  -4.66639527E-09   4.09781933E-07  -3.11093018E-08   6.37646627      0.775893927       1.07684173E-09   1.14948877E-08   7.72047315E-08  -1.37432030E-08  -3.90282366E-08   2.13876458E-10
   3.27418093E-11   3.22798906E-11  -2.49484722E-02  -7.22311188E-06   1.48611434E-07   9.51434753E-09   4.23607714E-02   2.96180474E-06   1.84263627E-09   1.57193217E-10  -2.58114596E-09  -3.08984088E-10
   2.20977720E-02   1.07022224E-05  -1.39698386E-09   2.21532265E-10   8.44302122E-08   1.26665372E-08   6.95581548E-09  -4.23423727E-11  0.132717267       2.43304094E-05   5.06406650E-09  -1.40530157E-10
   1.46374077E-08   2.98320223E-12  -7.61356205E-08   1.44283006E-11  -2.21945811E-07  -3.07059516E-08   4.25279723E-09  -3.58664452E-11   5.66898777E-08  -7.19702076E-11   6.47316650E-02   6.36814157E-10
  0.210456297      -1.57036817       1.60528316E-07  -6.11609966E-02   4.64252853      -2.89576197       7.47049143E-08 -0.636290729       6.87246472E-02  -1.56781948       2.53716621E-08   2.56851840    
   7.85547718E-02   3.22397282E-05  -9.89530236E-09  -2.00925332E-10   1.70985004E-08   3.64416697E-09   1.32058631E-09   1.40457567E-12   3.52166779E-02   7.32101907E-05  -8.00355338E-10   4.25694506E-12
   2.40106601E-08   8.47437606E-11   1.47230911       8.43917442E-05  -2.36666529E-06  -5.66505832E-07  -2.62917150E-02  -3.45857261E-05   6.19984917E-08   3.57169766E-10  -2.46473064E-08   2.93446739E-10
   1.75787136E-08  -2.27596830E-09  -1.32247806E-07   4.85539893E-08   5.98206520       1.28933489       1.10914698E-07  -1.08740705E-09  -1.36014933E-08  -7.44589368E-09  -1.92085281E-08  -1.11206342E-08
  -1.49157131E-10   7.75449236E-12  -2.51535755E-02  -3.24515968E-05   1.73597073E-07   2.70848375E-08   4.24961820E-02   1.32949626E-05   5.37440314E-10  -2.86734497E-10   1.16415322E-09   1.80555126E-10
   2.23570317E-02   4.80526251E-05   1.95577741E-08  -1.50150690E-11   1.05792424E-07   2.74006737E-08   2.81943358E-09  -5.30528330E-11  0.133398771       1.09112138E-04  -1.08957465E-08   2.30547983E-10
   2.13576641E-08   3.29109899E-11  -4.84287739E-08   2.00395964E-10  -1.64174708E-07  -4.03274889E-08   7.63975549E-10  -6.88726853E-12   7.54317853E-08   5.66329015E-12   6.46768883E-02   1.08081000E-09
  0.287972152      -1.57000983       4.74217217E-07   7.33280033E-02   8.56581402      -2.87795186       3.10668753E-07  0.129752368       6.13312423E-02  -1.56242132       2.25608936E-08   2.41385460    
   7.88364634E-02   9.13829281E-05  -1.28056854E-09  -8.14818601E-10   6.24713721E-08   2.83873867E-08  -4.29281499E-10  -3.98619505E-11   3.57125588E-02   2.07139281E-04   3.76167009E-09  -7.35932634E-11
   2.15077307E-08   6.07078207E-11   1.47456598       2.40113150E-04  -2.71253521E-06  -9.58716100E-07  -2.66475044E-02  -9.81275589E-05   7.95930077E-08   8.01650482E-11  -5.18557499E-08  -4.28246633E-10
   2.40979716E-08   7.49479945E-09  -1.08033419E-07   5.04322939E-09   5.74062824       1.84209371       3.69327608E-08   2.13286580E-08   4.78280526E-08  -9.60708935E-09   8.23638402E-09  -1.34486111E-08
   1.56433089E-10  -1.11958900E-10  -2.54866015E-02  -9.20309831E-05   5.41112968E-08   1.57763722E-08   4.26529385E-02   3.76103162E-05  -1.16916965E-09   9.34933131E-10   4.37466952E-10  -3.12303239E-11
   2.26793177E-02   1.35984519E-04   4.19095159E-09   2.33993580E-09   1.33470166E-07   4.34251390E-08   4.84942575E-09  -1.13378265E-11  0.134242892       3.08237446E-04   1.27693056E-09   1.30838174E-10
   2.20288712E-08   1.15464263E-10  -3.72529030E-08   7.31654806E-11  -1.68089173E-07  -6.29311145E-08  -3.63797881E-10  -1.43290122E-12   7.20796578E-08   2.11891810E-10   6.47464767E-02   1.10651381E-08
  0.361509919      -1.56961656       2.07999904E-07  0.395850420       13.6360121      -2.85968685       2.70112963E-07   2.79096723       1.87989064E-02  -1.51949406       2.59910884E-08   2.28185058    
   7.92200267E-02   2.07957390E-04  -6.75208867E-09  -7.55262727E-11   3.17231752E-08   3.29812053E-08   3.40151018E-10  -1.09049800E-11   3.63850705E-02   4.70291212E-04  -5.45696821E-09   2.06320475E-10
   3.53320502E-08   6.92236768E-10   1.47822213       5.49246266E-04  -2.07504490E-06  -9.98969881E-07  -2.71414164E-02  -2.23637122E-04   1.06318453E-07   2.30184843E-10  -7.81583367E-08   4.36854788E-11
  -1.28056854E-08   9.66736291E-09  -1.11758709E-08   7.73389033E-08   5.58264971       2.45461845      -2.84053385E-08   2.53768278E-08  -2.79751475E-08  -1.41807570E-08  -8.26548785E-09   2.62943312E-09
  -3.27418093E-10  -8.61034508E-12  -2.59471945E-02  -2.09735314E-04   1.01957994E-07   5.58370807E-08   4.28696238E-02   8.53919992E-05   1.12801501E-09   3.96640554E-10   1.33240974E-09  -6.51228349E-10
   2.31188647E-02   3.08810471E-04  -5.58793545E-09  -1.36506739E-09  -7.85803422E-10   5.23281685E-09   1.53195288E-08   7.12211012E-10  0.135394484       6.98368996E-04   4.95128916E-09   8.11645195E-10
   2.30720616E-08   1.80462881E-10  -3.98140401E-08   5.90189009E-10  -2.00830982E-07  -1.07096767E-07   4.44924808E-09   6.11948964E-11   7.68301618E-08   8.01555697E-11   6.48575276E-02   4.12646060E-08
  0.429022253      -1.56933105       1.12793191E-06  0.145832315       19.8636589      -2.83948398       1.74325677E-07  0.214346215       7.22886547E-02   1.55119395       5.39187752E-08  0.276234746    
   7.97142759E-02   4.18382406E-04  -2.32830644E-10  -1.51210300E-09   5.96774044E-08   4.02927327E-08  -1.18234311E-09  -1.08235414E-10   3.72518264E-02   9.43472027E-04  -2.45927367E-09  -1.43302828E-10
   2.20898073E-08   7.41577522E-10   1.48309159       1.11275329E-03  -1.64390076E-06  -1.14898012E-06  -2.77837329E-02  -4.50934371E-04   1.23175255E-07   1.43904888E-09   1.99361239E-09   2.43795734E-10
   2.79396772E-09  -2.61552957E-09   2.36555934E-07   1.70881265E-07   5.47220659       3.14988041       9.34232958E-08  -4.38646097E-09   3.12666089E-08  -1.74198345E-08   1.09139364E-08  -6.79765222E-09
  -9.60426405E-10  -3.53494511E-10  -2.65501011E-02  -4.22819663E-04   2.50438461E-08   4.47526283E-08   4.31449823E-02   1.71352338E-04  -1.53579549E-09  -2.81631496E-10   1.77442416E-09  -7.02080130E-11
   2.36831140E-02   6.19677128E-04   2.32830644E-10   5.04034314E-10   6.38829079E-08   3.80384151E-08   2.91765900E-09  -1.68898326E-10  0.136869878       1.39740191E-03   6.58110366E-09  -1.24518618E-10
   1.69156920E-08   2.08895026E-10  -2.72411853E-08  -5.29870925E-10  -2.08892743E-07  -1.29169734E-07   1.25510269E-09   7.88066001E-11   4.89495733E-08   5.46040102E-10   6.50057495E-02   1.39188501E-07
  0.487446338      -1.56948161       8.76380341E-07  0.295050651       27.2847157      -2.81644201       1.73288029E-07  -2.77822399      0.228318721       1.56448674       1.62604152E-07  -2.84059858    
   8.03217888E-02   7.81025097E-04   6.98491931E-10  -2.12340878E-09   5.73636498E-08   7.04829191E-08   4.80213203E-10  -2.44478021E-10   3.83437313E-02   1.75540906E-03  -5.35510480E-09   6.58547730E-11
   1.21799530E-08   5.59702840E-10   1.48906505       2.09534052E-03  -1.68092083E-06  -1.56598742E-06  -2.85979714E-02  -8.44480703E-04   8.05835043E-08   1.82306004E-09  -5.42386260E-08  -1.55335733E-09
  -1.31549314E-08  -5.90861582E-09  -1.30385160E-08  -9.04275126E-08   5.39439011       3.95571828       1.16415322E-09  -1.81111925E-08  -1.13905116E-08   3.71641704E-08   1.45519152E-10   1.17208954E-08
   1.67347025E-10  -7.23524463E-10  -2.73142904E-02  -7.91733211E-04   1.33397407E-07   1.13656561E-07   4.34928089E-02   3.19080398E-04  -5.56568125E-10  -1.01216635E-09   1.12231646E-09   3.28176292E-10
   2.43976079E-02   1.15341577E-03  -8.61473382E-09   5.11384268E-09  -1.32189598E-07  -1.01252283E-07   5.51153789E-09  -8.89603946E-10  0.138730779       2.59240088E-03   1.50503183E-08   7.02450945E-11
   2.21898517E-08   7.49233786E-10  -4.40049917E-08   2.67182231E-11  -1.03522325E-07  -8.43598258E-08  -1.80079951E-09   1.89861904E-10   6.46230731E-08   1.16099508E-09   6.51804507E-02   3.72594684E-07
  0.532648802      -1.57082367       1.19583308E-06   7.13074654E-02   35.9161110      -2.78960776       4.30492520E-07  -2.62736893      0.470182031       1.57086408       1.96017851E-07 -0.170421094    
   8.10884014E-02   1.39065913E-03  -8.14907253E-10  -4.06768841E-10  -1.45519152E-10  -6.40776499E-09   1.16779120E-09   3.71956604E-10   3.96901965E-02   3.11388006E-03   5.31872502E-09   1.69005518E-10
   4.62750904E-09   1.12092546E-09   1.49644399       3.77150602E-03  -1.91724394E-06  -2.11102110E-06  -2.96025556E-02  -1.51010999E-03   1.58854618E-08  -1.42918899E-10  -4.81741154E-08  -3.62047392E-09
  -2.98023224E-08   1.70103327E-08  -4.13507223E-07  -1.44365956E-07   5.33437729       4.90322399       9.85164661E-08  -1.26098341E-08  -2.01980583E-08  -4.51987212E-08   2.95403879E-09  -1.59379425E-08
  -2.03726813E-10   3.60834002E-10  -2.82528140E-02  -1.41555408E-03   1.29177351E-07   1.38321340E-07   4.39128615E-02   5.66775911E-04  -2.26766872E-09   4.70266673E-11  -2.81670509E-09  -7.79303233E-10
   2.52703093E-02   2.04648916E-03   2.56113708E-09   7.06298620E-09  -5.52390702E-08  -4.25801474E-08  -9.77524905E-09  -4.10813411E-10  0.140993506       4.58241254E-03   1.19653123E-08  -8.55427951E-10
   2.09311111E-08   1.12286991E-09  -4.67989594E-08   2.67844857E-10  -6.59201760E-08  -7.70923592E-08  -1.34605216E-09   9.59616414E-11   6.75424445E-08   2.50563370E-09   6.54011816E-02   9.45093632E-07
  0.557624757      -1.57515609       4.70987175E-07  0.300171167       45.7692375      -2.75815248       5.67031236E-07 -0.767028630      0.825239599       1.57736468       2.85469355E-07   2.39600754    
   8.19813535E-02   2.40000640E-03  -4.88944352E-09  -3.55690366E-10   4.44706529E-08   9.00197392E-08   3.63797881E-10   3.91324806E-10   4.13144156E-02   5.35209104E-03  -2.66300049E-09  -8.81706763E-10
   2.05036486E-08   1.53129931E-09   1.50424826       6.59733824E-03  -1.98703492E-06  -3.01935620E-06  -3.08218505E-02  -2.62266700E-03   7.24111828E-08   3.21809313E-09   7.94170774E-09  -2.90633045E-10
  -8.84756446E-09  -1.35580800E-08  -1.67638063E-08   1.01769295E-07   5.28259706       6.02887058       7.70378392E-08   7.73731159E-08  -8.93080596E-08  -2.94490707E-08  -2.04017852E-08  -3.94188611E-08
  -1.84081728E-09   5.85842985E-10  -2.93874908E-02  -2.45737424E-03   1.50459528E-07   1.41623943E-07   4.44249175E-02   9.76895797E-04  -3.50541995E-09  -6.25100360E-10   7.70342012E-10   4.61776320E-12
   2.63365712E-02   3.51934182E-03   7.68341124E-09  -4.18459260E-11  -1.99070200E-08  -7.05653065E-08   2.48110155E-09   6.67573274E-10  0.143740639       7.84832239E-03   1.82990334E-09   1.99487382E-09
   2.08910933E-08   1.84033189E-09   5.12227416E-09  -5.07054954E-10  -1.19442120E-07  -1.63606714E-07  -5.11136022E-09  -2.55535593E-10   6.56733548E-08   4.20638990E-09   6.56234920E-02   2.27699661E-06
  0.553044438      -1.58700931       1.74716831E-06  0.313092768       56.7887688      -2.72129059       4.81214272E-07   2.84243703       1.32870138       1.58578169       4.53334366E-08   1.99111319    
   8.30499902E-02   4.05253749E-03  -4.19095159E-09  -1.28460387E-09   4.30300133E-08   4.56530707E-08   2.81943358E-09   7.67477859E-10   4.32597697E-02   8.99866503E-03   5.23868948E-09   3.56550567E-10
  -8.45466275E-09  -2.10937801E-09   1.51396310       1.13304239E-02  -1.68505358E-06  -3.51957237E-06  -3.23047228E-02  -4.46746824E-03  -6.15974614E-08  -3.98747257E-09   4.62714524E-08   1.45320822E-09
  -1.39698386E-08  -2.98962366E-09   2.34693289E-07  -3.31848213E-07   5.22643852       7.36775064       7.23812263E-08  -2.57901746E-07  -4.77052708E-08  -9.25360055E-08   2.65863491E-08   6.53980159E-09
  -1.28784450E-09   3.75892623E-10  -3.07751186E-02  -4.18441370E-03  -3.48809408E-08  -6.87117137E-08   4.50292155E-02   1.64988008E-03  -6.44557474E-09   1.63754921E-09  -1.90902938E-09   2.04460046E-10
   2.76044756E-02   5.92002226E-03  -9.31322575E-10   4.90485119E-09  -7.60483090E-08  -1.05985663E-07  -6.45377440E-09  -1.61670322E-09  0.146999925       1.31457355E-02  -3.75803211E-09  -3.13341175E-09
   2.15668479E-08   3.04766123E-09   2.95694917E-08   2.37168174E-09   6.46105036E-08   1.22366544E-07  -8.52014637E-09  -5.58334823E-10   6.27993728E-08   7.42921680E-09   6.58991113E-02   5.30405759E-06
  0.505125642      -1.61928725       5.93171592E-07  0.293588966       68.8781357      -2.67854381       1.83532529E-06  0.121482641       2.02678990       1.59751165       6.96486609E-07   2.69384313    
   8.42979774E-02   6.72424352E-03  -4.65661287E-09  -8.25277013E-10  -3.96248652E-08  -1.52515057E-07  -4.87489160E-10  -7.39041994E-10   4.55301180E-02   1.48670087E-02  -4.63478500E-09  -1.31528521E-09
  -4.74392436E-09  -1.93101934E-09   1.52584529       1.92030706E-02  -2.16416083E-07  -1.55368070E-06  -3.40833329E-02  -7.50201475E-03  -3.15296802E-08  -4.98075758E-09   7.58227543E-08   2.74017764E-09
   6.29806891E-08   6.14831350E-08  -3.72529030E-09   3.89530754E-07   5.15687370       8.95320129      -1.51660061E-07   8.45393160E-08   1.93903588E-07   9.27856334E-08   2.48401193E-08   9.65058291E-08
  -4.36557457E-10   1.44020507E-09  -3.24371979E-02  -7.02523021E-03  -1.18088792E-07  -3.64765981E-07   4.57448140E-02   2.74453941E-03  -3.47922935E-09  -4.39265818E-10  -3.58522811E-09  -1.54255875E-09
   2.90864967E-02   9.78474971E-03  -3.49245965E-09  -2.47583110E-09   2.65281415E-07   6.73451837E-07   4.22733137E-09  -6.85044410E-10  0.150811195       2.16345116E-02   8.13452061E-09  -4.63492977E-09
   2.05345714E-08   4.39433334E-09   8.91741365E-08  -8.31684233E-09   4.70608938E-08   1.05088731E-07  -9.83345672E-09  -9.87597226E-10   5.27207362E-08   1.13226388E-08   6.62343130E-02   1.20526238E-05
  0.397259414      -1.71836126       1.43982538E-06  0.181648821       81.6786118      -2.62932587       1.79746894E-06   2.86029077       2.97658920       1.61402214       3.23096401E-07   2.25819755    
   8.56855512E-02   1.09460289E-02  -1.39698386E-09   1.69340264E-10  -2.53057806E-08  -1.11785745E-07   2.92857294E-09   3.89835414E-10   4.80608456E-02   2.41018888E-02  -1.68074621E-09   2.58420307E-09
   2.93075573E-08   9.50069445E-09   1.53819299       3.20816934E-02  -6.25266694E-07  -2.46478999E-06  -3.61362882E-02  -1.24124903E-02   6.40520170E-08   1.80672064E-08   1.75568857E-08  -4.84471929E-09
   4.77302819E-08  -6.68329605E-08  -1.54599547E-07   5.12988152E-07   5.05305338       10.7938881      -4.71482053E-08  -4.14883665E-08   2.26173142E-07  -3.20220686E-08   7.24685378E-09   6.46879812E-08
  -4.36557457E-11  -1.40411305E-09  -3.43475491E-02  -1.16167860E-02  -2.64481059E-07  -4.92056984E-07   4.65647541E-02   4.49462794E-03   4.28759961E-09  -4.56059057E-09  -2.57023203E-09   8.55300664E-10
   3.07374690E-02   1.58701837E-02  -1.25728548E-08  -1.58050923E-08   2.63680704E-07   5.88852572E-07  -3.36876838E-09  -4.98495423E-09  0.155085668       3.49468254E-02   1.48575054E-08   2.69886058E-10
   6.18820195E-09   1.80376047E-09   5.30853868E-08  -3.55173579E-09  -1.01194018E-07  -3.42217049E-07  -9.62609192E-09  -1.31957389E-09   2.02954062E-08   4.83848162E-09   6.65753782E-02   2.68283911E-05
  0.232302800      -2.15290737       5.56278565E-07  0.286051452       94.7956161      -2.57383060       4.18811595E-07  -1.18789756       4.24546289       1.63686264       7.37406879E-07   5.59043773E-02
   8.71647298E-02   1.74132865E-02   0.00000000      -2.57517518E-09  -1.24273356E-08  -9.65690745E-08   1.78624759E-09   7.72169384E-10   5.07354885E-02   3.82061191E-02  -8.33824743E-09  -2.37590569E-09
   1.44063961E-08   6.87479851E-09   1.55351722       5.27242497E-02  -1.41328201E-06  -6.36040704E-06  -3.84744853E-02  -2.01806370E-02   3.08705808E-08   1.47892649E-08   1.09830580E-08   1.23010602E-09
   1.53668225E-08   3.48261793E-08  -9.59262252E-08   3.88483585E-07   4.90642452       12.8833761      -5.18048182E-08  -5.99647976E-08   9.37682216E-08   5.88304907E-08  -1.40134944E-08   6.62187949E-09
   4.00177669E-10  -2.68247421E-11  -3.65345590E-02  -1.88820194E-02  -1.17084710E-07  -1.89298376E-07   4.74785566E-02   7.22743524E-03   8.27664337E-09  -2.42078335E-09   3.70164344E-09  -1.85378130E-10
   3.24767642E-02   2.51672715E-02   3.25962901E-09  -2.29313226E-08   1.15251169E-07   3.75715018E-07   1.54977897E-09  -3.34926065E-09  0.159683064       5.52261434E-02   1.31185516E-08   4.88976726E-09
   1.64109224E-08   1.10728706E-08   1.39698386E-09  -9.31393362E-09  -5.93427103E-08  -2.61254058E-07   1.54359441E-08   2.97604941E-09   6.65466402E-08   2.68171831E-08   6.70088455E-02   5.84330373E-05
  0.285363317       2.71511006       3.96625819E-06   1.60070193       107.631378      -2.51312709       4.87895136E-07 -0.522645652       5.90283823       1.66728461       9.15495150E-07   2.03134036    
   8.86025354E-02   2.68688686E-02  -3.02679837E-09  -1.58833524E-09  -3.41533450E-08  -3.06399812E-07   2.19733920E-09   4.09492690E-10   5.32832667E-02   5.87938242E-02  -1.20926416E-08   1.06716280E-09
   2.81434041E-08   2.04829078E-08   1.56943858       8.46112147E-02  -2.57859938E-08  -2.13472254E-06  -4.09724563E-02  -3.20263356E-02   4.68647272E-08   5.59915030E-08   2.45927367E-09  -2.48384202E-09
   1.98488124E-08   1.90600229E-08  -1.91852450E-07   9.31823365E-07   4.70937443       15.1685848      -3.48663889E-08   1.00594573E-08   3.83342922E-08   8.55115871E-08  -1.84227247E-08  -2.72664220E-08
  -4.32919478E-09  -3.76816001E-09  -3.88572924E-02  -2.99512167E-02  -9.70467227E-08  -4.47732702E-07   4.84546609E-02   1.13373660E-02  -1.66085954E-08  -1.38002063E-08  -2.49929144E-09   5.89576432E-09
   3.41346152E-02   3.87435220E-02  -1.67638063E-08   5.29445110E-09   7.63975549E-08   2.53207105E-07  -1.03973434E-08  -2.63481659E-09  0.164263979       8.47976133E-02  -2.19733920E-09  -1.69587888E-09
   4.62296157E-09   1.12943983E-08   1.46683306E-08  -9.49278522E-09  -5.88770490E-08  -3.34550890E-07   2.95403879E-09   4.17151286E-10   4.66276155E-08   2.89222797E-08   6.74682930E-02   1.23691920E-04
  0.748810649       2.29025006       5.01624663E-06 -0.340097100       119.515686      -2.44853663       6.20097865E-07   1.25194430       8.00689602       1.70594013       6.50039908E-07   2.17529035    
   8.98390934E-02   3.99207175E-02  -1.62981451E-09   3.69447450E-09   2.25845724E-08   1.63373926E-07   4.17639967E-09  -3.41916495E-09   5.53643890E-02   8.72305632E-02  -4.63478500E-09  -1.08791609E-09
  -1.81025825E-08  -4.11720755E-08   1.58644128      0.131733894      -3.23925633E-07  -3.41474220E-06  -4.34736982E-02  -4.92865108E-02  -1.14928184E-07  -1.02578070E-07   2.41052476E-08   1.13742740E-08
   2.82889232E-08   4.54704541E-09  -6.23986125E-08  -3.18293189E-07   4.46112347       17.5736580      -2.25554686E-09  -2.16268845E-07   7.32716217E-08   1.12943454E-07   2.50001904E-08  -1.47068500E-08
  -2.05182005E-09  -8.61451965E-10  -4.11900915E-02  -4.60702293E-02  -1.71930878E-07  -2.63471094E-07   4.94252443E-02   1.72375981E-02  -6.26002361E-09   1.08445395E-08   1.02318154E-09   1.22257351E-08
   3.54688726E-02   5.74980341E-02  -1.25728548E-08  -3.69447450E-09   4.94765118E-10   7.53814859E-08  -2.33558239E-09   2.22023711E-09  0.168356493      0.125691026       1.46246748E-09  -4.12520018E-09
  -2.27537384E-08  -1.31943132E-08  -1.11758709E-08  -4.83567630E-09   9.71776899E-08   5.05442529E-07  -3.90718924E-09  -2.34477837E-09  -1.96075050E-08  -2.42409417E-08   6.79912120E-02   2.52659724E-04
   1.44424808       2.22257876       2.04797243E-06  -1.40876782       129.865479      -2.38127208       2.07180096E-06  -2.98144388       10.5930309       1.75273037       7.77405432E-07  0.791888893    
   9.06893536E-02   5.68473116E-02  -2.79396772E-09   3.34023920E-09   7.42147677E-09   1.52322500E-07   2.53203325E-09   4.56436089E-09   5.65852448E-02  0.124254860       4.94765118E-10  -3.56323793E-09
   3.47208697E-08   7.06005068E-08   1.60502839      0.198202029       6.82368409E-07   3.74907677E-06  -4.57623117E-02  -7.32416511E-02   1.37120423E-07   1.96829831E-07  -3.84898158E-09  -6.67573330E-09
  -1.58906914E-08   1.45755887E-08   1.66706741E-07   1.08831068E-06   4.16891861       20.0294933       3.23052518E-09   4.85852958E-08  -9.27911969E-09   4.18085023E-07  -1.29948603E-08  -3.48447671E-08
  -3.48518370E-09  -8.08489720E-09  -4.33220938E-02  -6.84453547E-02  -6.18019840E-08  -3.91405791E-07   5.03265746E-02   2.52954587E-02  -6.20872243E-10  -1.61651599E-08   9.74978320E-10   4.70670036E-09
   3.62365879E-02   8.19138661E-02   4.65661287E-09   1.15390080E-08  -1.12428097E-07  -5.62602565E-07  -6.54836185E-10  -4.99138020E-09  0.171491340      0.179178134      -4.91490937E-09  -1.14820720E-09
  -1.56533133E-08  -2.21237464E-08  -1.60653144E-08   1.95479899E-09  -1.19500328E-07  -9.95630899E-07   1.00371835E-08   6.04558359E-09  -4.19257269E-08  -5.32036815E-08   6.86113462E-02   4.95563960E-04
   2.35720587       2.23550153       4.76597870E-06   2.74980545       138.048462      -2.31276345       1.63002107E-06 -0.594160378       13.6532640       1.80662906       1.11827809E-07 -0.281077981    
   9.09668356E-02   7.73227438E-02  -3.95812094E-09   1.03400275E-08  -1.03027560E-08  -2.00539986E-07   2.29192665E-10   5.42245582E-09   5.65847680E-02  0.169406489       6.24277163E-09  -5.39216272E-09
   4.10364009E-09  -2.18109952E-09   1.62206590      0.286864370       3.07802111E-07   3.09857501E-06  -4.75407392E-02 -0.104707554       4.39933956E-09  -2.15725962E-08  -5.48825483E-08  -3.88760801E-09
  -9.44419298E-09  -7.94889630E-08   9.87201929E-08  -1.13740299E-07   3.84016180       22.4457645      -3.27418093E-08  -1.28765649E-07  -2.57258534E-08  -1.38817896E-07  -1.65528036E-08  -9.67761977E-08
   9.31322575E-10   3.96838962E-09  -4.49651815E-02  -9.77831557E-02  -7.39382813E-08   1.02511677E-07   5.10628968E-02   3.56966108E-02  -4.79565188E-09  -6.88500279E-09   1.25783117E-09  -1.39095579E-09
   3.61887664E-02  0.111699633       1.72294676E-08   3.68363473E-08  -2.01689545E-08  -1.86685966E-07  -1.49884727E-09  -3.54428686E-09  0.173178345      0.245030954      -4.34010872E-09  -1.54494550E-09
  -4.15684553E-09  -1.29464919E-08  -3.58559191E-08  -7.00779212E-09  -5.58793545E-09   1.73060400E-07  -5.68616088E-09  -1.57713187E-09  -1.47800785E-08  -2.86493407E-08   6.92612454E-02   9.27837158E-04
   3.47963333       2.27945423       4.70629357E-06   1.99067628       143.788361      -2.24285698       4.54773135E-06  -2.45448637       17.1419334       1.86667347       4.90046432E-07   1.49232876    
   9.05973315E-02  0.100678936       9.31322575E-10   1.16481838E-08  -1.43918442E-08   4.34237464E-08   4.40195436E-10  -1.75151005E-08   5.51390722E-02  0.221650004      -5.38420863E-10  -1.70226222E-09
   1.68220140E-08   6.10673183E-08   1.63980842      0.400201082       2.42143869E-08   2.22848598E-06  -4.85738516E-02 -0.144187242       5.45757075E-08   1.66866187E-07  -2.31775630E-08   9.28749966E-09
  -3.01752152E-08  -9.52410346E-08  -1.67638063E-07  -8.88002717E-07   3.48448181       24.8094387       2.21771188E-08  -1.70782940E-07  -1.29372140E-07  -2.23052552E-07  -7.93295385E-09   3.69144644E-08
  -3.92901711E-10  -1.79861670E-09  -4.59242985E-02 -0.134617373      -7.12607289E-08   1.53289250E-07   5.15659861E-02   4.85160016E-02   3.86557986E-09  -1.43381629E-09   3.33147909E-09  -1.95893985E-08
   3.51789854E-02  0.146129668       1.11758709E-08  -7.40002264E-08   1.98197085E-08  -9.90095600E-07  -3.31056071E-09  -1.94850145E-08  0.173169553      0.322452337       7.99991540E-09   2.47952148E-08
  -4.73391992E-10  -1.47797037E-08  -2.18860805E-08   1.14340626E-08  -2.61352398E-08  -4.57991490E-07  -1.51703716E-09   2.71097300E-09  -1.78579196E-08  -4.24768452E-08   7.00349733E-02   1.65885745E-03
   4.77858257       2.33822775       4.84647990E-06  0.965553999       146.665848      -2.17248750       2.44467265E-06  0.756804585       20.9578629       1.93120313       1.29186537E-06   1.70912623    
   8.95344913E-02  0.125591323      -2.56113708E-09  -8.68947403E-09  -2.24972609E-08   1.42199625E-07  -4.44561010E-09  -1.17783099E-08   5.21395095E-02  0.278604597       7.13043846E-10   4.48050974E-09
  -4.44415491E-08  -1.81030700E-07   1.65491378      0.537724018      -1.55065209E-07   4.49644085E-06  -4.86068726E-02 -0.191263065      -1.04179264E-07  -4.42289831E-07  -3.27163434E-08  -1.13144187E-08
   4.26516635E-08  -5.21368442E-08   1.86264515E-07   9.84807002E-07   3.10796571       27.0456657       5.38420863E-09   2.36788168E-07   3.37587949E-08   2.35342739E-07   1.68984116E-08   2.04564703E-08
   5.89352567E-10   1.08392131E-08  -4.59342264E-02 -0.178437203      -9.58243618E-08   9.04474646E-08   5.17652482E-02   6.34977371E-02   9.96431027E-09   2.29962023E-08  -1.65528036E-10  -4.96985875E-09
   3.31286415E-02  0.183641315      -3.72529030E-09  -3.04131582E-08   1.63854565E-08   6.25461070E-08  -9.10222298E-09   1.42561685E-09  0.171300381      0.408990353      -3.37968231E-09  -2.01396659E-08
  -1.48315848E-09  -2.42071998E-08  -4.23751771E-08  -9.32308097E-09  -1.71421561E-08   7.57585212E-07  -3.57249519E-09  -9.62644897E-09  -2.37874787E-08  -7.50341655E-08   7.08520859E-02   2.82699149E-03
   6.20107603       2.40585065       5.22359824E-06  0.844930410       146.614395      -2.09923029       1.10121800E-06   2.80253053       24.9700470       1.99956954       1.68004692E-06   2.23401046    
   8.78281593E-02  0.150800794       3.02679837E-09   4.73096193E-08  -6.89760782E-09  -1.61482234E-07  -7.93079380E-10  -4.26835811E-09   4.75983098E-02  0.338148832      -2.69210432E-10   1.13504939E-08
   3.60887498E-08   2.80423961E-07   1.66885531      0.698510468      -1.96392648E-07   2.71448494E-06  -4.74622399E-02 -0.245202556       1.47985816E-07   7.39222514E-07   2.79760570E-08  -3.55179850E-08
  -7.27595761E-10  -9.15670029E-09   1.08266249E-08  -2.13656358E-06   2.70666814       29.1755791       1.44627847E-08   9.48100052E-08   2.33630999E-08  -2.40756833E-07   2.38578650E-08   8.67025065E-08
   5.09317033E-10   3.33838041E-10  -4.48635109E-02 -0.228664085      -6.08124537E-08   4.31271076E-07   5.16317599E-02   8.03306401E-02   1.37585232E-08   2.03249986E-08   1.64345693E-09   8.03595857E-09
   3.00552659E-02  0.222774744      -2.74740160E-08  -1.78555666E-07  -3.85916792E-08   3.58065165E-07   4.29281499E-10  -3.92975075E-08  0.167631924      0.502943456       1.13832357E-08   4.19205222E-08
   9.36984179E-09   3.56670178E-08   1.69966370E-08   1.14458754E-09   9.89530236E-09  -1.21213611E-06  -5.37693268E-09  -4.58133087E-09   1.89535321E-08   7.90050905E-08   7.17608258E-02   4.60463064E-03
   7.66535044       2.47884035       8.46516627E-07  0.244978666       143.556747      -2.02276707       2.07433322E-06   1.51199508       29.0043488       2.07074118       1.23707298E-06  -1.05261517    
   8.55829194E-02  0.174733922       6.05359674E-09  -1.60398788E-08  -9.24046617E-09   6.45605098E-08  -2.35741027E-09  -1.31075879E-08   4.16511409E-02  0.397379667       1.50612323E-09  -1.35587097E-08
  -8.09086487E-09  -1.12178896E-07   1.68041396      0.878290653       5.35510480E-09  -4.42710689E-06  -4.50599715E-02 -0.304326087      -5.69437475E-08  -2.98517961E-07  -3.07954906E-08   5.52623947E-09
   7.56699592E-09  -1.12279146E-07   3.66708264E-08   6.03099409E-07   2.28154254       31.1344681       1.06905645E-07  -5.45355867E-08   3.91021331E-08  -3.17799476E-07  -1.39698386E-08   6.03500396E-08
  -8.36735126E-10  -6.84201051E-09  -4.26261909E-02 -0.283677399       3.76021490E-08   1.10745339E-06   5.11533432E-02   9.84082669E-02  -4.63316496E-10  -1.98124415E-08  -9.75887815E-10   2.69419820E-10
   2.60346346E-02  0.261597157      -1.23400241E-08   1.39546941E-07  -1.01310434E-07  -4.41898635E-07  -4.75120032E-09   9.12268039E-09  0.162289456      0.601771355      -3.07773007E-09   8.84699514E-09
  -3.30146577E-10  -7.23799474E-08  -2.91038305E-08  -1.20299086E-08   1.35914888E-08   2.01413258E-07   2.66663847E-09   2.06670077E-08  -3.61937929E-08  -2.13052047E-07   7.27308169E-02   7.17035262E-03
   9.07067776       2.55617785       1.19706929E-05  0.912907720       137.597092      -1.94095802       3.89304205E-06   2.95605898       32.8621864       2.14463520       1.81199846E-06  0.661694407    
   8.29479173E-02  0.196069315       5.00585884E-09  -2.35460256E-08  -9.60426405E-09   4.47794939E-08   9.87711246E-10   4.26246132E-08   3.44315693E-02  0.453827351      -6.35191100E-09  -8.19906276E-09
   2.56695785E-08   2.12019344E-07   1.68977094       1.07233059       3.90107743E-07  -1.14345391E-06  -4.13834676E-02 -0.366829157       7.05624643E-08   6.28947703E-07   4.40559234E-09   4.77358881E-08
  -1.15251169E-08   3.19553202E-08   2.07219273E-08   1.82986253E-06   1.82761073       32.8571205       3.10501491E-08  -3.15769029E-07   5.75428203E-08   2.07157726E-07   2.83762347E-08  -1.81115183E-07
  -1.97906047E-09  -7.98883004E-09  -3.91844548E-02 -0.341704011       1.33150024E-08   3.81203847E-07   5.03499731E-02  0.117097050       2.45495357E-09  -3.06489660E-08  -3.00315151E-09  -9.21737531E-09
   2.11703498E-02  0.298381805       4.88944352E-09   1.11002691E-07  -1.05937943E-08   2.81080673E-07  -4.90399543E-09   2.96690441E-08  0.155414507      0.703931391      -4.06180334E-09   4.76701913E-08
   1.42977115E-08   1.37058365E-07  -9.54605639E-09   1.68185892E-08   1.71130523E-08  -6.37398259E-08  -3.64525476E-09  -2.66075340E-09   3.63474939E-08   4.03239966E-07   7.37449527E-02   1.07007893E-02
   10.3030577       2.63846159       8.05961008E-06  -2.01882029       129.072342      -1.85086560       5.05470098E-06  -1.03031707       36.3400345       2.22166348       1.79914650E-07  -3.07307267    
   8.00564364E-02  0.213692814       3.72529030E-09  -2.99154088E-08   4.70026862E-08  -2.15017010E-07   2.49565346E-09   1.19606653E-08   2.61133071E-02  0.505144894      -1.01135811E-09  -9.45854861E-09
  -4.29281499E-09  -2.88815698E-07   1.69719493       1.27351665       1.66997779E-07  -5.91577236E-06  -3.64886262E-02 -0.430313706      -6.94389541E-08  -9.10968765E-07  -2.60115485E-09  -1.69099064E-08
   4.19095159E-09  -1.31979752E-08   5.58793545E-09  -1.83011920E-07   1.34003484       34.2509880      -6.21002982E-08  -8.33012223E-07  -3.52024472E-08   1.12792854E-07   1.08557288E-08   6.41201652E-08
  -2.92493496E-09  -2.61209934E-08  -3.46288197E-02 -0.400709122      -6.08852133E-08   3.35448540E-08   4.92713004E-02  0.135746673      -1.17040599E-08  -3.12726911E-08  -2.43653631E-09  -8.24186053E-09
   1.55715337E-02  0.331583261       3.91155481E-08  -3.51946006E-09  -2.01398507E-08  -1.10862992E-07  -1.77060429E-08  -2.51861358E-08  0.147152632      0.808716595      -9.32777766E-09   6.81070489E-08
  -5.17479748E-09   3.76417262E-08   6.75208867E-09   1.71573671E-08  -3.48954927E-08   2.76140128E-07  -5.88261173E-09  -2.90699145E-08   1.55105848E-08   1.41312043E-07   7.47852996E-02   1.53222913E-02
   11.2353010       2.72695184       1.08237891E-05 -0.517124593       118.339180      -1.74613833       4.34549156E-06  0.404419839       39.2175407       2.30239940       2.29592888E-06 -0.763041317    
   7.70873874E-02  0.226530194      -2.67755240E-09  -3.67520214E-09   6.80811354E-08  -1.24612328E-07  -4.83851181E-10  -2.69897660E-09   1.68459788E-02  0.548606217      -4.02360456E-09   2.78224288E-08
   3.57977115E-09   1.03479913E-07   1.70250666       1.47444129       1.10187102E-07  -1.03985246E-06  -3.05298176E-02 -0.492592126       3.74230353E-08   2.69258805E-07   3.36203811E-08   1.02302700E-07
  -1.08266249E-08  -2.11783529E-07   1.81607902E-07  -1.45538002E-06  0.801832557       35.1165771      -1.99361239E-08   3.37888906E-07  -9.86467512E-08  -4.91036076E-07   2.39379006E-08   7.70643922E-08
   5.31144906E-10  -5.22567811E-09  -2.90750656E-02 -0.458374649       5.48607204E-08  -3.77167623E-07   4.79848720E-02  0.153703481       6.78107881E-09  -4.83849654E-08   2.56022759E-09  -1.18367351E-08
   9.34426207E-03  0.359285742       8.38190317E-09   5.14528296E-08  -3.57104000E-08   1.36441884E-07  -2.08819984E-09  -3.83024990E-08  0.137532011      0.915214956      -2.59205990E-09   3.51728318E-08
   5.22118171E-09   1.34805262E-07   7.21774995E-08   2.96313178E-08   1.88883860E-08  -5.60870319E-07   4.19095159E-09   3.09628589E-08   2.02707078E-08   3.72726987E-07   7.58096874E-02   2.11051013E-02
   11.7490253       2.82623768       3.51058361E-06  0.977951169       106.034569      -1.61981595       3.08008384E-06   1.17429507       41.2931137       2.38901687       2.20275842E-06   1.74030519    
   7.41572902E-02  0.233860731       0.00000000       1.72392500E-08   4.55256668E-08  -2.49011379E-07   2.27373675E-10  -6.76401113E-09   6.67249970E-03  0.581743240      -1.38243195E-09  -1.13132579E-08
  -6.60656951E-09  -1.41385797E-07   1.70762730       1.66867840       7.11879693E-08  -7.51583400E-07  -2.36636382E-02 -0.551752567      -2.41404337E-08  -4.36119251E-07  -2.07528501E-08  -1.85561380E-08
   2.18860805E-08   4.49417684E-07   2.14204192E-08  -2.35220000E-06  0.211283863       35.0979691       2.20024958E-08   4.44389570E-07   8.19231900E-08   1.32501668E-06   2.38214852E-08  -9.73897940E-08
  -8.44011083E-10   1.31688713E-08  -2.26840954E-02 -0.513091028       2.36832420E-08  -1.13970600E-07   4.65596654E-02  0.170532003       5.04326181E-09   6.77125982E-08   1.56796887E-09   2.51480561E-08
   2.53014313E-03  0.379782856       8.03265721E-09   1.41744948E-07   2.18715286E-08   7.02978298E-07   1.14814611E-08   6.82985544E-08  0.126362294       1.02396548      -1.41275791E-09   1.09391422E-07
   1.16574483E-08   2.30754544E-08  -4.47034836E-08  -4.74079371E-08   8.14907253E-10   1.83406470E-07   4.63842298E-09   4.27838671E-08  -9.94302329E-09   5.69202960E-08   7.68386871E-02   2.80548837E-02
   11.7378302       2.94320655       7.60758439E-06   2.40067554       92.9627914      -1.46158421       4.03787135E-06  0.703306854       42.3872070       2.48389602       2.16795775E-06   2.16734195    
   7.14012682E-02  0.234620899      -1.34459697E-08  -1.59467461E-08  -2.71029421E-09   5.22006758E-08  -3.04908099E-09  -1.53549724E-08  -4.33654338E-03  0.600547194       8.11996870E-09  -3.11459871E-08
  -9.00763553E-09   9.69263141E-08   1.71322107       1.84887528      -1.76252797E-07  -1.60962472E-07  -1.61194466E-02 -0.606031656      -1.13101635E-08   4.65114738E-07  -2.40888767E-08  -7.87059165E-08
   1.69966370E-08   1.50871173E-07  -2.37487257E-07   1.06843197E-06 -0.418247521       33.5786552       4.15457180E-08  -3.58178873E-08   3.92710717E-08   3.85769823E-07   1.93831511E-08  -2.98503153E-07
  -1.34605216E-10  -5.17023402E-09  -1.56729296E-02 -0.563218892       4.21714503E-08   3.96799891E-07   4.50808443E-02  0.185912088      -2.29643149E-09   1.01063868E-08  -7.19410309E-10   1.08232312E-09
  -4.82324883E-03  0.390393913       2.56113708E-09  -1.51494092E-07  -7.05767889E-09   9.81721584E-08   5.95537131E-09  -5.86790421E-08  0.113289319       1.13436508       4.61113814E-10   3.86833179E-08
   1.91084837E-09   7.18849407E-08  -5.26197255E-08  -1.57474119E-07   3.86207830E-08  -1.80272977E-07   6.54836185E-09   4.76144315E-08   1.32994060E-09   2.68109289E-07   7.78526366E-02   3.60898226E-02
   11.1372375       3.09206796       7.23571202E-06  -1.34914672       80.2738419      -1.25880682       3.30495322E-06  0.876479328       42.3538208       2.59156442       2.87602506E-06  -3.06987476    
   6.89540729E-02  0.227399215      -1.04701030E-08   4.86735345E-08   2.11366569E-09  -1.77865530E-07  -1.22179244E-09  -3.87058172E-08  -1.62001196E-02  0.599223912       5.01313480E-09  -1.94338163E-08
   2.86672730E-08  -1.97412618E-07   1.71936929       2.00929141      -1.41502824E-07   2.00079307E-06  -8.07139277E-03 -0.654479146       4.45183446E-09  -1.10870440E-06   3.51992639E-08   1.05502480E-07
  -2.79396772E-09  -3.44986617E-08   1.02911144E-07   2.33011619E-08  -1.01722777       29.7138500      -5.59375621E-08   3.40917012E-07  -5.11113285E-09   2.26838679E-07   1.71858119E-08  -2.84759608E-07
   2.03726813E-10  -1.65049894E-08  -8.20344687E-03 -0.607643604       1.48575054E-08   2.99290463E-07   4.36147973E-02  0.199766979      -1.06935119E-08  -1.86164044E-08   5.46606316E-10  -2.06555075E-08
  -1.27134714E-02  0.387223601      -5.87897375E-09   2.89970004E-08   3.65398591E-08   4.91654475E-07   1.56524038E-09  -4.98385937E-08   9.75276902E-02   1.24457109       8.72205419E-09  -1.57671195E-07
   8.60200089E-09  -4.52754492E-08  -5.35510480E-09   1.17541411E-07  -2.98896339E-08   6.47254481E-08  -5.65341907E-09  -5.76137396E-08  -4.90874896E-09  -1.66337699E-07   7.88099170E-02   4.50609662E-02
   9.96381283      -2.98254156       5.35573463E-06  0.220061719       69.4926529      -1.00083804       6.39208702E-06   2.42459702       41.0786095       2.71892405       3.36543280E-06 -0.107166529    
   6.70724288E-02  0.209789053      -3.82715371E-09  -1.16050607E-07   6.18911145E-09   1.85761564E-07   1.81967152E-09  -6.83342005E-09  -2.88352165E-02  0.567406774       1.12195266E-08  -4.97479675E-08
   9.05129127E-09   6.21891587E-08   1.72862554       2.14698029       4.72646207E-08  -6.97109556E-07   3.26808135E-04 -0.696571052      -2.11448423E-08  -9.46951246E-08  -2.93166522E-08  -3.40159900E-08
  -2.61934474E-09   8.89184051E-08   2.37487257E-08   1.28515308E-06  -1.41987610       22.9479828      -4.15529939E-08  -1.48118986E-07   8.60120508E-08  -6.56268568E-08   2.77359504E-08  -4.33410065E-07
  -2.04818207E-09   1.00066790E-08  -4.24694153E-04 -0.646131754       1.36133167E-08  -3.89521730E-08   4.22160029E-02  0.212162197       4.32515890E-09   6.66633611E-08   2.20688889E-09  -6.49762510E-09
  -2.10682787E-02  0.363347948      -1.90302671E-08  -1.80523173E-07   2.80188033E-08   3.01409216E-07   1.33422873E-09  -5.50703128E-08   7.77999386E-02   1.34687626       1.61526259E-09  -7.30689038E-08
  -8.73114914E-11   5.57419000E-08   2.16532499E-08  -4.02953511E-08   4.83123586E-09   1.11618121E-07   7.97444955E-09   8.53925641E-08  -1.33299238E-08   3.24382285E-07   7.97602162E-02   5.47752865E-02
   8.43112659      -2.65936995       8.38358574E-06  -2.52529573       62.3688164     -0.691063106       5.70584461E-06 -0.871610522       38.4713402       2.87612963       2.04135677E-06   3.12304592    
   6.63783550E-02  0.178875104      -8.87666829E-10  -3.45178286E-08  -1.41953933E-08   5.36418156E-07   1.34423317E-09  -3.11773931E-08  -4.15442772E-02  0.486840427      -5.98083716E-09   5.15331671E-08
   3.76167009E-09  -1.01048158E-07   1.74176490       2.25972438      -2.42085662E-07   1.10540554E-06   8.98126513E-03 -0.732293665       7.59882823E-09  -2.62397577E-07   9.95532901E-09   3.54747236E-08
  -1.83645170E-08   6.23547862E-08  -2.95985956E-08  -7.79434828E-08  -1.41947234       14.2925205      -7.62079253E-08   8.51602124E-07   5.56748887E-08   1.96846443E-07  -3.41970008E-09   3.71623372E-08
  -1.30967237E-09   7.51597895E-09   7.57116498E-03 -0.678521872       1.55268935E-08  -6.81309515E-08   4.09262739E-02  0.223288432      -5.54453550E-09   6.55276295E-08   8.04902811E-11  -5.59348878E-09
  -2.94082966E-02  0.306606948      -1.22236088E-09  -1.15801747E-07   2.26427801E-08   1.03135926E-06   1.83081283E-09  -6.75046241E-09   5.24874330E-02   1.41835821      -4.11455403E-09   3.47961972E-11
  -9.87711246E-09  -5.84576121E-09  -3.23634595E-08   4.67660897E-08  -1.04482751E-08   8.21886204E-08  -4.47471393E-09  -4.11639007E-08  -3.22727089E-09   7.36677634E-08   8.07007998E-02   6.49313256E-02
   7.22846889      -2.14192796       3.83806901E-06  -1.60923886       59.9459457     -0.360490382       3.61803927E-06  -2.48356652       34.4675598       3.07707000       4.40389067E-06  -2.69339323    
   6.81438372E-02  0.136048809       8.53287929E-09   1.34832419E-07  -2.67993983E-08  -2.09487226E-07  -4.52118343E-10   4.35576410E-08  -5.17765693E-02  0.331872940      -9.25501809E-09   2.99087404E-08
  -2.61788955E-08  -2.75138810E-08   1.75970280       2.34754777       3.33646312E-07   3.86922949E-07   1.79012008E-02 -0.762065649      -8.52909920E-09   6.07485276E-07   2.01434887E-08   1.17258111E-07
   6.10452844E-09  -4.23512070E-08   7.72997737E-08   8.78139360E-07 -0.999474823       6.60608292       2.07000994E-08   1.78047941E-07  -2.01724610E-08   5.34116786E-08  -4.88080332E-09  -1.97386882E-07
  -4.07453626E-10   3.24116400E-09   1.57812275E-02 -0.705193043      -4.44561010E-09  -2.50145831E-07   3.97640020E-02  0.233493373      -5.12436316E-10   2.37513724E-08  -1.71485226E-09   3.14212834E-09
  -3.59949172E-02  0.200108737       2.44472176E-09   1.17546207E-07  -1.63126970E-08   1.54711557E-07   2.80851964E-09   7.83641383E-08   2.09604520E-02   1.40393925      -2.99405656E-09  -1.82765625E-08
  -3.24507710E-09  -1.34688367E-08   1.90921128E-08  -2.47768970E-08   9.10949893E-09  -1.63282635E-07  -2.29556463E-09  -1.29826621E-08   9.94660354E-09  -8.99342822E-08   8.16379488E-02   7.51072243E-02
   7.48437119      -1.48742855       1.58218081E-05 -0.184163824       61.4007378      -4.93763536E-02   7.21944980E-06   2.67093396       29.1311111      -2.95044827       2.28026533E-06  0.593219161    
   7.39058405E-02  0.101086594      -1.39698386E-09   9.19572756E-08   4.32919478E-09   1.69813816E-07  -4.42378223E-09  -1.45777417E-08  -5.31876981E-02   9.48747918E-02  -8.62200977E-09   2.94207450E-08
  -1.07684173E-09   8.11606782E-08   1.78419077       2.41183662       3.51923518E-07   3.19877302E-07   2.71493550E-02 -0.786102295      -3.87113630E-09   3.40186084E-08   2.03890522E-08   4.59972540E-08
   1.73022272E-08   7.92247334E-08   8.24220479E-08   1.08174527E-06 -0.373485208       2.12161231       9.93168214E-09  -3.07312291E-07  -4.12524059E-09  -2.53212932E-07   1.81171345E-09   3.66153792E-08
  -1.61526259E-09   5.88228755E-09   2.42656134E-02 -0.726510167       3.74202500E-08  -2.11538975E-07   3.87426652E-02  0.243057057       1.88240534E-09   8.36730933E-08   2.61479727E-10   1.57202269E-08
  -3.65631059E-02   3.94601822E-02   2.35158950E-08   2.82349788E-07  -2.49274308E-08   9.14286147E-07  -1.17870513E-09   1.42440712E-07  -1.13197919E-02   1.21049464      -2.05182005E-09  -1.32858716E-07
  -1.54395821E-08  -9.91426035E-08  -5.93718141E-08  -4.05058778E-08  -1.16415322E-10  -5.04089712E-08  -3.87808541E-09  -1.44367348E-07  -9.60500302E-09   1.42883394E-09   8.26350003E-02   8.47544223E-02
   9.19326210     -0.974570453       1.14461263E-05   2.79047084       64.4816589      0.222709596       4.67313794E-06   2.10355163       23.2372189      -2.64710021       3.18871321E-06   2.16195560    
   8.23378861E-02  0.119321600       1.57160684E-08  -2.02843225E-07   1.42026693E-08  -3.87155268E-08   2.51748133E-09   7.54438574E-08  -3.91524918E-02 -0.142521009      -5.69707481E-09  -3.59858312E-08
   2.84708221E-08   2.48209972E-07   1.81680751       2.45478201      -5.07570803E-08  -5.12106055E-07   3.69024836E-02 -0.804514349       5.73195322E-08  -3.12520598E-07   2.04504431E-08  -2.07995043E-08
   1.86555553E-08   6.45899547E-08   1.17346644E-07  -5.86845886E-07  0.206102863      0.801073968       1.88883860E-08  -2.02497205E-07   1.98947419E-08  -2.63482519E-07  -9.34596756E-09   9.54431911E-08
  -9.16770659E-10  -5.45938894E-09   3.31804827E-02 -0.742587566      -8.86211637E-09  -2.93730515E-08   3.78672741E-02  0.252259910      -1.31041133E-09  -3.53262379E-08   2.27373675E-10  -4.68661661E-08
  -2.67420039E-02 -0.119468160       2.54658516E-08   5.10568228E-08  -4.51473170E-09   7.15487545E-08  -1.26146915E-09   3.22949774E-08  -2.79364698E-02  0.809499800      -1.33331923E-09  -1.43405083E-08
   2.52475729E-09  -2.22604672E-08   8.38190317E-09   1.66088459E-08  -8.81846063E-09   2.98959236E-07   1.90993887E-09  -1.05054792E-08  -2.43801423E-09  -4.85685447E-08   8.37829858E-02   9.32641774E-02
   11.2391672     -0.687154591       1.02150088E-05  0.919343114       66.4845428      0.464380324       3.87798264E-06  -2.38020754       18.5944328      -2.32352018       4.39259884E-06   2.04814172    
   8.73868093E-02  0.205550462       2.09547579E-09  -3.11593595E-07  -1.58033799E-08  -2.78435230E-08   1.56433089E-10   1.75410229E-08  -1.55335627E-02 -0.234714165      -1.17870513E-09   1.91374632E-08
   7.61974661E-09   1.05345293E-07   1.85890687       2.47741628       5.01167960E-08  -6.28264090E-08   4.73997742E-02 -0.816891551       1.57251954E-08  -2.78562283E-07  -2.30497790E-08   9.50923749E-08
   1.06665539E-08   1.11374092E-07   1.35041773E-08  -2.48767208E-07  0.634425819       1.42865789      -2.71393219E-08  -4.54539560E-07  -1.26667032E-09  -4.10093293E-07   3.36876838E-09  -2.01171432E-07
  -2.49929144E-09  -3.09372461E-09   4.27408293E-02 -0.753051579      -3.09955794E-09  -2.30918786E-07   3.71475257E-02  0.261443913      -3.24190808E-09   1.91845633E-08   4.76188688E-09  -1.17006254E-08
  -1.06329396E-02 -0.179091930      -6.17001206E-09   1.31998917E-07   1.67055987E-08  -1.86337417E-07   3.45244189E-09  -4.49185045E-09  -1.74236242E-02  0.389938474      -6.77778189E-09  -1.84830213E-08
   1.57888280E-09   5.71149172E-08  -2.30502337E-08   3.68073927E-08  -7.77072273E-09  -2.64949751E-08  -1.92812877E-10   1.12811875E-07   1.01884154E-08   3.73468723E-09   8.51953179E-02  0.100151896    
   13.2031689     -0.541758239       1.52879184E-05  -1.06795311       64.8850632      0.696136534       3.13077999E-06  0.314351112       16.5930920      -2.00035667       5.92744527E-06 -0.909153104    
   8.57305229E-02  0.303482562      -1.97906047E-08   2.34159927E-07   1.03027560E-08  -1.89519099E-07   6.98491931E-10  -4.49269848E-08   3.07269511E-03 -0.168330699       7.42147677E-09   4.38232277E-08
   4.55838745E-09  -1.72840117E-07   1.91306090       2.47955632       1.17579475E-08  -7.25372502E-07   5.89945987E-02 -0.822027087      -2.55022741E-08   7.18211481E-08   4.88580554E-09  -8.15349139E-08
  -8.88212526E-09   4.87288112E-08   7.91624188E-08   1.98839714E-07  0.904795229       2.92947173       1.50903361E-08   4.62351409E-07   1.93424832E-08  -3.21673532E-09   1.49084372E-08  -1.05061284E-08
   8.56744009E-10   8.17597545E-09   5.32721207E-02 -0.756917775      -3.81987775E-09  -1.19451002E-07   3.65967900E-02  0.270971000       1.02878417E-09   1.81976123E-08   4.90445018E-10  -3.39200774E-08
   1.92198239E-03 -0.132049054      -2.39815563E-08   4.56219418E-08  -1.16415322E-10  -1.37090666E-07   1.14960130E-09   8.87016682E-08   7.19284499E-03  0.155219898      -1.20598997E-09   2.93517513E-08
   9.41508915E-09   3.27141194E-08   2.79396772E-09   4.51313831E-08  -7.33416528E-09  -1.93361807E-08  -4.85306373E-09  -6.29243502E-08   9.53278345E-09   5.92695919E-08   8.70539397E-02  0.105388723    
   14.8406181     -0.447694182       1.21390212E-05 -0.288055450       57.8232574      0.931260943       4.09544555E-06   1.95374584       16.9622002      -1.70150232       1.40185057E-06  0.226798832    
   8.00113082E-02  0.361628473      -6.28642738E-09   8.62138592E-08  -1.10449037E-08   1.57272936E-07  -1.38243195E-10  -2.71102181E-08   1.16549078E-02  -4.10621427E-02  -4.08908818E-09   2.92571443E-08
   2.08092388E-09  -1.49779737E-07   1.98287249       2.45622063      -1.37486495E-07   8.00845953E-07   7.21580386E-02 -0.817324281      -8.27049007E-09  -1.13912442E-07   7.19319360E-09   4.31490266E-09
  -1.98051566E-08  -2.03915988E-07   8.84756446E-09   1.07767324E-08   1.04530382       4.56573153      -1.78260962E-09   1.79331565E-07  -2.31608510E-08  -1.21613169E-07   5.27506927E-11  -4.73797357E-08
   1.37333700E-10  -3.70450182E-09   6.52061179E-02 -0.751824439       1.21508492E-08  -4.44540206E-07   3.62437554E-02  0.281260967      -4.06990353E-09   1.67524785E-08  -2.20779839E-10   3.71292117E-08
   7.64168007E-03  -4.49695997E-02  -3.23634595E-08   1.36729795E-07   9.31322575E-10   0.00000000       2.70301825E-09  -1.68491692E-08   2.95985974E-02   9.49045047E-02  -1.07920641E-08   4.49077469E-08
  -1.12631824E-08  -5.18840748E-09  -2.49128789E-08   1.14839551E-07   5.23868948E-09   1.86277504E-07  -2.89583113E-09  -2.85015091E-07  -5.47743184E-09  -4.93654291E-08   8.95711705E-02  0.109670810    
   15.5281143     -0.357629895       2.80155691E-05 -0.731638372       45.7807121       1.15866935       2.62853905E-06  0.812620044       18.5253754      -1.44846439       7.67976053E-06 -0.875626206    
   7.36834556E-02  0.365946621      -6.51925802E-09   5.82131356E-08   1.79497874E-08  -1.56274552E-07  -2.80488166E-09   2.85868076E-08   1.27973044E-02   8.04839879E-02  -5.89352567E-10   2.06604653E-08
   1.00699253E-08  -6.32266563E-07   2.07408643       2.39700747       1.57742761E-08   1.12406792E-06   8.75772983E-02 -0.798523962      -6.11382802E-08  -2.46586950E-07   1.36060407E-08  -2.89008302E-08
   1.72294676E-08  -1.81179729E-07   3.72529030E-09   4.49072758E-07   1.10148239       5.73244286      -6.41739462E-09   3.15494418E-07  -8.69044925E-09  -1.82638843E-07   3.01733962E-08  -8.66537633E-08
  -1.81148607E-09  -2.59013806E-08   7.91568607E-02 -0.733835816      -5.34018909E-08   2.73220593E-07   3.61333713E-02  0.293045312      -3.30675354E-09   1.19626051E-08   1.93381311E-10  -3.18461382E-08
   8.33266694E-03   3.73051427E-02  -1.02445483E-08  -1.12268189E-07   2.82598194E-08   1.35051010E-07  -1.09139364E-11  -9.81696999E-08   4.50911522E-02  0.122607835       2.62116373E-09   4.39630448E-08
  -7.79255060E-09  -1.36588639E-07  -6.79865479E-08  -5.85596425E-08   2.77359504E-08  -1.91704871E-07  -1.43336365E-09  -1.00503208E-07  -6.66094024E-09  -1.07373786E-07   9.29708928E-02  0.114628650    
   14.5189447     -0.256734967       1.91021445E-05   1.72417164       33.1709671       1.38328123       4.58454906E-06   2.23213935       20.0379963      -1.23574197       8.01950250E-07 -0.874408603    
   6.93434626E-02  0.317216426       1.62981451E-08   2.73592832E-07  -9.26957000E-09  -2.52040252E-07  -5.13500709E-09   2.23541008E-08   9.41193849E-03  0.171567112       3.28145688E-09   5.67758534E-08
  -5.25324140E-09   2.55825313E-07   2.19673872       2.28702354       1.80443749E-08   6.90038121E-07  0.106274493     -0.758337498       1.08815073E-08   1.20403598E-07   1.84663804E-08  -4.85823186E-08
  -4.27462510E-09   1.26643556E-07  -6.75208867E-08   5.75684908E-07   1.13327801       6.25125217      -2.43890099E-08   2.56226087E-07   2.42836506E-08   3.78523424E-07  -2.65549716E-08  -1.09800048E-07
  -2.72848411E-12  -9.26225674E-09   9.60384533E-02 -0.696282387       3.24871507E-09   2.24431602E-08   3.63445356E-02  0.307572782      -3.28932614E-09  -7.50471063E-09  -1.90601668E-09  -3.96763014E-08
   5.98865468E-03   9.81881991E-02   4.88944352E-09  -1.70995506E-07   4.36120899E-08   2.23541008E-07   8.29459168E-10  -1.19785915E-08   5.46940193E-02  0.184047729       3.35785444E-09  -3.35756809E-08
  -6.26459951E-09   1.78120324E-10  -3.46917659E-08  -1.69214303E-07   1.45228114E-08   2.22383221E-07   2.35741027E-09  -1.30461999E-07  -2.40822828E-09  -1.97889243E-08   9.74821895E-02  0.122878045    
   11.2680387     -0.152353153       2.05789202E-05   1.26560295       24.0728359       1.72349703       2.21157666E-06  -2.97568226       20.4494724      -1.04540598       2.96451844E-06   1.30599511    
   6.97766170E-02  0.227094367       6.98491931E-10  -1.31750824E-07   4.07453626E-10   9.44214307E-08   3.71619535E-09  -5.71148995E-08   3.39316088E-03  0.216783330      -1.17870513E-09  -2.79284311E-08
   5.39876055E-09   1.94515465E-07   2.36943340       2.11733532      -2.29454599E-07   1.56984777E-06  0.129981473     -0.683886707       5.18918171E-08   2.47440965E-07   8.13342922E-08   2.13980726E-07
   3.63797881E-09  -2.63959130E-08   8.05594027E-08   1.22967447E-06   1.17660320       6.49685049       1.08120730E-08   2.06592617E-07   4.22281232E-08   2.61738347E-08   2.72848411E-10   2.16010743E-09
   3.95630195E-10   3.18397824E-08  0.117396235     -0.627479911      -3.71073838E-10  -3.97082367E-08   3.70046496E-02  0.327059418       1.55753099E-09  -2.45313725E-08   1.66585323E-09   2.82600965E-08
   1.92327949E-03  0.127322599       2.86381692E-08   2.69357258E-07  -1.74622983E-10   1.86647014E-07  -8.65838956E-10   8.61412559E-08   5.99293336E-02  0.256303519       4.76484274E-09  -7.09304402E-08
   2.14640750E-09  -1.52794364E-08   8.73114914E-08   2.72651022E-07  -3.19560058E-08  -8.37395433E-08   8.40373104E-10   6.89690438E-08  -5.62650371E-09  -2.57863721E-08  0.103383593      0.137936369    
   6.02207613     -0.132474810       1.93677570E-05  -1.33010852       21.1830177       2.30932117       5.22163828E-06 -0.957436979       19.0081272     -0.867413998       4.78679158E-06  -2.60930347    
   7.76712447E-02  0.145118281      -1.62981451E-09   2.07391054E-07  -2.45927367E-09   4.97813666E-08   2.12457962E-09  -2.05935180E-08  -2.81024398E-03  0.197442591       1.24418875E-09   9.67918865E-08
  -2.01907824E-08   1.37509289E-07   2.62711930       1.91243398       2.76544597E-07  -8.01667852E-07  0.161925465     -0.549048543       4.34834675E-08   5.67787197E-07   3.55184966E-08   1.33705242E-07
  -8.11996870E-09   1.85975679E-08  -2.09547579E-08   1.08805159E-06   1.22267997       6.75866556      -5.77711035E-09  -6.44339977E-08   3.52068810E-08   2.67483500E-07   9.67702363E-10  -3.24048521E-08
  -8.20364221E-10  -7.23238758E-09  0.146107286     -0.503907204       8.08176992E-09  -9.62752864E-08   3.83405499E-02  0.355982840      -1.67467817E-10   1.49850425E-08  -2.00316208E-09   4.40283321E-09
  -2.15155492E-03  0.112604119       1.90921128E-08  -4.65878465E-08   2.24536052E-08   1.95931946E-07   3.01952241E-10   1.55918993E-08   6.15651831E-02  0.325771183       2.18301466E-09   7.78186120E-08
   4.51109372E-10  -3.13716555E-08  -2.65426934E-08   8.90428993E-08   2.18860805E-08   5.96437122E-09  -2.57205102E-09  -6.02366299E-08   3.25650262E-09  -1.73405592E-08  0.111083530      0.164072037    
   1.72297680      -1.19128799       2.23970856E-05  0.788513482       26.0841866       2.87679005       2.82144447E-06   1.56861055       15.7896824     -0.716159523       2.04880143E-06   1.94480479    
   8.95656869E-02  0.167741328       6.05359674E-09  -3.23771552E-08  -1.66910468E-08  -2.88889026E-07  -1.41881173E-10   5.47328085E-08  -4.90577379E-03  0.121390022      -1.59343472E-09   4.06882563E-08
   6.11726136E-09  -6.16707680E-08   3.02059579       1.89052641       3.85334715E-08   2.28189083E-06  0.207938567     -0.324803263      -2.59259849E-08  -2.01753451E-07  -2.32155344E-08   1.14331826E-07
  -9.89530236E-10  -4.58676368E-08  -7.26431608E-08  -1.12857515E-06   1.26823640       7.08911610      -2.54367478E-08  -4.27359168E-07  -1.45328158E-08  -4.54422953E-08  -1.05064828E-08  -7.68475630E-08
  -8.91304808E-10   1.73449044E-09  0.186891764     -0.299191892       2.03763193E-08   6.61033539E-08   4.10865359E-02  0.398446262       9.51246193E-10  -4.80797873E-08  -4.91354513E-09   3.64483874E-08
  -3.29474686E-03   6.19621351E-02   1.74622983E-09  -1.54176931E-07  -1.90339051E-08  -1.61693052E-07   6.33008312E-10  -5.19383505E-08   6.06321022E-02  0.373542845      -1.97474037E-09   3.48223033E-08
  -4.07453626E-10  -6.93796176E-09   4.65661287E-08   5.58505917E-07  -7.27595761E-10   3.52222003E-07  -6.21002982E-09   6.26283523E-08  -1.71682757E-08  -2.94153097E-07  0.120730914      0.209109947    
   4.06068802      -2.43441939       2.36099186E-05   1.21177495       34.7902184      -3.04255486       2.51594975E-06  -2.52221966       11.6763735     -0.567254305       6.70934287E-06  0.564836442    
   9.88240540E-02  0.324284017       3.37604433E-09   5.97506414E-07  -1.63126970E-08  -1.25863622E-07  -4.82214091E-09   6.63896031E-08  -1.31739979E-03   5.25284484E-02  -1.03755156E-08  -1.91364080E-07
   3.27563612E-08   3.76207737E-07   3.81270385       2.63739228       9.82545316E-08  -3.64945208E-07  0.287720889      0.298001468       3.68622750E-08  -1.01475382E-06  -2.14295142E-08  -1.66072795E-07
  -3.57977115E-09  -1.43053782E-07  -9.12696123E-08  -4.17306069E-07   1.29978621       7.37344217       3.62342689E-09  -7.21196542E-08  -3.60500962E-08  -1.48336184E-07   2.55258783E-08   1.87115930E-07
   2.54658516E-11   4.44573232E-08  0.258794934      0.263788253       2.29988473E-09   1.26061209E-07   4.52271998E-02  0.501760185       4.19774437E-09  -6.96486495E-08  -3.54702934E-11   1.35594833E-08
  -7.29824125E-04   1.70291737E-02   1.62981451E-09   4.10983247E-08   1.93540473E-08   9.93868170E-08   5.60976332E-09  -1.80793105E-08   5.87044917E-02  0.383697182       5.28393684E-09   8.43268992E-08
  -1.20489858E-08  -9.78061081E-08  -6.28642738E-09  -7.36213281E-07   5.47443051E-08   3.41950894E-08   5.12955012E-09  -3.39017951E-08  -1.08997256E-11   1.67641154E-08  0.136544392      0.280165195    
   5.93603563      -2.90011120       2.13294225E-05 -0.781961739       42.1262932      -2.81245255       3.79875587E-06  -2.47890425       7.82453394     -0.324028701       4.05990568E-06 -0.260653764    
   9.74805057E-02  0.496929079      -2.44472176E-09  -3.46603031E-07   1.68074621E-08   4.98039405E-08   2.53749022E-09  -1.92838421E-08   4.35750047E-03   4.64026779E-02   3.56521923E-09   2.12577800E-09
  -6.82193786E-08  -1.22201857E-06   5.57451487       9.76044273      -1.92783773E-07   2.97770862E-06  0.445561588       2.19839263      -9.15341616E-08   9.72363068E-07  -2.66809366E-08   3.76566362E-07
  -4.58385330E-10  -1.96786303E-07  -3.02679837E-08   3.69277984E-07   1.32959664       7.68807173      -1.05719664E-08   6.53929746E-08   5.18109289E-08   5.05128469E-07  -1.87683327E-08  -3.22359028E-07
  -3.37604433E-09  -5.56751374E-08  0.399888903       1.97536540      -2.73248588E-08  -7.26611120E-07   5.30363806E-02  0.766593993       1.25874067E-09   2.59711861E-08  -6.45559339E-09   2.50031977E-08
   3.08776018E-03   1.63229145E-02   1.00117177E-08   1.94356844E-07  -3.75439413E-09  -4.69695692E-07   6.01175998E-09  -1.61964031E-09   5.81522696E-02  0.373153478      -6.69388101E-10   1.79046182E-08
  -7.92215360E-09   1.98405932E-08   9.35979187E-08  -8.56384830E-08   3.69618647E-08  -5.76452749E-07  -1.32204150E-08  -3.16842126E-08  -1.06244746E-08  -1.91299449E-07  0.161587417      0.430086434    
   8.47380257       2.93981814       2.29352790E-05   2.14852977       43.3037224      -2.69106603       2.69377438E-06   2.22784352       4.85318661      0.255898982       5.94929043E-06 -0.281803578    
   9.18962285E-02  0.577755272      -6.92671165E-09   7.06553351E-07   3.66708264E-09   3.14092830E-07   2.84671842E-10   8.43800478E-08   7.40078650E-03   7.33441561E-02  -4.96220309E-09   3.42081297E-09
  -1.04773790E-07  -5.15817135E-07   10.6852722       44.3388176      -1.56438909E-06  -5.86016358E-06  0.914070010       7.38387346       1.29874934E-07   1.29946829E-06  -3.85480234E-07  -4.67469636E-06
   1.74622983E-09  -4.33302972E-07  -1.61584467E-07  -5.04207094E-07   1.35635388       7.43809795      -5.73345460E-09   3.81679797E-07  -6.33300345E-08  -4.91174944E-07  -3.47035893E-08   2.17273453E-07
   6.41739462E-09   1.57564717E-08  0.721033752       5.87039328      -1.72753062E-07  -1.04687240E-06   8.19308460E-02   1.24928141       1.42744057E-08  -2.47020910E-08  -2.33485480E-08  -2.82968614E-07
   5.20785479E-03   4.29622643E-02   5.43659553E-08  -1.16100317E-07   9.73523129E-09  -4.54864448E-07  -7.07586878E-10   4.11274996E-08   5.92732280E-02  0.339902133      -2.84671842E-10  -1.29057938E-08
   7.19592208E-09  -1.80784781E-07  -3.39932740E-07  -2.53865778E-06   5.59666660E-08  -4.70880082E-07  -4.69954102E-08  -5.09876031E-07  -1.17432535E-08  -1.71610779E-07  0.210516170      0.800034165    
   12.3686810       2.72756195       5.80483465E-05  -3.05915093       40.5575676      -2.57029152       8.16893680E-06  -2.87279820       5.94606638       1.22571182       1.80467623E-06  -2.32750750    
   8.69949460E-02  0.610121608       3.28291208E-08   1.43948978E-06   7.07586878E-09   5.09253425E-07   2.15823093E-09   1.58080752E-07   8.85889679E-03  0.125995472      -1.30967237E-10  -1.96486951E-07
   1.61468051E-07   7.63880166E-07  -7.44895458       142.255127       4.51807864E-07  -4.74284707E-06  -1.21989202       8.74021053       7.96455879E-09  -4.33429068E-06  -2.95221980E-07   3.36956032E-06
   1.71075953E-08  -6.27230463E-07   3.61818820E-07  -6.85794646E-07   1.37278104       7.62709999      -5.09317033E-10  -8.60426113E-08   9.94866411E-10   2.63463221E-07   2.07683115E-09  -6.63408684E-07
   7.46513251E-09   2.07520770E-07 -0.964211226       6.80785847      -5.24378265E-08  -1.66117411E-06  -9.80276838E-02  0.511400521       1.08195728E-08  -4.46094095E-09  -1.29093678E-08   7.41865591E-08
   6.07436150E-03   7.88177922E-02  -4.92436811E-08  -6.94282164E-07   4.41796146E-08   8.33053775E-07   3.56158125E-09  -1.16173439E-07   6.02022558E-02  0.327655405       1.46046659E-08   6.30466346E-08
  -1.61817297E-08  -4.74454453E-07  -2.51922756E-07   1.60414828E-07   1.94413587E-08   2.31519334E-06  -4.12328518E-08   9.60552811E-08   1.06300604E-08  -1.34081859E-07  0.315736145       2.47512221    
   15.4563179       2.60090041       3.48139874E-05  -1.81461370       33.4434128      -2.47960973       4.67462178E-06  -1.43699598       9.45543575       1.67642796       1.34075590E-05   2.47864413    
   8.53841826E-02  0.604160786      -8.73114914E-09  -4.58421994E-07  -9.01854946E-09   2.42451421E-07   1.35605660E-09  -2.95195992E-08   8.21139850E-03  0.178436637       7.90896593E-09   3.29924923E-08
  -1.76441972E-09   1.46295662E-07  -2.52518511       31.4524727      -2.00059731E-07  -3.97906842E-06 -0.438365132     -0.610832989      -1.22041996E-07  -5.65108337E-07   1.18291155E-07  -1.08907784E-06
  -1.19252945E-08  -1.69303576E-07   1.86730176E-07  -1.56280225E-06   1.38350058       7.72774982       1.00117177E-08   9.85433672E-08  -4.95200112E-08   6.88487660E-07   5.92049219E-08   6.20020103E-07
   1.68347469E-09   3.68045363E-08 -0.344330072     -0.520586312      -2.13185558E-08  -4.35956736E-07  -1.61893424E-02   3.34358625E-02  -7.21508542E-09  -1.26200192E-07  -2.88991941E-10   2.49766885E-07
   5.57678333E-03  0.113064952       2.32830644E-10   3.07351115E-07  -3.55648808E-08  -1.08527942E-09  -3.49427864E-09   3.69537609E-08   6.13904856E-02  0.319483548      -7.56654117E-09  -1.84714551E-07
   3.43425199E-08   3.84623007E-07   2.03959644E-07   5.46633510E-06   2.14087777E-07   1.58190323E-06  -2.48910510E-08   5.85725275E-07   4.92335630E-08   2.69698717E-07 -0.146764398       6.95518923    
   17.1697254       2.46746206       1.49390271E-05  -2.09230089       23.5483246      -2.35842395       2.35960101E-06 -0.953783095       12.4487562       1.89255941       6.27192662E-07  0.113470592    
   8.80565494E-02  0.608762145      -5.89352567E-09  -4.22541035E-07   3.83708993E-08  -2.63200462E-07  -1.93847427E-09  -3.48418823E-08   5.92462439E-03  0.214874685      -4.50381776E-09  -7.37893373E-08
  -1.48429535E-08   2.03725136E-07 -0.668823421       23.8819828       2.83238478E-07  -9.87290241E-06 -0.216772065     -0.651937604      -4.25211510E-08   9.49772414E-07  -7.11152097E-08   5.78414074E-07
   5.82804205E-09  -8.03360578E-08  -1.14087015E-07  -3.69279576E-07   1.39443660       7.70537329      -3.34184733E-08   1.96401686E-07  -1.19791252E-08  -2.56842725E-07  -1.07029337E-08  -6.27708687E-07
  -1.93540473E-09  -9.18205600E-09 -0.169471100     -0.536374688      -3.73747753E-08   5.08203243E-07   2.16543605E-03  0.102755189      -2.80084578E-09  -2.27372272E-08  -1.57333488E-08   3.45367361E-08
   4.10634931E-03  0.136027023      -4.30736691E-09   1.50907510E-07   9.47329681E-09   8.01141340E-08  -4.07635525E-09   3.52302472E-08   6.26951382E-02  0.316296220       7.85621523E-09   8.89355647E-08
  -5.63159119E-09   2.99151964E-07  -7.86967576E-08   2.04524076E-06   2.27882992E-08  -4.04787215E-07  -8.05084710E-09  -1.27050814E-08   9.23898824E-09   4.74858467E-07 -0.101255871       1.30053139    
   18.0280743       2.31626129       2.66686184E-05  -2.72469449       12.1228094      -1.98994088       1.48788467E-06 -0.257696092       13.7064829       2.02962971       1.57936665E-06  -1.48107243    
   9.31179374E-02  0.685407579       6.31553121E-09  -4.89865840E-07   1.80625648E-08  -2.95280273E-07  -2.39469955E-09   1.45145442E-08   3.12098325E-03  0.220056593      -7.15226633E-09  -1.05457234E-08
   4.59258445E-08  -1.95946342E-07 -0.705281496       25.6940784      -1.22410711E-07   8.08097229E-06 -0.203457505     -0.360510975      -5.88192961E-09  -6.09766801E-07   2.01143848E-08   3.43586464E-07
   3.13593773E-09  -2.09100151E-07   7.33416528E-08   2.65616154E-06   1.41014814       7.59238672      -3.48154572E-09   1.36527433E-07  -1.41766918E-08   2.76921810E-07   5.63068170E-09  -4.73707104E-07
   1.43973011E-09   8.16443091E-09 -0.158706829     -0.301342040       2.28283170E-08   3.67966386E-08   3.42933810E-03  0.139051378       3.69458419E-09  -2.58458375E-08   8.58335625E-11  -1.85684113E-09
   2.42250925E-03  0.139709517      -2.30502337E-08   2.92105199E-07  -1.89320417E-08   1.24507579E-07  -3.03225534E-09  -9.12828746E-09   6.39132410E-02  0.319046170      -1.48139634E-09   7.14954709E-08
  -5.53700374E-09  -2.51736623E-08   1.83936208E-08   2.03203626E-07  -6.47560228E-08   9.73608394E-07   1.58979674E-09   9.09993858E-08   2.47256366E-08  -1.76724370E-07  -1.97160058E-02  0.761178136    
   17.7126331       2.20558476       1.40364218E-05  -1.49467254       8.86329460     -0.466952741       1.78319317E-06   2.70025659       12.9362946       2.12158155       1.77989739E-06  0.881257296    
   9.51309428E-02  0.851681292       1.31549314E-08   8.89561775E-08   6.48287823E-09  -3.68797487E-07  -1.81807991E-09  -1.04245523E-09   1.69442897E-03  0.196716473      -4.18367563E-09  -5.59450939E-08
   2.36905180E-08   1.63086327E-07 -0.394434035       16.5973797       8.41682777E-08  -3.27562589E-06 -0.155593932      -1.07171166       6.29923989E-08   1.28218375E-07   2.01289367E-08   6.22461584E-07
   1.86628313E-09   1.13511788E-07   4.40049917E-08   2.42405577E-06   1.43245125       7.42996979       5.68252290E-09   3.74125584E-08   4.41112604E-08  -6.96798068E-08  -6.66659616E-09   1.43221754E-07
   8.36735126E-11  -1.96329069E-08 -0.120877199     -0.850569606       5.57483872E-08   3.99607814E-07   7.49618653E-03   9.96258184E-02  -2.12124718E-09  -6.96135771E-08   6.21639629E-10   3.76659344E-08
   1.62710936E-03  0.127818495       3.49245965E-10   1.18608234E-07  -9.90985427E-09   5.27945645E-07   2.56477506E-09  -1.21619772E-08   6.47854805E-02  0.325121671       3.46472007E-09  -1.35229605E-08
   3.33238859E-09  -6.64854767E-08   3.72529030E-08  -5.74508647E-07  -9.69157554E-08   1.49928223E-06   2.93948688E-09   8.81453772E-08  -6.40417852E-09  -4.76323066E-07   1.59725901E-02  0.948798358    
   14.3238506       2.12951040       1.58679941E-05   1.76276624       20.0658550      0.211414278       5.01207921E-07   1.56324577       10.5235300       2.19529915       3.70469706E-06   3.01390570E-02
   9.06928405E-02   1.03127158      -1.71130523E-08  -1.58943905E-07   1.61453499E-08  -1.67931802E-07  -1.40062184E-10  -3.02158973E-08   2.41170195E-03  0.175922245      -5.03496267E-09  -1.57288227E-08
   9.44419298E-09  -3.61408155E-07  -3.50446664E-02   13.6216764      -2.40281224E-07   5.14580870E-06 -0.112100959      -1.23356187       1.86252009E-08  -5.42252678E-07   1.72021828E-08   3.08663374E-07
  -7.99627742E-09   2.14763489E-07  -2.07452103E-07   1.81650171E-06   1.46266377       7.24417353      -2.43308023E-08   2.08140829E-08   2.03047712E-09   5.20812193E-07   7.99286681E-09   2.24638342E-07
  -4.27462510E-10   3.92629289E-08  -8.67369026E-02 -0.969513118      -5.84259396E-09   2.59821235E-07   1.06953690E-02   9.54017639E-02   6.14408791E-09   2.31112374E-08   1.39880285E-09  -4.57155869E-09
   2.03394983E-03  0.119296022      -1.38534233E-08  -3.78437868E-08   4.32191882E-09   5.43294846E-07  -9.45874490E-10  -9.46094647E-10   6.53619617E-02  0.328037739       1.02852482E-09  -1.94452014E-07
  -3.84716259E-09  -6.76457645E-08   1.58324838E-08  -2.45984609E-07  -7.94243533E-08   1.31790989E-06   6.89396984E-09   3.70750826E-08  -1.33588074E-09  -1.01145275E-07  -2.77524628E-03   1.15949869    
   7.66899157       1.88157654       1.11604659E-05  -2.49366188       30.1429577      0.413300782       1.73699846E-06  -2.41952062       6.85868216       2.32135892       2.01156195E-06   2.84443474    
   8.27084184E-02   1.14818633       7.56699592E-09  -1.08142991E-07   1.10376277E-08  -2.46218406E-07  -1.85536919E-10  -1.50869128E-09   3.96595290E-03  0.182130307       4.50381776E-09   1.14057059E-07
   1.20053301E-08   4.68297756E-08  0.227728382       12.8137455      -1.50117557E-07   9.18249839E-07  -8.08645636E-02  -1.24148500      -3.59935370E-09  -7.88112047E-08   1.08311724E-08  -4.25994074E-07
  -1.73531589E-09   3.10911105E-07   1.22934580E-07   4.09398467E-07   1.50276995       7.05985355       1.37515599E-09  -3.33119026E-08   3.44889202E-08   6.70377517E-07  -1.01390469E-08   5.17843205E-07
  -5.11363396E-10  -1.10737934E-08  -6.23185933E-02 -0.969376624      -5.31144906E-10   2.38976696E-07   1.28604909E-02   9.73714069E-02  -1.11190879E-09  -2.41959892E-08  -1.60497393E-10  -3.43151818E-08
   2.80609750E-03  0.126825511      -1.04773790E-09  -4.61538832E-07   8.41100700E-09   1.80318779E-07  -2.16459739E-10  -4.04329237E-09   6.60410151E-02  0.324573487      -4.07885636E-09  -4.54417801E-08
  -1.73167791E-09  -5.60026194E-08  -1.90921128E-08  -5.17541423E-07   9.60426405E-09  -3.79466030E-07   8.18545232E-10   1.71990813E-08  -1.83341626E-08   1.90273312E-07  -1.99741172E-03  0.695448339    
   4.97861528      0.288198233       4.83248368E-06  -1.30683255       35.0250969      0.523350716       6.75733588E-07   2.74971700       2.59568143       2.88383722       4.46567810E-06  -1.71266222    
   7.52146542E-02   1.20335627      -1.52504072E-08   1.37904223E-07  -1.27329258E-09   3.20134816E-08   8.78571882E-10  -2.77039724E-10   4.90267621E-03  0.213531256       9.35688149E-09  -3.16440953E-08
   2.58733053E-08   3.44760565E-07  0.377854526       13.5952702       4.73810360E-08  -1.75630873E-06  -6.04260676E-02  -1.12727392       4.48882815E-08  -1.80058507E-07   1.69275154E-08   2.14120931E-07
   6.68660505E-09   2.76300966E-07  -1.35041773E-08  -1.38692246E-06   1.55549443       6.90416145       1.76150934E-08   2.42563676E-08   1.46246464E-08  -9.42954728E-08   1.21981429E-08  -1.88817964E-07
   1.29512046E-09  -5.86400750E-09  -4.62764651E-02 -0.875338733      -1.05792424E-08  -2.02485268E-07   1.42877977E-02  0.105253033      -1.04859765E-09   1.69219696E-08   1.53090696E-09  -5.27241255E-08
   3.15079512E-03  0.147934198      -1.13504939E-08   2.58077904E-07   1.30166882E-08   8.12649859E-09  -7.27595761E-12  -1.71456822E-08   6.71855509E-02  0.316350430       1.01044861E-09   1.19896640E-07
   3.41970008E-09   1.02443138E-07   2.37487257E-08  -7.88024153E-08  -3.12429620E-08   3.98937203E-08  -1.20053301E-09   2.40101095E-09   2.09354312E-09   1.68277836E-07   1.26960641E-02  0.543997347    
   12.8398008     -0.331856757       2.39872152E-05  0.865077078       33.8743820      0.593556702       2.81896223E-06  -1.30801332       3.86989260      -1.49951291       4.56190492E-06   1.78467512    
   6.96068555E-02   1.23433530       1.30385160E-08   4.21889119E-08   3.22761480E-08  -6.02698762E-08  -1.58252078E-09  -3.73547664E-08   4.60032979E-03  0.257789582       3.17959348E-09   5.12293958E-08
  -8.80390871E-09   6.39865164E-07  0.404832304       13.1975050      -1.87486876E-07   1.55094483E-06  -5.28456010E-02  -1.10288811      -5.45102239E-08   8.84166127E-07  -1.38352334E-08  -4.26660506E-07
   1.98706402E-08  -1.78298379E-07   8.87084752E-08   4.58051062E-07   1.62571859       6.78560448      -4.96947905E-08  -1.08360211E-07  -3.88857870E-08   3.83172789E-07  -1.01335900E-08   1.11436492E-07
  -1.46110324E-09  -4.58851517E-08  -4.02661897E-02 -0.846246839      -1.15796865E-08  -8.83958151E-08   1.47609115E-02  0.107853137       1.54330770E-09  -9.10085447E-08   6.31473540E-10  -5.63735227E-08
   2.79103499E-03  0.175552502       2.07219273E-08   1.38620720E-07  -5.31872502E-09   7.35292474E-07  -5.70253178E-10   4.33189751E-09   6.90712482E-02  0.306057632       2.29056241E-09  -3.95521056E-08
   1.16415322E-09  -8.18037975E-08  -1.00117177E-08   4.01799163E-08   3.49391485E-08  -4.68598273E-07  -6.47560228E-10   2.15967049E-08   2.86385671E-09  -2.82119970E-07   2.32086666E-02  0.523872137    
   20.0921116     -0.443018883       5.37019969E-06   1.35245824       27.2760162      0.654333353       2.41414966E-07   1.08058953       8.27396774      -1.15394318       1.07047083E-06  0.134321436    
   6.50567710E-02   1.27291346      -1.00117177E-08   2.45751757E-08  -2.24536052E-08  -2.81590573E-08   1.87537808E-09  -1.00156647E-08   3.02088261E-03  0.302244008      -3.91446520E-09   6.22059133E-08
  -5.93718141E-09  -2.14008836E-07  0.487173647       12.1386595      -3.67173925E-07  -2.19231060E-06  -4.21063155E-02  -1.16437840      -6.45453611E-08   2.43731847E-07  -3.24871507E-09  -2.35704107E-07
  -9.69157554E-09   2.89270304E-07  -1.18045136E-07  -2.34283357E-06   1.72618055       6.69177198       3.41970008E-09   8.01253179E-08  -2.45451020E-08   5.72838815E-07   1.49339030E-09   3.69459627E-07
  -7.07586878E-10  -3.53428149E-08  -3.21454555E-02 -0.883949935      -6.42103259E-09   3.39444625E-07   1.53196556E-02  0.102449059       2.19052509E-09  -9.43374623E-09  -1.68643055E-09  -1.36795419E-08
   1.74460781E-03  0.203810886       1.19907781E-08  -1.22875889E-07  -7.11370376E-08   1.71514259E-07   9.35870048E-10  -4.27825668E-08   7.20804185E-02  0.296650499       4.53701432E-09   1.42779214E-07
  -8.70932126E-09   7.62854455E-08  -5.35510480E-09   1.18780022E-07   2.60042725E-08   7.52614753E-08  -1.15687726E-09   3.02069871E-08  -1.67931091E-09   2.60591264E-08   2.95158532E-02  0.567276061    
   24.2007904     -0.470150888       1.42383433E-05  0.295050681       15.9440022      0.749220312       1.16444039E-06  -1.24706221       11.3512735      -1.00714910       5.21017591E-06  0.414726883    
   5.96778989E-02   1.32308412      -1.28056854E-09  -1.89904881E-07  -5.07134246E-09   3.87374655E-07   1.28784450E-09   2.15208154E-08   6.05976093E-04  0.338548034      -1.65891834E-09  -2.45206859E-08
  -3.54775693E-08   6.05191417E-08  0.577824533       11.6313267      -1.68511178E-07  -1.75609853E-06  -3.06794643E-02  -1.19007707      -2.96896587E-08   2.05130455E-08  -9.36051947E-09  -2.57923716E-07
   1.95286702E-08  -2.45206849E-07   7.52042979E-08   7.34577156E-07   1.88938594       6.63447428      -1.24782673E-08   2.81727033E-08  -2.21841674E-08  -5.03260992E-07   9.65155778E-09  -3.39376726E-07
   1.62890501E-09   4.95630879E-08  -2.36004591E-02 -0.896375120      -6.96309144E-09  -3.91287536E-09   1.59325451E-02   9.76268724E-02   2.64510192E-09   8.64224532E-08  -2.46450327E-09   3.85418240E-08
   2.04667245E-04  0.230123594       4.36557457E-09  -4.79979398E-08  -4.74465196E-08  -6.18756019E-07   4.91763785E-09  -4.22264463E-08   7.69326538E-02  0.293139845       5.23687049E-09   6.00952461E-08
  -3.95812094E-09   1.44124243E-07  -9.54605639E-09  -6.17712601E-07  -2.67609721E-08  -6.99100440E-08  -1.18961907E-09   7.16056192E-08   4.29338343E-10   5.00537794E-07   3.00817657E-02  0.591602147    
   23.6507397     -0.457993329       3.72405634E-06   2.97644401       1.28881896       1.77177739       5.70223449E-07  -2.96357322       12.3996105     -0.891901433       4.20396009E-06   2.25373077    
   5.23680076E-02   1.35219431      -3.25962901E-09  -1.90259314E-07  -2.53494363E-08   1.63819649E-07   3.18323146E-10  -8.80215101E-09  -2.05890602E-03  0.375611067      -5.56974555E-09  -2.44334416E-07
  -3.34694050E-08   7.06297840E-07  0.660830557       11.4514503      -1.47963874E-07   6.22860114E-07  -2.01054886E-02  -1.18852746      -1.59841136E-08   8.84382587E-07  -1.34277798E-08  -8.88186804E-08
  -2.38651410E-09  -1.70064194E-08   1.24564394E-07   6.29237491E-07   2.21132421       6.72397995      -4.97238943E-08   1.63553921E-07  -2.91086621E-08   8.07173819E-07  -1.09903340E-08   1.19044934E-07
   2.61479727E-11  -2.48453151E-08  -1.57212876E-02 -0.889888585      -1.56724127E-08   7.95847299E-08   1.65133029E-02   9.35895592E-02   9.87836479E-10  -2.02564934E-08   9.44055500E-10   1.90657907E-08
  -1.67233683E-03  0.261274070       2.18278728E-08  -6.58998758E-08   1.09212124E-08   1.09425685E-06  -1.31694833E-09  -4.07888336E-08   8.53405520E-02  0.305218011       1.43072612E-08   1.17948822E-07
  -3.12866177E-09   6.43719531E-08  -1.09430403E-08  -2.08328643E-07  -1.23545760E-08  -8.65201571E-07   8.76752893E-10   2.15237499E-08   5.22311439E-09   1.55854121E-08   3.23331952E-02  0.546916544    
   17.8508854     -0.425281316       1.30267945E-05   2.67556691       18.8029022      -2.18429255       1.56712133E-06 -0.761465311       11.6016045     -0.756113350       3.33444973E-06  -1.32353461    
   4.41041850E-02   1.31852722       2.44472176E-09  -1.45578639E-07  -2.92930054E-08   4.95319171E-07  -1.10503606E-09  -5.64945921E-08  -5.86246001E-03  0.457581580      -1.96450856E-09  -2.53003769E-08
   7.11588655E-09   3.27957821E-07  0.731991708       11.6076040      -2.39873771E-07  -3.05228070E-07  -1.08662937E-02  -1.15524054       3.26233192E-08  -2.64003972E-07  -2.33676474E-08   7.68482025E-08
  -6.71716407E-08   8.75636601E-07  -1.45286322E-07  -1.66684833E-06   3.16763353       7.75514603      -1.66037353E-08  -7.56914233E-07  -3.06706625E-08   9.22364507E-07  -9.59335011E-08  -2.54086132E-07
   1.11504050E-09   4.19756248E-08  -8.71029310E-03 -0.858834922       2.08819984E-08  -8.89572078E-08   1.70510057E-02   9.13024023E-02   1.31944571E-08   3.22402514E-08  -2.27373675E-13   1.46542627E-08
  -4.67811106E-03  0.325285792      -2.66591087E-08  -7.36011003E-08   6.63712854E-08  -1.19872382E-07  -9.72340786E-09  -1.98208845E-08  0.103557438      0.364124030       3.12993507E-08  -8.19218116E-08
   2.47382559E-10  -1.25554820E-07  -1.58324838E-08  -2.55439090E-07   7.62520358E-08   3.20110644E-07   2.25554686E-09   1.19737082E-08  -1.00287707E-08  -2.98547576E-07   3.61512378E-02  0.534239590    
   7.84793282     -0.357044578       7.30881147E-05  -2.59976673       428.103516      0.535238922       7.27389249E-07 -0.207496226       10.9288559     -0.485785156       7.57167163E-06 -0.777783573    
   3.58732790E-02   1.15411472      -2.83471309E-08   1.82353995E-06  -1.22532947E-06  -1.07478672E-05  -1.45701051E-09  -2.32401490E-07  -2.35252641E-02  0.795505285      -2.12094164E-09  -1.75605251E-07
   1.75947207E-07   9.93691538E-06  0.780488074       11.7564268      -2.06480036E-06   1.10756642E-04  -4.33260575E-03  -1.11980033       7.21053027E-07  -6.54947189E-06   5.84368536E-08  -1.09697503E-05
  -1.17263198E-06  -1.73473200E-05  -3.79234552E-06   1.11065157E-04  -24.7918797       1051.61792      -1.28382817E-06   1.69771029E-05  -3.46966385E-06   9.58178643E-05  -2.01656735E-06   8.53703204E-06
  -7.76253728E-09   1.24920746E-07  -3.87701835E-03 -0.819360793       1.11096597E-07   7.11944995E-06   1.74049269E-02   8.99718627E-02   1.70986736E-09  -9.25574284E-07   1.90587741E-08   2.31235092E-07
  -1.80609319E-02  0.574567020      -7.47386366E-08  -1.21973335E-06  -7.97765097E-07   9.21512983E-05  -1.18889147E-08  -1.00406601E-06  0.181741342      0.884211957      -5.17684384E-09   1.04371497E-06
   5.31581463E-08  -1.33735440E-07   1.42026693E-08  -7.29415979E-06  -1.17270974E-06   5.64140464E-06   5.32527338E-08   6.15238150E-07  -1.29518867E-08  -1.21751839E-06   3.92890498E-02  0.541047275    
   2.89880085      -2.96129632       9.75481998E-06 -0.384604722       28.8114491      -1.96437085       4.67264681E-06   1.74785948       2.51235747       1.35972345       2.80142353E-06   2.82155085    
   3.97939011E-02   1.26769054       1.05937943E-08  -1.56982622E-07  -6.35591277E-08   1.71587624E-06  -3.45880835E-09   6.01124341E-08   1.18570914E-02 -0.368366480       1.32058631E-09   2.35473951E-08
  -3.45462468E-08  -6.15456031E-07  0.831660390       11.7045984      -2.06171535E-07   1.95331245E-06   1.85113703E-03  -1.11119235      -4.20311608E-09   1.02625094E-07  -1.69711711E-08  -1.30684541E-07
  -4.56930138E-08   1.28249198E-08   2.78232619E-07   5.45402509E-06 -0.198730797       7.54490662      -2.31339072E-08   2.13678589E-07   2.05694278E-07   1.68453084E-06   4.97966539E-08   2.24786518E-08
   1.20883215E-09   1.76255046E-08   2.69609794E-04 -0.800801814       6.53017196E-09   8.19253074E-08   1.76828206E-02   8.64896998E-02   1.59956803E-09  -1.18399459E-08   1.27670319E-10   1.13356876E-07
   7.80519238E-03 -0.302014291       8.35862011E-08   6.01019224E-07   3.99850251E-07   1.56281817E-06  -7.27595761E-09   3.43890065E-07  -7.61745349E-02  0.520987570      -2.32612365E-08  -3.52273588E-07
   6.86122803E-09   1.83613608E-07  -7.40401447E-08   1.83893931E-07  -7.34144123E-08  -3.20132443E-07   1.11685949E-09  -2.41010383E-07   4.48169715E-08  -2.59731454E-08   4.19820026E-02  0.551746607    
   10.2796040       2.83983636       9.96384870E-07  -2.06721902       18.4222679       2.64950562       2.38714370E-06   1.97735095       3.22300339       2.07525349       2.26378233E-06  -2.45756507    
   3.91189829E-02  0.835885108      -1.40425982E-08  -1.36892680E-07   2.70874807E-08   6.74766852E-07   1.43586476E-10   1.95357259E-08  -1.34328399E-02  0.246724874       4.30009095E-09  -2.28154477E-07
   9.53150447E-09   2.31001948E-07  0.889166117       11.7089100      -2.85217538E-08  -7.41502006E-08   8.54283664E-03  -1.10558391       5.35090692E-08  -7.56998190E-07  -2.26009433E-08  -6.10676921E-07
  -1.12049747E-08  -6.22006155E-07  -3.70200723E-08  -2.91125116E-06  0.139457077       6.62219143       2.24499672E-08  -2.50969912E-08  -3.58868419E-08   3.84852342E-07   4.25206963E-08   9.47732275E-08
   6.19593266E-10  -3.15494866E-08   4.62729717E-03 -0.788117588      -2.17041816E-08   3.43087294E-07   1.79859828E-02   8.20559934E-02   4.59586591E-10  -1.39023273E-08  -2.07015205E-09  -2.52574139E-08
  -9.89216845E-03  0.131022632      -6.93253241E-08  -2.69222284E-07  -1.64145604E-08  -1.35780431E-06   8.56653060E-09  -8.96219277E-08   2.96679717E-02  0.358538270      -9.25138011E-09  -1.04581197E-07
   1.59343472E-09   9.91045965E-08   5.58793545E-09  -3.83299522E-07  -5.44241630E-09  -2.03627863E-07   6.58474164E-10   4.74846509E-08   1.05148956E-08   1.45150466E-07   4.45222110E-02  0.567845643    
   21.3004284       2.73077846       3.22378437E-05 -0.937660515       10.5484219      -2.71968508       1.67762198E-06  0.103926688       7.03653097       1.15587223       1.49153470E-06  -2.92680478    
   4.88134436E-02   1.39277589      -2.88127922E-08  -8.24930737E-07   2.02271622E-08   5.69097779E-07   2.30284058E-09  -1.00016322E-07   4.99479333E-03 -0.354986727       2.67755240E-09  -2.52207201E-07
   3.19196261E-08  -4.28128601E-07  0.950996339       11.7498369      -8.48667696E-08   4.52377617E-06   1.57030225E-02  -1.09797990       2.19895924E-09  -4.19053322E-07  -3.91992216E-09  -2.01084120E-07
   4.64206096E-09   5.69677923E-07  -3.09664756E-08  -1.90279377E-06  0.590118945       5.09177828      -5.33327693E-09  -4.52493651E-08   1.51515280E-08  -8.96308165E-08   2.40979716E-08  -3.70678578E-07
   2.28556019E-09  -3.86867569E-08   9.27338749E-03 -0.777328491      -3.75875970E-08  -1.98763630E-07   1.83275808E-02   7.73297325E-02   1.58277302E-09  -3.99866451E-08   1.49282187E-09  -8.15793821E-10
   3.34565458E-03 -0.261221975      -5.71017154E-08   8.33052411E-07   5.96628524E-10  -2.18125138E-07  -3.53975338E-09   2.59241162E-08   1.55403093E-02  0.425317526       1.71003194E-08   8.36098053E-08
  -4.06726031E-09   7.33851877E-08   1.62981451E-09  -5.10505664E-08   2.52475729E-08  -2.40169697E-07   4.04907041E-09  -1.13921075E-07   1.30071953E-10   2.85029298E-08   4.68566902E-02  0.585757136    
   19.9270859       2.81809282       3.06972252E-05   1.96776558E-02   5.79815581E-02   2.74832630       6.53049938E-06   1.77471066       9.02097416       1.75394523       6.40731469E-06   2.31673622    
   3.89933214E-02   1.09873819       2.42725946E-08   5.30868540E-08  -2.84126145E-09   4.18648824E-07   2.20188667E-09   9.13167639E-08   4.41108365E-03   3.26786600E-02   2.69210432E-10   1.03224442E-08
   8.23638402E-09   6.25705979E-07   1.02601194       11.8212910       9.15024430E-08  -9.79157520E-08   2.38068905E-02  -1.08040142      -3.26261329E-09   3.85519087E-07   2.49056029E-08  -5.53748443E-08
   6.31553121E-09  -1.23869324E-08   6.33299351E-08  -2.35941570E-07  0.736024916       5.97406006       2.30502337E-08   3.21470388E-08   1.63066716E-09   1.47555653E-07  -1.43627403E-08   1.14063006E-07
   7.62156560E-10  -1.11703589E-08   1.47601841E-02 -0.759204626      -4.11655492E-08   1.00938756E-07   1.87264662E-02   7.35223368E-02  -3.16284243E-09  -4.02500433E-08   1.08616405E-09   1.96126440E-08
   2.78456416E-03  -5.49308490E-03  -1.29221007E-08   2.40660398E-07   3.34257493E-08  -2.20015522E-07  -3.85807652E-09   1.61841172E-08   3.20275314E-02  0.217992797       2.29533725E-09  -1.49002631E-07
  -1.07684173E-09  -1.63684462E-08  -1.53668225E-08  -1.46283782E-07   1.94995664E-09  -3.69838432E-07  -4.77666617E-09   3.10410648E-08   4.90027219E-09  -6.36967386E-08   4.93292138E-02  0.605088353    
   16.0158024       2.46960306       2.55237392E-05 -0.995303512       10.9950485       2.98624728E-02   1.74747731E-06   1.55295336       5.37193966       2.12526131       3.31716842E-06   1.28117478    
   6.17040992E-02   1.12234330       1.78697519E-08  -1.15120872E-06  -2.47237040E-08   4.96758560E-07   5.32781996E-09   8.76897310E-09  -8.84884503E-03  -5.56371212E-02  -1.52067514E-09  -6.20573459E-08
  -2.44217517E-08   4.67228858E-07   1.11268032       12.1728516       9.60426405E-09   4.07719760E-08   3.20317186E-02  -1.04267490       2.75663723E-08  -1.60582758E-07   3.41337909E-08   2.51325702E-07
  -1.14669092E-08   1.04927880E-08  -6.64731488E-08  -1.74599995E-06  0.831457436       4.65908623      -3.46699380E-09  -4.10118105E-07   1.09810685E-08   2.03247993E-07   1.87756086E-08   1.18193761E-07
  -1.84809323E-09  -4.78171351E-08   1.99819449E-02 -0.717975438      -1.52886059E-08   1.54393874E-07   1.90672185E-02   7.05012903E-02  -2.69724509E-09   3.14296180E-08  -2.22621566E-09   1.32143549E-08
  -4.96434933E-03  -4.98924665E-02  -2.77068466E-08  -2.39835146E-07   1.72731234E-08   2.21847518E-08  -1.86992111E-09  -6.50552821E-08   4.12370861E-02  0.269201994       4.92241270E-09   8.96196539E-08
  -3.48518370E-09   3.38767165E-08   4.58676368E-08   4.17313174E-07  -7.75617082E-09   4.08319352E-07  -1.35332812E-09   1.00880662E-07   2.73777090E-09   1.04646823E-07   5.19823134E-02  0.626918793    
   11.5672703       2.76021361       4.12634072E-05  0.151553571       20.0036716      0.295017570       2.80059544E-06   1.91153717       4.24566603       1.58545971       1.09731427E-05  -2.28970981    
   3.53784710E-02   1.43223143      -2.32539605E-08  -8.16491053E-08   4.55111149E-09   4.34217867E-07   5.11590770E-10  -2.33446382E-08   7.88592920E-03  -9.82291326E-02   5.08407538E-09  -6.74823752E-08
  -1.19907781E-08   1.10439558E-07   1.21160877       12.5471029      -9.70321707E-08   2.90159005E-06   4.11283039E-02  -1.01639616       1.50313326E-08  -2.35544931E-07  -1.52758730E-08  -7.40801909E-08
   1.03929665E-08  -2.98262961E-07  -6.75208867E-09  -4.00689942E-06  0.918250024       4.18523836       2.35650077E-08  -4.12815453E-08   9.55796065E-09  -1.16249538E-07  -9.21322041E-09  -5.39744804E-07
  -3.91082722E-11   1.17675256E-08   2.52656750E-02 -0.689595640      -2.33740138E-09  -9.72629763E-08   1.94661152E-02   6.55765608E-02  -2.05179873E-10   2.01275494E-08   3.07773007E-09  -7.42134798E-09
   4.33017267E-03  -7.16870949E-02  -5.12227416E-09   5.04518368E-07  -8.51287041E-10  -5.24016684E-07  -5.17320586E-09  -3.16466462E-08   3.93807963E-02  0.233875290      -3.08682502E-09   1.40429615E-08
   1.36219569E-09  -1.12572188E-07  -4.06289473E-08  -7.31186063E-08  -1.77533366E-08   8.95702925E-08   1.38970790E-09  -1.19960205E-07   5.39820277E-09  -1.30629294E-08   5.50972894E-02  0.645870924    
  0.512737870      -1.37329733       3.36418889E-05   1.85734618       20.1859035       7.43504837E-02   4.27233999E-06   2.90554047      0.125213504      0.792452574       2.28452723E-06   6.72531202E-02
   3.36008295E-02   1.17981791       1.37351890E-08   3.09527799E-08  -8.11473910E-09   4.91375367E-08  -7.54170060E-10   3.68531516E-08   7.08993757E-03   5.24418578E-02   3.34694050E-10   7.18104474E-08
  -1.83354132E-09   1.85948821E-07   1.34774721       12.9447107      -2.89292075E-08   4.07338575E-07   5.32441810E-02 -0.996288419       1.89252773E-08  -2.68888662E-08  -1.75041350E-08  -8.98839687E-07
  -1.16269803E-08   1.29614762E-07  -1.22352503E-07  -5.01682644E-06  0.970247865       4.22736788       4.32737579E-09   2.27502923E-08  -8.95977337E-09  -4.86682588E-08  -6.25914254E-09  -6.36408458E-07
  -1.25146471E-09  -1.79139210E-08   3.23431939E-02 -0.668649852      -4.36175469E-08   2.68979647E-07   2.00376939E-02   6.03060685E-02   2.06501483E-09   3.19487703E-09   3.83602128E-09  -1.68112280E-08
   3.77451186E-03   1.00462856E-02  -7.36326911E-09  -5.94293361E-08   4.14001988E-09   3.69885726E-07   3.32784111E-09  -6.36466524E-08   4.25807051E-02  0.185814694       3.02861736E-10   1.58603982E-07
  -1.24782673E-09   1.28918330E-07  -3.60887498E-09  -5.64578670E-07  -2.44617695E-08   1.00906057E-07   2.72848411E-10   4.58101148E-08  -9.85744464E-09  -5.85352105E-08   5.96238077E-02  0.658641756    
   9.44409180     -0.633691192       2.62092562E-05   1.22622311       23.5138302      0.151901588       2.31064064E-06   1.34687340       4.64108849      -1.08575118       1.57979266E-05  -1.71264839    
   3.83932553E-02   1.11245954      -1.39023086E-08   3.19425055E-07   3.48501317E-09  -6.57084982E-08   3.38612693E-10   3.43083251E-08   4.88084229E-03  0.103865325       9.55333235E-09   4.55872362E-09
  -9.45874490E-09  -5.36043032E-08   1.55692697       13.5385284      -5.45405783E-08  -2.27370265E-06   7.11258799E-02 -0.971261084      -5.41785994E-09  -7.04656031E-08  -3.46626621E-08  -8.74549130E-07
  -7.76344677E-09   4.18144985E-08  -3.74857336E-08  -1.19218487E-06   1.00488472       3.78878045      -1.21344783E-08   1.98854664E-07  -2.32833486E-09   2.10484814E-07   1.55459929E-08  -4.74736055E-08
  -5.56610757E-10  -5.05782509E-08   4.27720435E-02 -0.644959092      -1.86300895E-08   1.02414084E-07   2.08678972E-02   5.53213507E-02  -2.02477679E-09  -4.15356425E-08  -3.50655682E-09  -6.45540794E-08
   2.79774168E-03   2.90807448E-02   3.11119948E-08   4.52728415E-08  -1.15433068E-08   5.32899058E-08   5.65114533E-09  -4.00853306E-09   4.48432118E-02  0.170591742      -5.03632691E-10   1.18035572E-07
  -7.44330464E-09   9.68335740E-08  -1.30385160E-08  -2.16303576E-07  -1.76223693E-08   3.54637251E-07   8.60381988E-10   9.68335740E-08  -1.03157731E-08   1.24710937E-07   6.74074441E-02  0.677717924    
   18.1740036     -0.686422586       4.91463688E-05   1.07181466       15.3043232      0.285909176       3.66847803E-06   2.97582865       7.37642241      -1.07914078       4.53985376E-06  -2.83763385    
   4.36787829E-02   1.16694343      -4.78466973E-08  -2.45192979E-07  -1.52795110E-10  -7.66228112E-08  -1.83717930E-10   3.87104793E-09   2.42344965E-03  0.122665808      -3.40878614E-09   7.71017028E-08
   2.62807589E-08  -2.56367144E-07   1.92677546       14.7057152       2.09693098E-07  -1.53501026E-06  0.101513587     -0.925946951       7.21865945E-09  -4.63546783E-08  -8.13161023E-08  -2.00133195E-06
  -6.95854396E-09   2.06562319E-07  -2.24565156E-07  -3.85668136E-06   1.03908896       3.47020411       5.86078386E-09  -3.61962947E-07   1.84640214E-08   9.83650281E-08   8.25389179E-09  -3.28081313E-07
   1.21872290E-09  -4.07258192E-08   6.03689812E-02 -0.608940184      -2.06673576E-08   5.30054251E-07   2.22346522E-02   5.03416806E-02  -8.26562285E-09   6.31812336E-09  -4.23688107E-09  -9.30099109E-09
   2.22089840E-03   4.26098146E-02  -1.68802217E-08   5.18480988E-07   1.19653123E-08   2.37051808E-07   3.32875061E-10  -2.66982596E-08   4.64518480E-02  0.155919567       9.88578108E-09  -5.31570734E-08
  -5.38420863E-10  -7.81393013E-08  -2.00234354E-08  -3.16707599E-07  -8.49831849E-09   8.70307417E-07  -1.65528036E-09  -8.54823199E-08   2.23235475E-09   2.51964209E-08   8.09077173E-02  0.768096030    
   22.3533669     -0.646419406       4.32890374E-05  -2.30297017       1.61822283      0.836069405       1.53824328E-06  -1.02488399       7.87889862      -1.10980606       1.31354054E-05   1.86089170    
   4.36598435E-02   1.33160734      -3.22470441E-08  -2.85233206E-08  -3.03407433E-08  -4.34656499E-07  -1.15687726E-09   2.01364916E-08   9.86259431E-04   9.65812802E-02  -6.81757228E-09  -2.39855183E-07
  -1.52504072E-08   2.39206940E-07   2.77904940       17.9378490       1.82189979E-08   2.57487795E-06  0.169487208     -0.806062698      -1.40123575E-08   8.28870341E-08  -1.09139364E-10   1.80288453E-06
  -1.01208570E-08  -9.91833673E-08   2.63098627E-08   2.56709882E-06   1.06715965       3.21273994       9.33141564E-10  -6.31240553E-08  -4.99228037E-09   4.96409370E-07  -3.45471562E-09   8.83493669E-07
  -7.63975549E-11  -1.15242926E-08   9.94789079E-02 -0.527901232       1.92430889E-08   4.33927227E-07   2.52436381E-02   4.47098911E-02  -4.32926583E-09  -5.45745920E-08   4.23051461E-09   1.25810658E-07
   1.70266500E-03   4.60676663E-02  -3.70782800E-08  -6.35292110E-07  -1.95250323E-08  -3.09542862E-08  -1.59161573E-10   3.45197009E-08   4.77909893E-02  0.145357132       9.44510248E-10  -2.51412416E-07
   1.24418875E-08  -8.26933189E-08   2.01398507E-08   1.29651454E-07  -2.29774741E-08  -6.58629403E-07   3.14139470E-09  -6.74187604E-08  -5.66231506E-09  -4.75218258E-07  0.103089109      0.942745984    
   17.9031639     -0.576028883       3.29414215E-05   2.37789083       11.5864706      -2.80972910       4.93081143E-06   3.12758040       6.38727045      -1.15182209       2.18084697E-05  -1.29153514    
   3.83951403E-02   1.42375326      -1.54832378E-07  -1.80256666E-06   4.83123586E-08   5.08092519E-08  -1.07647793E-08  -7.14691453E-08   1.37502549E-03   7.70668313E-02  -7.04312697E-09   1.19589885E-07
  -1.29570253E-07  -3.59263140E-06   7.15201235       41.8989906       1.60007039E-06  -1.13806145E-05  0.516094506      0.208935738       1.28233978E-07  -4.27713258E-06  -3.50075425E-07  -1.77016063E-05
   1.56178430E-08   2.35889814E-07   7.06641003E-08   4.79017535E-06   1.09082532       2.96547723       1.98961061E-08  -3.05143374E-07   1.64383209E-08   2.60829211E-07  -1.08193490E-08  -1.11866711E-06
  -4.25643520E-09  -3.30229284E-08  0.297197878       7.44955540E-02   2.27882992E-08   5.45310144E-08   4.06547152E-02   4.64312062E-02   6.90330637E-09  -5.18751122E-08  -2.34122126E-08  -7.01912029E-07
   1.48978340E-03   4.75764684E-02  -3.02679837E-09   3.25574001E-06   1.99834176E-08   2.48720625E-07  -2.44835974E-09   2.73148544E-07   4.88228910E-02  0.136777863       1.39793883E-08   7.19677784E-09
  -3.78349796E-09  -3.01688914E-07   1.86846592E-08  -3.43945103E-05  -6.30825525E-08   6.48779235E-07  -2.37832865E-08  -2.79267874E-06   1.54754503E-08  -9.89377043E-08  0.190239161       1.53689539    
   6.32595348     -0.580521643       1.29847846E-04   1.00378942       18.7601719      -2.81485534       1.05103572E-05   1.36879706       2.94546032      -1.10997915       1.46595366E-05   2.81843042    
   3.44603173E-02   1.43738461       1.59488991E-08  -5.77582178E-08   1.03536877E-08   7.06369633E-07  -1.07047526E-09  -1.67192091E-08   1.74691260E-03   8.51771981E-02   2.64117261E-09   1.70102950E-07
  -1.15513103E-07   2.54269685E-06  -2.94613981       20.5529423       5.90036507E-07  -2.05953111E-05 -0.276718259      0.523074985      -3.67973598E-08   5.50382822E-07  -3.33315256E-07   1.95042480E-06
   1.95723260E-09  -1.92137875E-07  -4.07453626E-09  -2.29163243E-06   1.11251092       2.74020052       2.18988134E-08  -3.01895199E-07  -5.41730572E-09  -1.34998487E-07   1.26813575E-07  -1.54691031E-06
  -6.27551344E-10   1.18103870E-07 -0.153779671      0.304593951       3.44771252E-08  -6.17061403E-07   5.72393509E-03  0.145463869       7.88530485E-09  -2.53852894E-09  -1.10862857E-08  -1.71980929E-07
   1.29111891E-03   5.21885492E-02   1.53842848E-07  -2.48927904E-06  -1.25510269E-08  -1.16851884E-09   1.82644726E-08   9.82390489E-08   4.96591739E-02  0.127657741      -1.33995854E-08   3.31984552E-07
   1.25728548E-08  -5.54545636E-07   7.68923201E-07   6.46357830E-06  -5.34637365E-08  -4.77757283E-07   1.23327482E-08  -1.47350227E-06  -9.86609621E-08   4.35284988E-07 -0.297750294      0.444120497    
   8.34351921       2.80739188       4.27374616E-05   1.22618568       20.1915760      -2.87512589       4.05133778E-06   1.22836852       1.67132676       1.66114938       7.91535149E-06  -2.84274125    
   3.17950472E-02   1.49636590       1.22498022E-07   4.73882523E-07  -2.17569323E-08   2.91857759E-07   8.11314749E-09   1.32739606E-08   8.83724948E-04   8.80370140E-02  -1.51269433E-08   5.32482716E-07
   2.67500582E-08   1.64690266E-06  -1.14850485       7.35324526       1.49884727E-08   1.40640475E-06 -0.138016701     -0.783566475       1.48404027E-07   2.84553920E-07   3.26005193E-07   4.43481531E-06
  -2.64772098E-08  -7.41817487E-08   2.77301297E-07   4.85060582E-06   1.13177931       2.55969334       1.94850145E-08   4.19516425E-07  -6.73497880E-09   5.97013980E-07   3.34521246E-08   5.90257230E-07
   3.70573616E-09  -3.01998497E-08  -7.57615641E-02 -0.453634948       2.68846634E-08   3.00622389E-07   1.16756195E-02   6.95377737E-02   1.35140610E-09  -1.81485106E-07   1.93662117E-08   1.53687907E-07
   8.03831383E-04   5.36868647E-02   2.76195351E-08   2.26135785E-06  -1.67528924E-08   2.96896360E-07  -5.76301318E-09   1.33163013E-07   5.04833199E-02  0.117571510       1.98097041E-08   4.55088326E-07
  -9.31322575E-09   4.09185191E-07   7.39237294E-08   1.00047137E-05  -1.12791895E-07   1.11543613E-06  -5.64614311E-09   5.57760416E-07  -1.76979711E-08   2.59457494E-07  -9.42943692E-02  0.673967957    
   18.9689293       2.86318207       2.38898301E-05  -2.77835107       14.2666292      -2.87618065       2.10328767E-06 -0.742529273       6.45281219       1.75712776       1.55551752E-05   1.52120852    
   2.33109556E-02   1.45659828      -3.18977982E-08   1.55580449E-06   1.42754288E-08  -4.61793576E-07  -1.30057742E-09   2.77454095E-08   2.23996979E-03   6.59853891E-02   1.06138032E-08   5.99575714E-08
   2.38651410E-09  -8.72734844E-08 -0.503994226       9.17817783      -3.26544978E-08  -3.84003351E-06  -8.62804800E-02 -0.813226581       7.98041810E-09  -2.56340371E-07  -6.07760740E-08   4.84041436E-07
   3.09300958E-08  -3.25729388E-07  -1.45519152E-07   3.33700814E-06   1.14863622       2.39701056       3.09228199E-09  -3.06230305E-07   3.11429460E-08  -7.35360061E-07  -1.22508936E-08  -3.46946479E-07
  -2.66936695E-09   4.72445052E-08  -4.86082658E-02 -0.463941574       1.32895366E-08   6.39089308E-07   1.37887876E-02   5.58445156E-02  -4.69517580E-09   5.46682344E-08  -2.30795649E-09   6.74468978E-08
   1.06978812E-03   4.46833856E-02   5.73345460E-09   3.42222023E-07   4.58931027E-08   1.15104797E-08  -1.34150469E-10   1.36364822E-08   5.12002632E-02  0.115348086       2.68028089E-09   9.82470993E-09
  -2.38651410E-09  -2.45671430E-08  -2.93366611E-08  -1.09950847E-07   1.40425982E-08   5.65559674E-07   2.26464181E-09  -4.23482582E-08   2.70387090E-09  -6.76593004E-08  -1.88082159E-02  0.630777478    
   24.4733086       2.83664703       3.56509117E-05  0.263261914      0.992052436      -2.17624378       3.40120164E-06  -2.26525903       8.44344997       1.84214890       2.64123037E-06  -2.68644142    
   2.39673555E-02   1.45238769       2.00234354E-08  -6.05629339E-07  -1.51339918E-08   6.34628009E-07  -2.62843969E-09  -2.20539196E-08   5.39983506E-04   9.49407220E-02  -5.57486146E-09  -7.49196261E-08
   8.87666829E-09   4.39063861E-08 -0.114219092       9.77824879       3.23052518E-09   1.01890691E-06  -5.48053831E-02 -0.811004162       1.62329741E-08  -4.98603754E-07  -2.63062248E-08  -1.11355826E-06
   9.93895810E-09  -2.49325552E-07   1.47847459E-07  -4.68334775E-07   1.16415024       2.23846936      -6.10089046E-09   1.45831919E-07  -8.85999896E-09  -1.91096774E-08  -2.21743903E-08   7.70844508E-07
  -1.62208380E-09   3.90278956E-08  -3.06679104E-02 -0.474951446       2.48110155E-09   1.31370683E-07   1.51818926E-02   4.75906059E-02  -3.18411519E-09   1.25940245E-08   3.68012820E-09   4.94164603E-08
   4.38826188E-04   5.86648844E-02   5.79166226E-09  -1.03702700E-06  -1.37733878E-08  -6.04583974E-08  -2.09365680E-09   1.13446603E-07   5.17864674E-02  0.100518368      -1.36424205E-11   1.61109867E-07
   2.72120815E-09   9.70470495E-08  -2.53785402E-08  -3.23373996E-07  -1.81025825E-08  -3.58917276E-07  -9.82254278E-10  -2.97936182E-08  -7.02178227E-09  -2.48814409E-08  -4.67430986E-03  0.608112097    
   20.4041348       2.91761756       3.50728005E-05 -0.541939855       15.7656631      0.274660647       3.79440939E-06   2.54651356       7.85388184       1.78224635       8.35479022E-06   2.00856805    
   1.84132699E-02   1.42628682      -1.58324838E-08  -5.57555211E-07   6.28642738E-09  -3.92814940E-07  -2.41925591E-10   5.09237275E-08   6.04679924E-04   5.92941120E-02   1.48941126E-09  -2.73830967E-08
   6.05359674E-09   2.01707422E-07   6.65956661E-02   10.4052162      -5.25033101E-08   3.66050159E-07  -3.99149135E-02 -0.764250278       8.02486966E-09  -6.79094171E-07  -1.16087904E-08   4.38019150E-08
  -2.43962859E-08   5.08795608E-07  -1.00699253E-07   2.02952924E-06   1.17913520       2.06359553       2.63444235E-08  -1.30908873E-07   3.68441704E-08   1.42088808E-07  -3.37422534E-08   1.07888297E-06
   2.24247287E-11  -3.53551108E-08  -2.12449171E-02 -0.441187531       4.75665729E-09   3.16230597E-08   1.59106404E-02   4.41998392E-02  -5.85066440E-09   1.83824902E-08   1.67050374E-10  -8.80068427E-08
   1.16161376E-04   4.74902168E-02   2.47964635E-08  -9.93564754E-07   3.45862645E-08  -1.00875795E-07  -2.15459295E-09   1.24372264E-07   5.27233332E-02   9.47895050E-02   1.89220373E-09  -1.70067807E-07
   2.21916707E-09   4.23996340E-08   2.32830644E-09   6.10554707E-07   2.98314262E-09   2.15884796E-07  -7.05767889E-10  -2.44681218E-08   1.06907976E-08   6.62025030E-08   3.60834878E-03  0.561265886    
   9.23641396       2.99341846       3.09222269E-05   1.23046541       25.6317368      0.336429179       3.73032162E-06  -2.13569355       4.08964777       1.77672184       4.48932451E-06  -2.82751250    
   1.52466763E-02   1.33001196      -1.71712600E-09   4.26971098E-07  -6.78846845E-09   2.37305660E-08  -1.40744305E-09  -2.55215529E-08   1.46221323E-03   4.91433181E-02  -1.72292403E-09  -5.62369635E-08
   8.74570105E-09   2.48947060E-07  0.204628453       9.95333576      -6.20784704E-08   5.37295819E-07  -2.91002207E-02 -0.789042473      -6.99412794E-09   3.65609516E-08   4.20277502E-09   3.82823288E-07
   9.31322575E-10   1.36920889E-07   3.23634595E-08  -8.76866807E-07   1.19762027       1.82285058      -1.16961019E-08   3.21840190E-07  -9.80165282E-10  -1.50274926E-09  -8.68840289E-09  -3.62070239E-07
  -5.38875611E-10  -5.23863442E-09  -1.57739948E-02 -0.435406625       7.90623744E-09   2.00635213E-07   1.63142122E-02   3.88690680E-02   4.42033965E-10   4.25383675E-08  -3.47029072E-10   4.42541470E-08
   1.06251522E-04   4.16929573E-02   6.57746568E-09  -1.66203506E-07   2.00743671E-08   3.58197227E-09   4.25188773E-09  -3.68719277E-08   5.35864457E-02   9.22180936E-02  -6.49379217E-09   7.15778796E-08
  -3.32511263E-09  -3.90434955E-08  -3.14321369E-09   5.55922099E-07   1.17870513E-09  -3.16646350E-07  -1.50976120E-09  -3.03572136E-08   2.44668286E-10  -5.10445020E-08   1.03200404E-02  0.528889656    
   3.84456015     -0.420028895       1.40531110E-05   2.84847307       26.3166008      0.263994277       6.18656077E-06  -1.20116603       2.58765864      -1.41721797       2.51459187E-06  0.558805883    
   1.43240606E-02   1.22165287      -9.32777766E-09  -1.00205710E-07   2.26464181E-10  -6.68038069E-08   2.65123390E-09  -2.60952371E-10   2.23517837E-03   5.57524972E-02  -1.85468707E-09  -1.58659034E-07
   1.64072844E-09   2.14843212E-07  0.314814717       9.96772099      -9.86619852E-09  -1.07466997E-06  -2.09900122E-02 -0.774490356      -3.42143380E-09  -4.36136219E-07  -1.57733666E-08   8.62492982E-07
  -6.12635631E-09   1.76222272E-07  -1.36089511E-07  -1.21989558E-07   1.22516942       1.62282419       1.27292878E-08   2.05131254E-08   8.78345929E-09   1.57235505E-07   4.33828973E-10  -1.32268809E-07
   2.45836418E-09   1.09826912E-08  -1.10280514E-02 -0.423265934       8.77116690E-09   1.10734568E-08   1.67144034E-02   3.41807865E-02   8.42803161E-10   7.24004536E-08   1.70086878E-09  -3.35891066E-08
   9.76086958E-05   3.99280749E-02  -4.97675501E-09  -3.92109285E-07  -2.95985956E-08   7.96925832E-08   1.01408659E-09  -5.76364378E-09   5.45678362E-02   9.05089751E-02   5.46697265E-09  -4.19395825E-08
   9.20408638E-10   5.37334977E-08  -2.01398507E-08  -3.25305479E-07   2.31084414E-08  -9.43966860E-09   3.34330252E-09   5.95425220E-08   6.92746482E-09   8.80310012E-08   1.52024999E-02  0.518217862    
   14.0519733     -0.318280131       4.01506550E-05  -2.10098147       17.1576004      0.244328260       4.10586699E-06 -0.714020729       10.0517645      -1.35401511       6.34710204E-06   2.46272349    
   1.60137024E-02   1.12562227      -2.51020538E-09  -3.65723537E-07  -1.24809958E-08  -1.16450202E-07   1.56569513E-09  -4.78195474E-08   2.41479697E-03   7.98777118E-02  -1.42875933E-09   8.27845028E-08
  -4.57293936E-09   2.86756318E-07  0.402326971       10.0579071      -4.72355168E-08   1.51881966E-06  -1.45819830E-02 -0.764718294       4.71241748E-08   6.73687396E-07   6.18456397E-09  -8.65552238E-07
   1.02445483E-08   1.80475965E-07   1.89291313E-07   1.79256051E-06   1.26627445       1.47325289      -2.89619493E-08   5.21266429E-07   1.45672630E-09   2.94846870E-07  -1.10494511E-08   4.96615030E-07
   2.05636752E-09   1.97303063E-08  -7.66886957E-03 -0.397427589       1.37206371E-08  -6.57676864E-08   1.69930551E-02   3.19809690E-02   6.65125555E-09   1.02802574E-07   6.64385880E-10  -4.80840008E-08
  -5.56270970E-05   4.33855392E-02   2.99187377E-08  -6.71106363E-07   3.17777449E-08  -7.00908771E-08   3.10683390E-09   8.88553657E-08   5.59639521E-02   8.89025554E-02  -1.31126399E-08  -7.72856552E-08
  -2.60024535E-09   9.58460618E-08   9.08039510E-09  -8.53600227E-07  -3.70419002E-08  -6.99805014E-07   3.08136805E-09   1.34754771E-07   4.79650097E-09   1.08849406E-07   1.89296771E-02  0.507904053    
   19.3727283     -0.300620139       2.93377379E-05 -0.202250138       5.82854080       2.81465602       1.92556604E-06   2.22816968       14.8903780      -1.32208228       9.92357309E-06   1.78336954    
   1.88170597E-02   1.12195694       1.98488124E-08  -2.08766920E-07  -2.87982402E-08  -2.68228206E-07   2.26555130E-09   4.28484768E-08   8.94016237E-04   8.90442654E-02  -5.56610757E-09  -6.41212665E-08
  -5.66069502E-09   1.61928341E-07  0.472658575       10.2251635      -3.93483788E-08   1.38680889E-07  -9.25084110E-03 -0.745935440      -1.16876997E-08   4.81522875E-07   2.31102604E-08  -4.50924745E-07
  -1.44718797E-08   3.48752593E-07  -1.01048499E-07   3.87710003E-07   1.35225785       1.32853091      -3.36658559E-08  -4.03041327E-07   5.97370047E-08  -9.79931016E-08  -8.96761776E-10  -2.97050150E-07
  -1.95905159E-09   4.03087919E-09  -5.20034600E-03 -0.372270852      -1.07393134E-08   4.65997587E-08   1.71865560E-02   2.97977943E-02   1.26948940E-09   3.16381872E-08   4.43378667E-10   5.69390812E-10
  -8.54770711E-04   4.64062132E-02   3.91155481E-08   1.48075389E-06   4.77557478E-08  -4.56025248E-07  -1.76669346E-09  -3.86544983E-08   5.89256324E-02   8.76187459E-02  -3.26303962E-09  -2.38823761E-09
  -1.39516487E-09   7.73555975E-09   1.81607902E-08  -1.78943068E-07  -6.69388101E-10  -6.61716570E-07  -9.33141564E-10   5.26577288E-08   4.46411796E-09   7.50601998E-08   2.25998927E-02  0.491847932    
   15.7064896     -0.166074425       4.46438717E-05   1.57695484       52.3406982       3.05240989       3.24026746E-06  -2.12156272       13.9166422      -1.22223437       2.02164993E-05  -1.26083291    
   1.84867773E-02   1.14611220       2.39815563E-08   1.51065990E-07   1.24106009E-07  -1.79084012E-07  -1.45519152E-09   4.19503188E-08  -2.78077391E-03   2.50114972E-04   5.04041964E-09   1.48233511E-07
  -1.80043571E-08  -4.51828953E-07  0.531325459       10.3045950       4.61586751E-08   2.53035546E-06  -4.81594773E-03 -0.725488245       2.05575148E-08   1.51779375E-06   1.54714144E-08  -5.80707137E-07
  -1.24346116E-08   2.74562439E-07   1.15949661E-07  -9.46277396E-06   1.78763819       1.40692592       1.44937076E-08   2.15457874E-07   6.42815010E-08   1.10343376E-06  -7.12789188E-08  -4.07406105E-07
   2.24008545E-09   1.59091371E-08  -3.30739631E-03 -0.347599536       1.18270691E-08  -6.08229470E-07   1.73352305E-02   2.76687853E-02  -4.87518648E-09  -1.74276948E-07  -1.64288849E-09  -7.45475290E-08
  -2.84499233E-03   2.88671907E-02   5.06115612E-08  -4.31293415E-07   6.66914275E-08   1.96017572E-06   8.43192538E-09  -1.87534273E-08   7.10252449E-02  0.121541888       8.25411917E-09   1.32017519E-07
  -5.62613423E-09   2.85137070E-08   2.44472176E-09  -9.00353314E-07  -9.05129127E-09  -4.97233714E-06   3.93993105E-09   1.01025384E-08   3.29952954E-09   2.21918015E-07   2.51227375E-02  0.541127324    
   2.92608309       1.68350279       8.47716219E-05  0.757826030       89.3778458      -1.08120620       4.83740132E-06 -0.218891948       25.9753723     -0.938085675       7.22795376E-05   2.69761944    
   1.90571491E-02  0.956691027      -1.58848707E-07   2.29519173E-06  -5.15647116E-08  -5.08442326E-06  -6.25823304E-09  -1.40197955E-07   5.31222671E-03  0.726897061       1.13032002E-08  -9.20371861E-07
   1.04773790E-08  -1.45935942E-07  0.587760150       10.2871590      -2.75002094E-07   3.58049903E-07  -8.58973945E-04 -0.706204474       2.62646154E-08  -6.18448610E-07   1.41153578E-08  -1.62831304E-06
  -1.88774720E-08   2.27989048E-07   6.38421625E-07   5.01881914E-07  0.609323919       3.02208495       1.27729436E-08   1.08160907E-06   3.52826248E-08   7.61401452E-07   3.97035365E-08   1.57717921E-06
   3.89536581E-09  -2.35735307E-08  -1.86934066E-03 -0.323921144      -6.20275387E-10   5.84795714E-07   1.74482204E-02   2.55581457E-02  -2.93619351E-09  -1.04726290E-08   3.32079253E-09  -2.25276949E-07
   1.09416468E-03  -2.07752790E-02   1.00175384E-07   2.20797438E-06  -1.41226337E-08  -6.17502224E-07  -3.39969120E-09   2.70593546E-07   2.98939478E-02  0.215495139      -6.33394848E-09  -2.94681087E-07
  -1.34605216E-10   3.50016727E-08   1.30617991E-07   1.27306635E-06  -7.97153916E-08   3.70290934E-07  -2.33740138E-09   1.62289183E-07   1.30702347E-08   4.05622096E-08   2.71188021E-02  0.508563101    
   9.00160408       2.88798928       1.72680186E-04  -1.53862870       12.9458675      -2.41114998       6.55037047E-06 -0.381656766       1.90162742      0.361884058       5.13413070E-05   2.98448229    
   2.13076659E-02   1.22389531      -1.43772922E-08   4.12502322E-06  -3.00133252E-09   1.67801829E-06  -4.11273504E-09   9.87867210E-09  -4.78498219E-03   3.90274674E-02   1.24170185E-08  -4.67590468E-07
  -2.00452632E-08   2.87934228E-07  0.645616233       10.2321472       2.04512617E-07   2.79856954E-06   2.87808105E-03 -0.690351963       9.67679625E-09  -6.24862295E-08  -8.26021278E-08  -2.40814416E-06
   1.96632755E-08   3.47109392E-07   3.05357389E-07   1.82852273E-06  0.973956704       1.77171242       2.92657205E-08   6.74074059E-08  -1.45864618E-08   5.91923936E-07   1.02939794E-07  -5.77611729E-07
   9.29503585E-10   1.76750747E-09  -7.45929545E-04 -0.308445752      -2.82834662E-08   4.66621970E-07   1.75516102E-02   2.28197481E-02   3.14282289E-09  -1.39884179E-07  -1.90560741E-08   8.44378221E-08
   1.17210753E-03  -1.05483234E-02  -1.55909220E-07  -8.42980000E-07  -9.32777766E-09   2.22134531E-06   6.09725248E-09  -1.62610689E-07   4.32406738E-02   9.96672437E-02  -1.21270887E-08  -1.57804521E-07
   1.54250301E-09   1.13507873E-07  -1.00000761E-07  -1.59918261E-06  -1.65382517E-08   4.19940392E-07   2.89037416E-09  -1.35880157E-07  -1.18575514E-08  -1.06652543E-07   2.99034081E-02  0.499398053    
   16.4370289       2.76203370       9.72611888E-05  0.963749766       15.6378641      -2.75990438       5.91838625E-06   2.53943491       10.7332821       1.82843900       1.33296307E-05  -1.50341380    
   2.08863746E-02   1.12027729      -1.97178451E-08  -1.44981448E-06  -4.55020199E-09  -2.10646746E-07   2.16266471E-09   2.25062529E-08  -8.87696748E-04  0.114647791      -9.12905307E-11   1.71616307E-07
  -2.45563569E-08  -3.43036476E-07  0.710449398       10.1576004      -1.12573616E-07   1.53925112E-06   6.87265955E-03 -0.674722493       4.32388845E-08   1.99077974E-07   6.43394742E-08  -2.82375004E-06
   7.53607310E-09   3.54804456E-07   1.66823156E-07   1.56906328E-08   1.04773426       1.20983601      -6.23422238E-08   3.64169779E-07  -1.19970593E-08   7.22373613E-07  -5.00394890E-08   3.19282321E-06
   3.81987775E-10  -7.44692175E-09   6.02553599E-04 -0.292918682      -2.95876816E-08  -1.89905691E-07   1.76714174E-02   2.08111703E-02   3.70360453E-09  -8.45655492E-08   7.09621872E-09  -1.60552418E-07
   1.25001301E-03   1.68890357E-02   3.78058758E-08  -2.97494398E-06  -1.55014277E-08   7.36184916E-07   8.68840289E-09  -6.12915385E-10   4.63704802E-02   6.24837466E-02  -4.78121365E-09   1.33168115E-07
   1.35696610E-09  -6.74206930E-08   2.66009010E-08  -2.89962895E-06  -3.73256626E-08  -6.15857346E-07   3.64889274E-09   1.05519511E-07   1.85804083E-09  -1.36626497E-08   3.27964649E-02  0.497818202    
   19.8534336       2.76314139       6.67036293E-05   1.86977148       12.4701653       7.21353292E-02   2.09794644E-06  -2.81235957       18.8030415       1.74646020       1.06196630E-05 -0.302331597    
   2.07216386E-02   1.21438777       7.43893906E-08  -1.01586568E-06   1.91685103E-08   1.11316319E-06   2.27373675E-11  -3.46250162E-09  -1.83690432E-03   6.26317933E-02   4.08181222E-09  -5.15676959E-07
  -1.28784450E-09  -4.54717053E-07  0.786397219       10.1294880      -1.48836989E-07   4.01898404E-07   1.12528140E-02 -0.657011569       5.13531404E-08   8.99572512E-07   2.00197974E-08  -3.34554602E-06
   6.22094376E-10   1.29663860E-07   1.69966370E-07  -3.17706235E-06   1.08517289       1.00227582       2.37014319E-09   1.87595603E-07   9.43205691E-09   5.63188621E-07  -4.05234459E-08  -6.52960807E-07
  -8.30368663E-10  -1.21870132E-08   1.82616129E-03 -0.272175521      -2.59060471E-08   4.96415999E-11   1.77760106E-02   1.91163439E-02  -1.21818466E-09   2.02760297E-08   7.44898898E-09   5.11801019E-08
   8.01333110E-04   8.67509004E-03   4.51400410E-08  -2.84347095E-07   5.58429747E-09   6.06521041E-07  -1.91903382E-09   1.03552374E-07   4.83949259E-02   5.60265630E-02  -1.51455879E-08  -6.17572553E-08
  -9.02218744E-10   6.42858700E-09   2.82889232E-08  -3.06904235E-06  -4.25934559E-08  -2.62107648E-07   2.51020538E-09   2.81964283E-08   7.02019065E-09   4.04924450E-09   3.58724259E-02  0.505005062    
   12.8598309       2.80791259       1.17545838E-04 -0.680893898       55.7367325      0.124743320       1.01166131E-06 -0.240738109       24.0247593       1.69035339       7.29666726E-06   1.62106287    
   1.72985103E-02   1.26312888       5.20958565E-09   6.73349518E-07  -5.51117409E-08  -1.55021141E-07   6.88487489E-10   3.66824722E-08  -1.01763208E-03   8.15424323E-03   2.64299160E-09   2.85419787E-07
  -3.55066732E-09  -4.45817676E-07  0.881162167       10.1395979      -4.71482053E-08  -2.20135053E-06   1.65535677E-02 -0.638839364      -5.57241719E-09   1.18564792E-07   3.99077180E-08  -1.59945628E-07
  -1.12777343E-10   2.60395325E-07  -3.08500603E-08  -8.91152922E-06   1.10863638      0.885486126       2.27882992E-08   2.45621834E-07  -7.28839211E-09  -6.08523521E-07  -3.22597771E-09   2.23222898E-07
   2.76577339E-09  -2.41231231E-08   2.86544207E-03 -0.253026277       2.01889634E-08  -3.42202249E-08   1.78863090E-02   1.75319668E-02  -2.42150833E-09   2.61263988E-08  -4.30543423E-09  -8.70757262E-08
   8.75431579E-04   3.07812053E-03  -1.75205059E-08  -2.81399792E-07  -1.19543984E-08  -4.09436694E-07  -1.30694389E-09  -2.08034852E-08   4.93744984E-02   5.47919497E-02   4.75097295E-09  -7.98346278E-09
  -2.02635420E-09   5.12800895E-08   9.58098099E-08  -1.21564710E-06   3.07773007E-09  -7.96763402E-07   3.26508598E-09   2.67329803E-08   6.50409504E-10   2.34200343E-07   3.90123837E-02  0.499847859    
  0.921662211      0.652683735       5.91056414E-05   1.76767349       103.832886       9.79797691E-02   6.89056742E-06  -2.76678801       22.8445721       1.67928386       1.16280592E-06 -0.411829412    
   1.41254868E-02   1.24693513      -1.23400241E-08   6.20675053E-07   1.57451723E-08  -3.22492667E-07  -1.56387614E-09   8.39671017E-08   5.49158663E-04  -2.06386000E-02   8.57471605E-09   1.65696449E-07
  -1.38243195E-09  -2.46154315E-07   1.01450837       10.0672321      -1.67347025E-07  -2.60557408E-06   2.38499641E-02 -0.620237648       1.00493764E-08   5.77211893E-07  -5.12691258E-08  -2.51128267E-06
   1.77533366E-09   1.13922667E-08   1.49011612E-08   9.49463993E-06   1.12436640      0.856121302      -2.46254785E-08   7.35920054E-08   6.80142875E-09   2.07581067E-07  -3.66644599E-08   1.34123593E-06
   1.17870513E-09  -2.11109761E-08   4.18618182E-03 -0.250273257      -1.19161996E-08  -2.04552208E-07   1.80201903E-02   1.61217134E-02  -2.44740761E-09  -3.23804734E-08   6.50652510E-09  -1.39788099E-07
   9.55328753E-04   2.33722664E-03   2.24099495E-08  -1.69093778E-06   1.71385182E-08  -5.21399613E-07  -1.01954356E-09   1.11227173E-07   4.99609001E-02   5.20102307E-02   1.76510184E-09  -3.03442647E-07
   7.09405867E-11  -1.05073312E-07   3.47499736E-08  -3.95799862E-06  -5.39148459E-08  -6.62378909E-07   4.73937689E-09  -7.83218326E-08   9.82974058E-09   1.56105273E-07   4.43311185E-02  0.475321025    
   11.8565674     -0.157545999       7.89968472E-05   3.53657529E-02   143.832474       8.87907371E-02   2.20208767E-06  -2.93998027       13.6279449       1.67729282       7.06007540E-06  -1.49350560    
   1.25676766E-02   1.10047507      -1.67856342E-07  -2.10807616E-06   2.05664037E-08  -7.87234683E-07  -1.53681867E-09  -8.58207230E-08   3.71012231E-03   1.27652548E-02   1.33031790E-08  -5.48017454E-07
  -3.34985089E-08  -1.28790271E-06   1.25242841       9.88954163       6.57164492E-08   8.81109941E-07   3.60367745E-02 -0.597566724       3.97972144E-08  -2.29353319E-07  -3.14976205E-08  -9.38649691E-07
   1.53522706E-09  -3.78794915E-08   6.29806891E-07  -2.02902334E-06   1.13436842      0.831623435       1.50175765E-08  -3.86463455E-07  -1.46967807E-08   7.96345319E-07   5.14792191E-08   5.99702901E-07
   8.38554115E-10   2.84482198E-08   7.23148184E-03 -0.246537507      -9.64064384E-09  -8.68088875E-07   1.82166621E-02   1.54979518E-02   5.03950304E-09  -1.15515455E-07   2.56545718E-09  -1.12824665E-07
   1.24791206E-03   1.06939347E-03  -7.82602001E-08  -1.55305918E-06  -3.39496182E-08   2.85949000E-07   4.17276169E-09  -8.55891287E-08   5.03582098E-02   5.23150563E-02  -3.65362212E-08   2.57172683E-09
  -7.50333129E-11  -1.14359011E-07  -3.27709131E-08  -1.48224103E-06  -5.77856554E-08  -4.17909632E-07   2.40288500E-09  -3.56149563E-08   3.93520505E-09  -5.42639995E-08   5.39641045E-02  0.450553894    
   18.1888046     -0.189085573       1.16108378E-04 -0.894405663       160.164429       8.70048106E-02   5.97974349E-06   7.97855332E-02  0.910337925       1.15420520       1.68038096E-05   2.72932410    
   1.21640842E-02   1.14968228       4.09781933E-08  -1.71639428E-07   1.38825271E-08  -4.45762595E-07   4.63478500E-09   4.44851302E-08   2.75352481E-03   3.50955725E-02  -1.25974111E-08   1.39561189E-08
  -1.80916686E-08  -3.14950029E-07   1.80089915       9.82897282      -1.41328201E-07  -7.51047492E-06   6.29095733E-02 -0.558689415      -1.02846201E-07  -1.26297664E-06   7.79955371E-08  -4.13611451E-06
  -6.73753675E-09  -3.77335965E-07   3.03843990E-07  -9.69846133E-06   1.14264393      0.798938632       2.65354174E-08   2.24703925E-07   5.77280161E-08  -6.52814322E-07  -5.58648026E-08   5.85844528E-09
  -2.20097718E-10  -3.30676677E-08   1.28341792E-02 -0.247573778       3.53065843E-09   8.13152212E-07   1.85253434E-02   1.56266242E-02  -5.90238614E-09   6.53087469E-08   1.41017154E-09  -9.71460423E-08
   1.01490901E-03   8.05174839E-03   2.84926500E-08  -6.08236803E-07   6.53380994E-08  -7.03534170E-07   7.63975549E-11   1.09956510E-07   5.06278202E-02   4.41215672E-02  -8.51127879E-09   3.85695643E-07
  -2.73030309E-09   8.62363123E-08   7.57281668E-08  -5.12918587E-06   6.83867256E-08   2.65666176E-06   1.24364306E-08  -9.79011272E-09  -4.52378401E-09   4.44973338E-08   7.57468790E-02  0.436304003    
   14.0119858     -0.183722407       8.82685054E-05   3.07921195       147.201187       7.66518191E-02   2.54944280E-06   2.13111305       12.4919462      -1.44663477       5.99847517E-05   1.68240798    
   1.08337058E-02   1.09520006       1.48342224E-07   1.85277111E-06  -1.55414455E-08  -1.75330484E-07   1.13750502E-08   2.99584372E-07   2.53502652E-03   3.79841551E-02  -2.81645498E-08  -5.10502502E-07
   1.53755536E-07   1.73644608E-07   4.92293930       1.34612870       2.87865987E-07   3.11793228E-05  0.210359275     -0.896745622      -5.13603027E-09   2.07308017E-06   5.96570317E-07   3.67806242E-05
  -1.81607902E-08  -1.01152203E-07   4.08617780E-07  -3.96179439E-06   1.15029871      0.840774953       8.03993316E-09   4.26841211E-07  -1.45074353E-08  -1.03854370E-06  -2.31557351E-09   4.22141829E-06
   5.06682341E-09   2.29699779E-08   4.51108776E-02 -0.454770893       1.18761818E-08   1.36065512E-06   2.00307500E-02   6.62009930E-03  -4.18669766E-09   1.60524380E-07  -4.33491110E-09   4.64496708E-07
   8.28664983E-04   5.72211016E-03  -7.57863745E-08  -6.60271007E-06   3.01624823E-08  -4.97647761E-07  -5.15501597E-09  -1.01942454E-07   5.10622300E-02   3.86162028E-02   5.90102900E-09   4.98526902E-07
  -2.67755240E-09  -1.73644608E-07  -6.36791810E-07   6.47036941E-05  -5.53991413E-08  -2.35600328E-06  -6.06014510E-08   2.58902219E-06   1.03192974E-08   4.00091182E-07  0.181539372      -5.77009097E-02
   3.10562301     -0.299932122       4.16871408E-05   3.27322483E-02   111.968849       6.72595724E-02   7.07730351E-06  -1.35688412       22.1683731      -1.47970665       1.46098873E-05   1.77794385    
   1.11878896E-02   1.04253340      -4.79340088E-08  -2.60490333E-06   2.99478415E-08  -1.38494738E-06   2.85217538E-09  -2.04827046E-07   3.37052625E-03   2.77433917E-02  -2.71438694E-08  -8.93063998E-07
   4.02797014E-08   5.96868176E-07  -2.35584307     -0.667112708      -3.53953510E-07   1.04878268E-06 -0.134738505     -0.900804341       4.34584422E-08   3.44036221E-06   1.75154128E-07   2.29447851E-05
  -5.72981662E-10   1.15962962E-07   2.67289579E-07  -5.48436583E-06   1.15327096      0.904538870       1.83972588E-08   2.88202074E-07  -2.78252372E-08  -4.73813230E-07  -2.33194896E-07  -2.97171073E-06
  -5.25005817E-10  -1.22804291E-08  -3.17054577E-02 -0.149378404       3.45244189E-09  -8.32204762E-07   1.63627248E-02   2.05459055E-02   8.47754933E-09   4.20590851E-08   3.03668912E-08   9.63811360E-08
   7.47420883E-04  -7.31690554E-04   2.20374204E-07   4.07234620E-06  -2.20097718E-09  -3.20113190E-06   1.04091669E-08   2.94597072E-07   5.14907837E-02   3.76653597E-02  -1.58574949E-08   1.53315182E-06
  -2.16823537E-09  -3.99049014E-07   8.90257070E-07   1.90861392E-05  -9.52422852E-09  -3.71678334E-06   3.85389285E-08   1.36576227E-06   9.52679216E-08  -4.69790535E-07 -0.108273052      0.570708573    
   9.01950645       2.98531342       2.44741932E-05  -1.79827130       61.7278252       8.24262947E-02   3.13216378E-06 -0.325668663       24.5510883      -1.50433993       1.72695618E-05   2.29614687    
   1.18121002E-02   1.02844191      -2.09838618E-08  -1.25264000E-06  -6.33008312E-10   1.44808200E-06   3.74575393E-09  -5.31320943E-08   4.50566364E-03   7.40932375E-02  -2.87127477E-09   1.04889736E-07
   1.24146027E-08   1.09643736E-06 -0.504705906       5.27900600       3.78058758E-08  -3.95842881E-06  -4.75102030E-02 -0.627851248      -1.90733900E-08  -5.36612816E-08  -1.65226993E-07   2.17626666E-06
  -1.87683327E-08  -5.63149001E-07  -1.93016604E-07   5.65736229E-07   1.15664518      0.923252940      -1.23473001E-08  -4.59121679E-07   8.99788688E-10  -2.68894489E-08  -5.98301995E-08  -1.71623537E-06
  -1.69075065E-09   7.64034969E-09  -1.32737383E-02 -0.181636602       1.34568836E-08  -1.16262669E-07   1.72492918E-02   1.80158466E-02   3.06240899E-09  -2.76376291E-08   8.96000074E-09  -1.01328958E-07
   8.39956861E-04  -6.68066321E-03   1.78697519E-08   1.73170474E-06   3.70018824E-08   6.58336717E-07   2.96040525E-09   7.06361760E-08   5.18901274E-02   4.15995680E-02  -8.95295216E-09  -7.99070037E-08
  -7.98172550E-09   2.86102107E-07  -1.22701749E-07   8.00309749E-07   6.41011866E-09   6.29554009E-08  -7.18227966E-09  -1.16532171E-07  -1.72286718E-08  -6.64484674E-07  -2.02620253E-02  0.480475962    
   16.1830902       2.97399783       3.68995970E-05   2.24364734       13.1370773       8.67577121E-02   4.67521431E-06  -2.89616156       20.4762669      -1.56908906       9.67263986E-06 -0.248521343    
   1.14586418E-02   1.02326012       6.19766070E-08   8.07598553E-07   8.23547452E-09  -4.21569041E-07   5.91126081E-09   9.04978066E-08   3.22396029E-03  0.124347232      -1.22499841E-08   1.39105794E-07
  -2.21189111E-09   3.44275946E-07  -7.37551376E-02   6.93666458      -2.88564479E-07  -2.64606251E-06  -2.67717484E-02 -0.535639286       1.78002182E-08   1.19432730E-06  -7.44330464E-09  -2.34209566E-07
   3.09446477E-08   8.16755971E-07  -3.42261046E-08  -3.98392012E-06   1.16147077       1.10812199       2.35741027E-09   1.79834581E-06  -1.79840640E-08   2.56888537E-08  -9.66701919E-09  -1.31665377E-06
   1.26510713E-09   3.72020779E-08  -8.09351820E-03 -0.233287007      -6.35191100E-09   1.60533102E-06   1.74529459E-02   1.66004188E-02   2.53389087E-09  -6.84263171E-08   3.62319952E-10   8.52377298E-08
   9.45329957E-04  -9.71776806E-03   1.76951289E-08   4.55255332E-07   2.30320438E-08  -4.08814067E-08   6.48196874E-09  -4.25984226E-08   5.20296320E-02   4.92476262E-02   4.21010782E-09   1.92347017E-07
  -8.27913027E-09  -5.20011483E-08  -2.01398507E-08  -3.69785937E-07  -3.62379069E-08  -8.29838029E-07  -1.81898940E-11  -1.30602459E-07   1.20491457E-08  -7.63805161E-08  -1.89626170E-03  0.393490940    
   14.0004911       2.97810030       2.10805356E-05 -0.733312607       15.7537012       3.02489233       1.00723855E-06 -0.767443419       11.8327379      -1.61679590       4.39176620E-06   3.13677335    
   1.10554202E-02   1.00048900       1.65946403E-08   1.69760074E-06   1.08564109E-08   9.14940657E-09  -2.71427325E-10   7.64884902E-08   1.94012956E-03  0.116955496      -1.24691724E-08   2.66876071E-07
   2.58805812E-08   2.96914777E-07  0.113096178       7.19769812      -2.85508577E-08  -1.47977869E-06  -1.76132359E-02 -0.488818437      -1.63101532E-08   1.76660001E-06  -4.29599822E-08   3.88229715E-09
   8.47649062E-09   5.97467249E-08  -7.04312697E-08  -7.88392208E-06   1.14783084       1.65872395       3.90991772E-08   8.97303281E-08  -3.89008932E-08  -1.84268742E-07  -3.90655259E-08  -3.04245340E-08
   2.22553354E-09  -1.16021086E-08  -3.35645396E-03 -0.265454739       1.12149792E-08   1.63366508E-07   1.75761003E-02   1.53402099E-02   7.28872962E-10   1.42135420E-07   4.87261786E-10   2.29389681E-08
   1.05220627E-03  -1.28728775E-02   5.52390702E-08  -4.63863898E-07  -2.64444679E-08  -2.96969887E-07   4.97266228E-09   1.04226075E-07   5.20556793E-02   5.15808836E-02   6.07997208E-09   3.60519692E-07
   1.12549969E-09  -2.24766751E-07  -3.49828042E-08   1.46037758E-06   3.83442966E-09  -7.70754809E-07  -4.26462066E-09   7.77148372E-08   1.10600364E-08   1.89813591E-07   8.57857801E-03  0.343113124    
   3.92503095       2.95458627       2.69785232E-05   2.75558758       32.8110085       2.95079517       1.02105651E-06   2.16327929       1.28123784      -1.91052175       9.86918440E-06   3.12804079    
   1.09672053E-02  0.976823926       3.99013516E-08   1.10826431E-06  -7.18910087E-09   1.10391774E-07   1.79886683E-09   5.93474212E-08   1.76614115E-03  0.103690125       2.35559128E-09  -1.76091888E-08
   1.16415322E-10  -1.10313761E-06  0.212981343       6.95907784      -9.37579898E-08   3.32746777E-06  -1.27778985E-02 -0.460157812       5.13276177E-08   8.26613530E-07  -3.11683834E-08   6.67937115E-07
   5.71890268E-09   1.23687823E-06  -2.58442014E-07   2.77110667E-06   1.12066686      0.938542247      -1.15360308E-08  -5.26213796E-07  -4.20647979E-08   7.53669156E-07  -4.20304787E-08  -1.43297555E-07
  -2.62116373E-09  -1.61227163E-07   2.21810862E-03 -0.239789248       5.81712811E-09  -4.91496941E-08   1.76737513E-02   1.59991942E-02   7.52627649E-09  -9.92366012E-08  -1.09901066E-09  -1.93819494E-09
   1.21141877E-03  -1.53283803E-02   3.07045411E-08  -5.09997733E-07   1.10921974E-08   1.06892230E-06   2.96950020E-09  -9.89123663E-08   5.21802492E-02   5.36611713E-02   4.51893811E-09   3.46910753E-07
   9.38598532E-10  -4.01221989E-08   2.89874151E-08  -6.49088065E-07  -1.80225470E-08  -7.90407341E-07   3.49427864E-09   4.32428173E-08   9.02291930E-09  -7.16322361E-08   1.48919430E-02  0.425875336    
   8.16268063     -0.137319192       1.01559926E-05   1.65039980       25.9680882       2.99986529       1.81709834E-06  -3.11008954       6.99788952       1.56101954       1.16379706E-05   1.53586018    
   1.10846590E-02  0.956972837       1.93467713E-08  -2.25334578E-08  -3.65798769E-09   4.02222220E-08   3.09341885E-10   2.10265316E-08   2.04145699E-03  0.114459589      -1.27585054E-10   9.29505077E-08
  -9.33505362E-09  -5.02946762E-07  0.277908236       5.51300812      -2.45199772E-08   8.11204472E-08  -9.14325379E-03 -0.471072912       6.94319624E-09  -1.31245940E-07  -7.71706254E-09  -6.80172377E-07
  -1.20926416E-08   5.90376565E-08   9.19681042E-08   2.84462362E-06   1.12526894      0.258954912       1.53431756E-08  -2.42234659E-08   2.26405206E-08  -4.18718713E-07   3.01024556E-08  -1.70505041E-06
   1.94495442E-09   6.08016038E-08   1.11654717E-02  -4.55298387E-02   1.12841008E-08   2.82231554E-07   1.77402198E-02   2.03166772E-02  -1.22482469E-09   9.68003064E-08   1.00646957E-09   1.54902111E-07
   1.44864584E-03  -1.41036958E-02   4.68571670E-09   1.68550264E-06   2.79651431E-08   1.15934640E-07  -7.34416972E-10   4.06447249E-08   5.21836765E-02   6.19607493E-02   9.88620741E-09  -1.97928259E-07
  -1.24418875E-09   7.43040758E-08   2.37487257E-08  -3.49719244E-07   1.28347892E-08   1.06808591E-06   6.64840627E-10   5.86996549E-08   6.40989839E-09  -1.07226356E-07   1.70233808E-02  0.400522262    
   15.4329576     -0.148980498       4.28889107E-05  -2.42161155       7.76789427       2.81435108       1.34149957E-06 -0.130083188       10.9087658       1.46379423       1.00181451E-05  0.164251626    
   1.12633444E-02  0.953200877      -4.50090738E-08   4.64646810E-08   1.41189958E-08  -5.90944182E-07  -1.06842890E-09  -2.02144133E-08   1.37155189E-03  0.153624982      -4.73119144E-09   7.41384980E-08
   3.91810318E-09   2.90632016E-07  0.442512989       2.82887387      -1.60071068E-10   1.37207462E-06  -3.96345044E-03 -0.459545881      -4.22169109E-08   2.53044078E-07   3.79623089E-08   9.67273877E-07
  -5.55155566E-09   8.42741787E-09  -8.91741365E-08   2.36878759E-06   1.12656522     -0.171216443       9.17498255E-09   1.90357142E-07  -2.67145737E-08  -1.64117555E-08  -2.18697096E-08  -2.29020770E-07
  -1.88481408E-09   6.61950850E-08  -2.53433199E-03  0.936034799       1.26583473E-08   2.88525172E-07   1.71612352E-02   2.97282394E-02   1.31849487E-09  -1.33237748E-07   7.09263759E-10   2.34590402E-07
   1.38992374E-03  -3.94776231E-03  -2.76777428E-08   1.48322545E-06  -6.73426257E-08  -4.06452074E-07  -2.05272954E-09  -4.48987763E-08   5.16463518E-02   5.10316975E-02   9.61608748E-09  -1.03926290E-07
  -4.84942575E-09  -1.02524091E-07   1.68220140E-08   5.24777590E-07   2.96095095E-08   7.63933997E-07   1.24782673E-09  -2.71043969E-08  -1.06171072E-09  -2.52438610E-07   1.91689320E-02  0.371587574    
   13.6852674     -0.127422318       5.10011378E-05   2.99781632       4.18065834     -0.690803587       6.24346649E-06  -3.02199388       12.5152407       1.43275905       9.62813920E-06   1.26117349    
   1.09651918E-02  0.941392362      -8.85847840E-08  -1.87384046E-06   3.08500603E-08  -5.01148691E-07  -9.42691258E-10   2.84874391E-09   1.76711136E-03  0.239213228       3.88718036E-09   4.25872827E-07
   2.73939804E-08  -7.20530750E-07  0.515236914       6.63082838       3.58122634E-08  -4.44012721E-06  -2.93351454E-03 -0.368158519      -6.84755506E-08   3.16928777E-06   2.22798917E-08  -4.28002181E-07
   6.29370334E-09   1.49792129E-06  -2.12166924E-07   4.55614872E-06   1.10822439     -0.168762341      -4.04143066E-08   1.29891205E-07  -5.03894597E-08   3.42941377E-07   2.48601282E-08  -4.27556159E-07
  -2.69847078E-09  -1.61428815E-07  -2.52049584E-02  -1.03816139E-02  -2.09893187E-08   4.62244657E-07   1.70696918E-02   4.24651615E-03  -7.47668594E-11  -8.70119052E-08  -4.69299266E-10   6.61829369E-10
   1.02432154E-03  -1.36742992E-02  -5.20958565E-08   8.91340278E-07  -2.15750333E-08   5.14039982E-07   3.63797881E-10  -7.50456977E-08   5.29428460E-02  -6.29743608E-03   9.86665327E-09   2.31618699E-07
   2.05545803E-09  -6.49312142E-08   3.80678102E-08  -3.46223089E-07   3.22834239E-08   1.76058131E-06   1.34696165E-09  -8.40235526E-09   4.27342073E-09   1.74986027E-07   2.16700230E-02  0.333628356    
   2.10631227     -0.485693544       6.57372802E-05  -1.47734773       13.6734343      -1.90406609       2.90635421E-06  -1.11795950       3.35865831     -0.986581206       9.77061336E-06   3.05883098    
   9.18147992E-03  0.937480748      -4.83123586E-09  -9.24956737E-07  -5.44605427E-09  -5.99965631E-07  -4.36557457E-11   9.02187569E-09   1.36355194E-03  -5.75567484E-02  -3.23871063E-09   2.69623968E-07
   2.08056008E-08  -6.78363619E-07  0.521059036       6.66480780       1.61904609E-07  -3.17407194E-06  -2.11853860E-03 -0.359859139       8.16405077E-08   1.47970854E-06   3.67463144E-08   6.88890395E-07
   1.95177563E-09  -3.95479503E-07  -1.90688297E-07  -1.22719612E-05  0.994041204       1.01519299      -1.52795110E-08   3.57676306E-08  -3.88204171E-08  -2.75666980E-06  -1.22924121E-07  -1.13584036E-07
   1.69256964E-09  -1.40786881E-07  -1.60029270E-02 -0.354390085       3.61069397E-09   8.47954524E-08   1.72698889E-02  -1.85722823E-03   3.91978006E-09  -1.30828695E-07   1.60939635E-08   1.59332032E-07
   1.16016413E-03  -1.23253847E-02   2.75904313E-08   1.89271827E-06   6.74845069E-09   1.23063913E-07   6.79347067E-09  -3.87628063E-08   4.87819389E-02   3.93375978E-02  -5.87738214E-09   4.38789584E-07
   2.86399882E-09   7.65859838E-08   1.59488991E-08   2.90328467E-06  -4.00177669E-11  -2.04904904E-06  -1.73167791E-09   1.72149903E-08   7.50365281E-09   6.51261729E-08   2.51317639E-02  0.327644199    
   8.71765041       3.13892412       6.86230705E-05  -2.45564673E-02   10.5574780     -0.774765909       1.31876254E-06 -0.443239033       3.17941976      -1.07270157       1.03513157E-05  -1.28749633    
   9.02814046E-03  0.899057746      -2.61934474E-10  -1.10247107E-07  -1.20780896E-09   9.74652608E-08  -1.32013156E-09  -8.88485374E-09   2.66506011E-03  -4.95446660E-03  -4.27871782E-09   3.23219126E-07
  -2.35377229E-09   1.96047097E-07  0.551879764       6.02158594      -3.32365744E-08  -1.38032203E-06  -1.05002080E-03 -0.359041184      -3.75924714E-09   2.76702224E-07   4.12719601E-08   4.12310101E-07
   4.56202542E-09  -1.04464425E-06  -1.05705112E-07  -4.86685758E-06   1.05398095      0.250097454      -1.44427759E-09   1.07955195E-07   3.18207896E-08   7.15153590E-07   2.27091732E-08  -3.14433464E-07
  -2.49201548E-09  -7.32091365E-08  -9.36279166E-03 -0.463629514       7.05222192E-09   1.52148061E-07   1.73336547E-02  -6.23832317E-03  -2.02167527E-09   4.66989825E-08  -6.74958756E-10   1.18631526E-07
   1.59380166E-03  -2.25148704E-02   6.90051820E-08  -5.88611442E-07   2.09420250E-08   2.34010656E-07   1.68711267E-10   6.10884143E-08   5.07890806E-02   4.20340151E-02  -9.36506694E-09  -7.45212958E-08
   7.87986210E-09  -9.08833471E-08   2.93948688E-08   1.17722288E-06   6.87214197E-09   6.92041567E-07   5.67524694E-10  -3.38498580E-08   6.39658637E-09   1.81089803E-07   2.60755233E-02  0.370443642    
   13.7347832       3.07630396       4.59813782E-05  -2.83500028       3.10011101     -0.908315718       2.91449783E-06 -0.747473836       3.78637385      -1.60430396       9.10107701E-06   8.35072889E-04
   8.95680487E-03  0.857249081      -1.87719706E-08  -1.71197337E-06  -2.44235707E-08   1.92621485E-07  -2.33239916E-09  -5.33989706E-08   3.16861109E-03   4.88472022E-02  -7.83950327E-09  -6.36505177E-08
  -3.33529897E-08  -2.60302130E-07  0.604744196       5.28827047       5.71308192E-08  -5.23454275E-07  -1.37163224E-04 -0.348551154      -3.76491016E-09   8.17349886E-08  -1.42517820E-09   1.15645628E-06
  -1.41153578E-09  -1.51348104E-06   3.23634595E-08   1.52001235E-07   1.10889041     -0.733148277       4.12182999E-09  -3.44615302E-07   2.89410877E-08  -3.06392565E-07   3.25617293E-08  -1.55321811E-06
   1.20417099E-09   9.31230275E-08  -3.78288655E-03 -0.466706574       1.80921234E-08  -5.23869915E-07   1.72202382E-02  -9.42943897E-03  -9.02208086E-10   6.12160633E-08   1.72008185E-09  -2.38067859E-08
   1.94764079E-03  -1.61432661E-02   3.86353349E-08  -9.12007408E-07  -3.29910108E-08  -3.30602688E-07  -6.95763447E-11   2.44923868E-08   5.08201234E-02   5.14918417E-02   1.22677193E-08  -4.91263847E-07
  -5.59248292E-09   1.26529159E-07   1.42608769E-08   5.66204619E-07  -5.17684384E-09  -1.95226590E-07   2.57296051E-09  -5.01129094E-08   1.88841653E-09  -4.58417588E-08   2.72544324E-02  0.324920177    
   10.5668383       3.01130915       1.43303521E-04   6.00078516E-03   5.89731264       3.02964497       4.65024004E-06 -0.479892820       3.73486686      -1.88241220       1.43712214E-05  -3.27959321E-02
   9.95646790E-03  0.837456584      -4.77157300E-08  -1.42545628E-06   6.83576218E-09  -7.00071553E-07  -2.47268872E-09   1.30970994E-08   2.04131450E-03  0.100430019      -9.53485824E-09  -1.12889609E-07
   1.98779162E-08   1.66971051E-06  0.656017005       4.68853140      -1.70548446E-08  -1.63156074E-06  -2.41830875E-03 -0.402482271      -4.57316105E-08   1.26861153E-07  -3.11356416E-08   1.50391509E-06
  -7.56626832E-08   3.01922728E-06  -4.30038199E-07  -1.04112769E-05   1.13202679      -1.13449502       1.45255399E-08  -2.90561786E-07  -4.60479441E-08  -1.00375246E-06  -8.58472049E-08  -3.22394453E-06
   9.06038622E-09  -4.20966671E-07  -2.99843727E-03 -0.506962419      -8.48467607E-09   1.21767219E-08   1.68727450E-02  -3.34400684E-02   5.87035132E-09   7.77691795E-08  -6.93887614E-09   5.79342782E-07
   1.89889234E-03   1.22468909E-02   6.08561095E-08   3.31590741E-06  -3.86407919E-08   1.07730997E-07  -1.46178536E-09   1.44861005E-07   4.98314537E-02   1.87762864E-02   1.19167680E-08   3.74936562E-08
  -2.46473064E-09   3.53049955E-07  -1.07567757E-07  -2.46461650E-06  -1.33477442E-08  -6.69899634E-07   2.57841748E-09  -2.54931365E-08  -3.14464899E-10  -2.16682867E-08   3.03922966E-02  0.283261776    
  0.279873967       2.23873901       3.40219449E-05  0.988610506       10.1216192       2.64758968       6.81045321E-07  -1.02109981      0.336547405      -2.21140862       1.21370804E-05  -2.14785457    
   9.38996859E-03  0.828193367       1.42608769E-09   1.12410680E-06   2.07364792E-10  -8.89796752E-08   6.41193765E-11   2.17753282E-09   1.47800706E-03   7.82702342E-02  -4.40495995E-09  -8.84646383E-08
  -2.43817340E-08  -1.07754170E-06  0.719068229       2.16896081      -1.48720574E-07   1.28746342E-06  -4.86542843E-03 -0.739578247       1.25452573E-08   3.76855205E-08  -3.41251507E-08   1.67315181E-06
  -1.37879397E-08  -3.18836243E-07  -1.78755727E-07   8.08930326E-06   1.14617968      -1.52607346       6.78483048E-09   1.32393993E-07  -3.38023085E-08  -4.17359445E-07  -4.34738467E-09   1.72301543E-06
   2.88218871E-09  -1.07914744E-07  -3.79821795E-05 -0.736065686       1.87264959E-09  -2.68544710E-07   1.71877332E-02  -7.68419206E-02   4.79900830E-09  -2.89001214E-08   1.63447567E-09   1.11588143E-07
   1.17268215E-03  -5.78105915E-03   2.03144737E-08  -3.91668095E-07   2.01089279E-08  -1.16942985E-07  -2.20688889E-09   4.29144400E-08   5.09968251E-02  -2.14711651E-02  -9.32323019E-09  -5.45894238E-07
  -1.27329258E-09   1.48753898E-07  -8.10832717E-08   3.52889089E-07  -1.28493411E-08  -9.15184899E-07   1.02772901E-10   1.48208571E-07   7.30615568E-10  -2.53444341E-07   3.42034735E-02  0.301621258    
   9.82332134      -5.33711649E-02   4.37768067E-05   1.82549691       10.6065149       2.62186217       2.58518094E-06   1.67857778       2.92653680       1.37471354       1.03265229E-05   1.60389614    
   9.23557766E-03  0.798018873      -5.28816599E-08  -2.18118885E-07  -1.76514732E-08   3.58291175E-07  -3.40605766E-09   1.22783672E-09   1.58071704E-03   8.67538750E-02   4.38319603E-10  -8.16415806E-08
   1.62399374E-08  -1.65339509E-06  0.790643513      -5.61596251      -9.25501809E-09   1.36403867E-06  -7.41534261E-03  -1.49776340       4.19274215E-09  -1.48374988E-06   3.76076059E-09   2.68698113E-06
   3.34839569E-08  -1.15399826E-06   1.69238774E-07   8.24885956E-06   1.15074384      -2.65146041       2.26864358E-08  -2.33388434E-07   5.23535277E-08   3.08530332E-07   2.81033863E-08  -1.27373721E-06
   5.22516075E-09  -3.50373348E-08   3.58775188E-03  -1.18224704      -7.26640792E-09  -4.83974247E-07   1.78115256E-02 -0.117987953       2.64511701E-09  -1.26794461E-07   3.18624416E-09  -2.62236853E-07
   1.40547252E-03  -2.10446268E-02  -4.20259312E-08   5.46398837E-07  -5.91899152E-09  -2.38682283E-08   3.90514288E-09  -7.81531497E-08   5.16415164E-02  -2.72138640E-02   4.18231139E-09   1.93038119E-07
   3.39787221E-09  -3.26811147E-08  -7.59027898E-08   3.33322873E-06   8.47139745E-08   6.86915371E-07   2.00088834E-11   1.82316541E-07   4.58614124E-09  -2.29153159E-08   3.66315544E-02  0.182210997    
   12.4700899      -6.83310479E-02   1.15969866E-04   2.04213238       1.88602698     -0.451956928       7.79007496E-06   2.13090944       4.31743622       1.22573745       8.96530400E-06  -2.13921762    
   9.53084230E-03  0.766801000      -5.24159987E-08  -1.46388322E-06  -1.52067514E-08  -3.83277325E-07  -1.38425094E-09  -1.63646931E-07   7.89495069E-04  0.118769825      -6.46491571E-09   6.67536693E-09
   2.35013431E-08   5.05349988E-07  0.299636036      -14.1821136      -8.62055458E-08  -7.19357331E-06  -4.21331786E-02  -1.80214202       3.83245151E-08  -4.20537503E-07   1.35818482E-07   3.06578590E-06
  -4.58021532E-09   2.73912565E-06   5.93136065E-08   5.22458731E-06   1.21354914      -3.77744889       2.74449121E-08   3.09477429E-07   4.61512499E-08   6.92733011E-07   6.92557478E-08  -5.53721702E-06
   4.01541911E-10  -2.98228215E-08  -2.14170497E-02  -1.53148091       4.39090400E-08  -7.43129078E-07   1.66088305E-02 -0.109399080       1.43123913E-09  -1.28890022E-07  -1.00869215E-08  -4.33126246E-08
   1.93259807E-03  -2.22817343E-02   2.20170477E-08  -1.12937323E-06   5.83040674E-08  -1.09525466E-07   5.71787950E-09  -5.59371038E-08   5.15131541E-02  -4.07196134E-02  -1.69868599E-08   2.52412320E-07
   4.47835191E-09   1.11874208E-07   1.48953404E-07   2.84024509E-06   5.79420885E-08   2.99031717E-06   9.74614522E-09   1.05693312E-08  -3.37773542E-09   5.39118936E-08   4.01174091E-02 -0.337715060    
   6.49559402      -8.07508305E-02   9.35219505E-05  -2.99964738       13.2670965     -0.147284970       3.71300143E-06  -1.75794518       2.63746691       1.38576460       3.02104545E-05  0.611310899    
   9.78430081E-03  0.759244800       3.41970008E-09  -2.39694987E-06  -1.08029781E-08  -3.59773452E-07   4.51700544E-09  -7.53299076E-08  -6.85795327E-04   7.29619116E-02   3.25640030E-08  -4.81487234E-07
  -9.14587872E-08   2.12618374E-06  0.175995737      -2.00731516      -1.15847797E-07  -3.27566113E-07  -3.25012095E-02 -0.713345349      -5.55867530E-08  -2.44882671E-07  -9.73823262E-08  -1.25396397E-07
   8.85338522E-08  -7.99690724E-07  -3.55532393E-07   2.54862402E-06   1.27202344      -2.72634530       6.11544237E-09   2.81876623E-07   5.97428595E-08   4.99092380E-07  -2.37653467E-07  -1.26033447E-05
  -1.12886482E-08  -6.37780204E-07  -1.98703576E-02 -0.763907015       7.26322469E-09   7.02444538E-07   1.74559783E-02  -4.37733680E-02   5.56692026E-09   4.33170122E-08  -1.16587557E-08  -1.25696786E-07
   1.91485975E-03  -7.45619228E-03   4.93164407E-08   7.25039627E-07   7.23321136E-09  -1.00978741E-06  -2.17085017E-09   8.76963355E-08   5.29475436E-02 -0.103043675      -7.66596884E-08   2.41277280E-06
  -3.93629307E-08  -2.41105636E-06  -4.22587618E-08   8.34494585E-06  -2.52417522E-07  -7.88555462E-06  -2.27410055E-08   9.53237304E-07   7.87002818E-09  -8.00728401E-07  -8.07709806E-03   1.97429502    
   4.09941435       3.08974743       3.21569860E-05  -1.27760947       14.2045832       3.76330465E-02   5.12221675E-07   2.29490447       1.53780091      -1.64947629       3.66667723E-06  -1.25298119    
   9.64975823E-03  0.737818301      -4.97675501E-09  -9.42360089E-07  -1.26965460E-09   2.34644645E-07   2.34558684E-09   4.62647964E-09  -2.25393931E-04   3.97353955E-02  -5.03661113E-10  -2.31808485E-07
   5.50026016E-08   2.44287577E-07  0.261466324       3.37977982      -7.82893039E-08   4.50759728E-07  -2.12873183E-02 -0.465036452       3.67052166E-10   7.15233739E-07   4.59795046E-08   8.19018808E-08
   1.63709046E-09   1.26366501E-06  -1.55181624E-07  -2.91632477E-06   1.29192030      -1.51200569      -3.85689418E-08   9.25532220E-08  -1.00756772E-08   4.80588085E-07   1.00926627E-08  -8.35657602E-07
  -2.27487362E-09  -1.29769887E-07  -8.19448754E-03 -0.478262454       7.87122190E-09  -3.05359464E-07   1.83723960E-02  -3.29336785E-02   1.10708775E-09   1.48043029E-07  -5.57534463E-09   1.04264188E-07
   1.86077866E-03  -7.93949608E-03   5.90807758E-08   1.40471650E-06   4.04161256E-08   1.17479885E-07   2.50338417E-10   7.12032744E-08   5.49801067E-02  -8.55721757E-02   1.49493076E-08   5.29667886E-07
  -3.29782779E-09   3.64918748E-07  -5.29689714E-09  -7.42190537E-07   4.21259756E-08  -2.89918177E-07  -4.87716534E-10  -1.84035009E-08   1.81130844E-09   1.04619936E-07   9.06364620E-03  0.123640031    
   11.2028637       3.07495046       1.67207963E-05   2.60468197       4.00761414      0.100819565       1.69668772E-06   1.30918896       4.32416964      -1.61544299       1.65941128E-06  -2.24227929    
   9.95105226E-03  0.711701572       1.05064828E-08  -2.42318492E-07   1.09757821E-08  -2.23991883E-08  -1.47610990E-09  -3.98031013E-08   2.96031139E-05   2.61846185E-02  -3.81123755E-09  -1.72193751E-07
  -1.62253855E-08  -6.48065111E-07  0.342673510       4.14803934      -1.40644261E-08   3.58387013E-07  -1.30970292E-02 -0.428226769      -9.83143877E-09   2.08826805E-07   3.45280569E-08  -9.82297024E-07
  -7.33052730E-08   2.07847916E-06  -1.53901055E-07  -5.16810360E-06   1.29058981     -0.383127809      -2.75176717E-08   2.59372428E-07  -1.91561611E-09  -1.77529067E-08   2.82213932E-08   2.14123429E-06
   3.49064067E-09  -3.02166313E-07  -2.52376543E-03 -0.290321946       1.61921037E-08   4.08816987E-07   1.89790465E-02  -2.54838411E-02  -9.52670831E-10   3.56996992E-08  -1.19939614E-09  -1.12660118E-07
   1.93898764E-03  -1.08939689E-03   2.02453521E-09  -8.96985682E-07   4.51493634E-08   8.14006853E-07  -2.30204478E-09   8.39969516E-09   5.59030324E-02  -5.86850680E-02   7.62571517E-09   1.91983943E-07
   1.75714376E-08  -4.50529114E-07   3.35276127E-08  -1.26657221E-06   4.23460733E-09  -7.50881881E-08  -4.77484718E-10  -1.01623591E-07   8.20693202E-09   7.90021772E-08   1.55382194E-02  0.270682931    
   10.0553465       3.07579684       4.09088098E-05   1.03589249       5.84655190      -3.11648631       1.33779145E-06   1.12046409       3.59915400      -1.55449915       5.11615963E-06   1.64882791    
   1.00559788E-02  0.703674495       1.91794243E-08  -1.03250420E-06  -9.24592314E-09   1.20422428E-07  -6.06178219E-10   4.12757561E-09   6.92236936E-04   1.39977979E-02   5.92422111E-09  -1.25786670E-07
   5.65305527E-08   1.09032237E-06  0.394935459       4.49149513      -6.97473297E-08  -2.11743028E-07  -8.50751065E-03 -0.400474936      -1.93533367E-08   1.07480588E-07  -8.74933903E-09  -1.25349823E-06
  -4.12474037E-08   4.90450915E-08   1.48778781E-07   5.78695744E-06   1.28523195      -3.88730615E-02  -2.39288056E-09   2.73030309E-09  -3.82756582E-09   2.63447873E-07  -5.62313289E-08  -1.43339253E-06
   2.86763679E-09   1.39450222E-07  -1.89955987E-03 -0.160362944      -1.11463123E-08   5.65333345E-08   1.93354376E-02  -1.34916520E-02  -5.90335247E-09  -4.87232867E-08  -4.48494575E-09   1.79713666E-07
   1.62918575E-03  -1.00232207E-03  -1.86410034E-08  -9.66206031E-08   2.31939339E-08   5.45867863E-07   2.91174729E-09   6.28933350E-08   5.65752871E-02  -2.78516617E-02  -1.27418502E-08  -5.66906692E-07
  -8.89122020E-09  -3.04573319E-07   5.00585884E-09  -9.45648480E-07   9.70612746E-09  -1.22317573E-07   1.50430424E-09  -7.77333309E-09   1.64423852E-09   1.90389695E-08   1.64846461E-02  0.220079616    
   1.24875641       3.11226177       1.09224100E-04 -0.601324439       10.3388119       3.13026905       2.58952514E-06   2.90951538      0.379134953      -1.50480175       2.53603084E-05 -0.926149607    
   1.00551415E-02  0.684618175       3.15048965E-08  -7.02463751E-07   1.61489879E-08   7.95459812E-07  -2.20779839E-09   3.65596331E-09   9.76724550E-04   1.77628454E-02   4.41457360E-09  -3.38261714E-07
  -1.41371856E-08   1.43553711E-06  0.432674170       4.56820393       2.77796062E-08  -4.32373190E-06  -5.12316171E-03 -0.361534387      -3.16700479E-08   6.42727045E-08  -3.72165232E-09   1.22905215E-06
   1.30421540E-08  -6.73151192E-07  -4.67407517E-07  -6.92502681E-06   1.29269040       6.24555610E-02  -1.37024472E-08   4.14688373E-07   1.96319405E-08   6.13809448E-07  -5.24632924E-08   5.27277457E-08
   9.96897143E-09   2.05917473E-07  -2.45942594E-03 -0.120298885      -3.21888365E-08   4.97989220E-07   1.94095168E-02  -2.91395071E-03  -2.74526091E-09   3.61052663E-08   1.99435135E-08   2.08340253E-07
   1.63046666E-03  -5.55579970E-03  -1.60245690E-07  -1.45110130E-06  -8.84574547E-09  -7.14266605E-07  -8.86757334E-11   1.87824099E-07   5.70130050E-02  -1.48699274E-02  -1.36400899E-08  -3.05185807E-07
   6.08429218E-09  -7.22113569E-08   1.60653144E-08  -1.33644517E-06   2.37450877E-08  -4.71335539E-07   8.62200977E-10   5.59013813E-08   1.87066407E-09   2.10562412E-08   1.94268394E-02  0.214257553    
   8.14578342      -5.77654168E-02   4.52575550E-05   1.00097167       6.87496042       3.07748938       4.52798531E-06  -2.37114000       3.32561398       1.55562997       3.21212829E-05  -1.61133671    
   1.01531427E-02  0.667842209      -3.47063178E-09   2.70267810E-06  -3.55757948E-08  -3.55312352E-07   2.00316208E-10  -6.81593590E-08   1.08185818E-03   1.30524216E-02  -1.64266112E-09  -3.50861136E-08
  -2.33583819E-08   1.40868124E-07  0.460569531       4.54573631      -1.63316145E-07  -4.40932951E-07  -2.86554801E-03 -0.324613571       3.14546114E-08  -2.33092919E-06  -1.30934410E-08   7.20934509E-07
   3.92465154E-08  -1.61363391E-06   5.41331246E-08   3.24886923E-06   1.33026111      -8.14157352E-02  -3.48154572E-09   5.19811238E-07   8.23162054E-08  -1.32507507E-08  -4.30736691E-08   3.30216949E-07
  -1.28966349E-08   1.84169366E-07  -2.54244823E-03 -0.112789869       1.82326403E-08  -1.62011435E-08   1.93889905E-02   2.79910886E-03   5.56998181E-09  -9.83500286E-08   1.08105063E-08  -1.99752730E-08
   1.67878217E-03  -4.63328511E-03   5.16738510E-08  -5.91750862E-08  -5.36692824E-08   1.95971643E-06  -3.42924977E-09   1.50228789E-08   5.83229028E-02  -2.84390859E-02  -2.57178954E-08   3.60750846E-07
   3.39615092E-09  -9.02027324E-08   4.41214070E-08   1.03477851E-06  -1.12886482E-08   1.43041370E-06  -2.82307155E-09  -3.84899899E-08  -6.29903552E-09   1.99349884E-07   2.10729912E-02  0.218525618    
   10.8290396      -3.75414453E-02   7.26099606E-05   1.21088064       4.01685715     -0.603324771       5.67585903E-06 -0.254441947       5.28780079       1.40139341       3.82473481E-05   2.13807392    
   1.01550575E-02  0.647132099       1.97978807E-08   1.70771341E-06  -5.17802619E-08   1.32088803E-06   1.46894763E-09  -5.74374575E-08  -4.99719579E-04   1.60854477E-02   1.77749371E-09   6.67282052E-08
   2.42926035E-08   5.49681829E-08  0.484659016       4.45179367       1.02547347E-07  -3.77060587E-06  -1.22372981E-03 -0.289323241      -9.63520250E-08   1.56212229E-06  -4.56598173E-08  -1.26063446E-06
  -9.73077476E-08   8.45135787E-07   4.89293598E-07  -2.68974122E-06   1.15722215      -4.67127943      -8.80427251E-08  -1.27517762E-06  -1.78431520E-07  -2.02281626E-06   1.10483484E-07   2.61931314E-06
   1.09498615E-08   6.13602182E-08  -2.51669018E-03 -0.120747626       1.12313501E-08   2.24834389E-06   1.93574857E-02   5.64873870E-03   1.38826630E-08   2.97844707E-07  -1.93747383E-08  -9.93811454E-07
   2.12551048E-03  -7.33664725E-03   2.01922376E-07   4.73836309E-07   2.15557520E-07  -3.89780234E-06  -2.49701770E-09  -6.18619140E-07   5.66155501E-02 -0.209850833       4.96200983E-08   1.99496685E-06
  -6.97582436E-09  -6.51756125E-08   5.50062396E-09   1.02325384E-06  -1.51940185E-07   4.30390310E-06  -3.80259735E-09  -1.94899208E-08   2.64600910E-08   2.33884208E-07   2.23564375E-02  0.217987850    
   4.94397974      -2.37971228E-02   5.96654463E-05   1.08309400       10.5760136      0.250847787       1.32953699E-06 -0.573314190       2.10792542       1.51749086       3.12568918E-05  0.716804028    
   1.02194510E-02  0.632771254      -1.07029337E-08   1.36125504E-06   2.17551133E-08  -1.63755999E-06  -1.88720151E-10   1.40602793E-07   9.61942482E-04   4.00724225E-02  -1.20357981E-08   5.21405497E-08
  -2.61752575E-08  -6.90228831E-07  0.509611070       4.32935047      -8.70204531E-08   1.06574748E-06  -5.30728757E-05 -0.260182738       3.74475917E-09  -1.71172644E-07   1.43259058E-08  -1.83425379E-06
   5.93863660E-08  -1.34325251E-06  -5.35510480E-08   8.76494596E-06   1.23220587      0.112494655       1.22636266E-08   4.84133693E-07   3.07843919E-08   3.95886161E-07   6.01885972E-08   3.30039006E-06
   3.98267730E-09   2.68462145E-07  -1.80988933E-03 -0.125954673      -1.53631845E-08  -3.28078727E-07   1.93465538E-02   5.57717308E-03   3.55112384E-09   5.06252924E-08   2.64668643E-09   2.89191064E-07
   1.82842580E-03  -1.83354877E-02   4.67844075E-08   7.11031760E-07  -3.12593329E-08  -3.90587388E-07  -5.22959454E-12   1.08181641E-08   5.37148267E-02  -2.43256632E-02   7.65510322E-09   7.04515230E-07
  -1.95541361E-10   1.20216640E-07  -9.77888703E-09  -6.10217796E-07  -2.96568032E-08   1.30418044E-07  -1.97314876E-09   3.07375885E-08  -2.66805955E-09   1.82860461E-07   2.35598609E-02  0.216207370    
   4.53031254       3.08839941       6.70528389E-05   2.57667613       10.2538738      0.102162316       4.98972304E-06  0.393467575       1.35492873      -1.53229940       4.62236403E-06 -0.288593024    
   1.03212278E-02  0.609489739       8.86939233E-09   9.79389824E-07   9.09949449E-10  -6.69831707E-07   2.52828158E-09   4.19895905E-08   9.84116574E-04   2.40529478E-02   4.76683226E-09   2.24258471E-07
   4.34738467E-08   6.09528172E-07  0.538506746       4.27166080       9.51404218E-08   2.05943684E-06   1.02582632E-03 -0.245454669      -2.89141582E-08   1.14121985E-06  -7.93079380E-10  -2.64687912E-07
   2.85508577E-08  -1.66394000E-06   4.22587618E-08   6.93297125E-07   1.24654412      0.245254755       8.98035069E-09   3.67237533E-07  -5.21078647E-09   1.40622802E-07   1.26710802E-08  -1.93004922E-07
  -4.80713425E-09  -1.68109750E-07  -1.25951855E-03 -0.117666602      -1.28611646E-08   3.18927420E-07   1.93964429E-02   4.96867858E-03   1.88321714E-09  -5.61381022E-08   5.00699571E-09   8.89361385E-09
   1.83728593E-03  -1.59602370E-02   3.53174983E-08   3.62796783E-07   9.27320798E-09   3.59028860E-07  -2.41243470E-09   3.74773386E-08   5.46428375E-02   6.06035627E-03  -2.25925323E-09  -3.47687262E-07
   4.24915925E-09   7.38983147E-07   2.33412720E-08  -6.02867033E-07   4.87852958E-09  -1.12929911E-06  -4.32464731E-10   1.55426658E-08  -9.15983733E-09  -4.82386149E-08   2.48468723E-02  0.213032663    
   10.0508671       3.08802629       2.77167692E-05  0.417078257       1.45593905      0.892905056       2.77071968E-06  -2.76563644       3.84054589      -1.46862686       2.18317928E-05 -0.130434036    
   1.04832426E-02  0.591189802       1.58615876E-09  -3.36747448E-08   1.26210580E-08   2.16348354E-07   7.95807864E-11   2.49929748E-08   1.23083813E-03   1.27654644E-02   2.58773980E-09  -3.41499913E-07
   2.35922926E-08  -5.49998163E-07  0.574595094       4.29090405      -6.94926712E-08  -1.90751120E-06   2.59092334E-03 -0.244037226      -7.96514144E-09   4.51407089E-07  -1.81316864E-08  -2.11723162E-07
   9.40053724E-09  -1.15003320E-06  -1.09663233E-07   2.46803279E-06   1.25470173      0.297110289       5.51517587E-09   1.11751270E-07  -2.32452066E-08  -2.23160683E-07  -3.26376721E-08  -4.47395450E-07
  -6.22094376E-10  -9.85885862E-08  -7.75959750E-04 -0.116644509       2.58387445E-09  -9.17229386E-08   1.94672104E-02   4.82611917E-03  -1.75659043E-09  -8.54276223E-08  -4.79815299E-10  -8.42335339E-08
   1.86703634E-03  -1.60664208E-02   1.11613190E-08   2.28119230E-08  -3.13666533E-08  -2.98252331E-07   8.94942787E-10   3.01103817E-08   5.50663024E-02   1.05329789E-02  -8.27503754E-09  -9.33672197E-08
   1.32604328E-09  -2.06936733E-07   1.31258275E-08   1.95530774E-07  -3.39769031E-08  -7.17760884E-07   2.99678504E-10  -1.35785261E-09   9.40339362E-10   1.26074752E-07   2.67194789E-02  0.210662231    
   6.95104504       3.11668730       2.58382752E-05   1.49062467       8.98720741       3.09646225       2.87339446E-07   1.70085084       2.68186069      -1.44790244       4.21669165E-06   1.96003902    
   1.06752655E-02  0.570268154       2.64699338E-08  -3.40381490E-07  -6.28733687E-09  -7.44092148E-08   2.33944775E-09   2.75277703E-08   1.52470963E-03   1.51981479E-02  -6.29142960E-10  -9.74769279E-08
  -1.46319508E-08  -1.62470678E-06  0.629780471       4.37368011      -2.06418918E-07   2.84964177E-08   5.33535425E-03 -0.249029458      -4.80028461E-09  -2.41487982E-07   1.69620762E-08  -1.18958837E-06
  -1.35478331E-08   4.53784907E-07  -3.67872417E-08   4.37091194E-06   1.26045847      0.308314204      -7.74707587E-09   7.51456000E-08  -2.05404831E-08  -1.09182508E-07  -1.09039320E-08   2.04479775E-07
   4.50290827E-09   5.70784628E-08   1.91853964E-04 -0.121396311      -8.05721356E-09  -1.07478073E-07   1.95561256E-02   4.71113948E-03  -4.50913928E-09   1.43484185E-08   8.08654477E-10   1.18954134E-07
   1.94561889E-03  -1.54822888E-02  -1.92667358E-08   7.86939552E-07  -2.08819984E-08   3.69562912E-07  -2.27964847E-09  -1.65772427E-08   5.53717725E-02   1.30684599E-02  -3.63547770E-09   3.09881401E-08
   3.63797881E-11  -2.95924334E-08   4.43833414E-08  -6.35689332E-07  -1.15178409E-08   1.97282887E-07   3.09228199E-09   1.24671828E-08   4.22963353E-09   2.93601730E-08   2.95192637E-02  0.220535964    
   1.80822515     -0.201584727       1.49474681E-05  0.200181052       11.8746080       3.12396359       4.84927341E-06   1.71017961E-03   1.01468551       1.46960258       7.64442302E-06  -2.08362699    
   1.06953112E-02  0.555371583       2.04017852E-08  -2.93023739E-08  -1.21872290E-08   2.79495566E-07  -1.86446414E-11  -2.14109477E-08   1.66011881E-03   2.47544255E-02   8.15475687E-09  -1.33933966E-07
   7.07259460E-08  -5.97104943E-08  0.745381713       4.48856926      -8.15125532E-08   2.58745490E-06   1.11857560E-02 -0.265956163      -3.39935724E-09  -1.30774856E-06   5.95900929E-08   2.82975225E-06
  -3.74711817E-08  -7.52721974E-07  -8.37026164E-08  -2.23582629E-06   1.26550186      0.294459403      -3.67072062E-09  -1.58917004E-07   1.00330482E-08  -4.65618854E-07  -7.68977770E-09  -1.00947625E-06
  -2.20097718E-10   2.05254835E-08   2.19043042E-03 -0.126252517       1.80443749E-09   1.13546697E-07   1.96876638E-02   4.18243185E-03   2.11206430E-09  -6.04653039E-08  -2.02669526E-09  -1.22181049E-07
   1.95361744E-03  -1.63357444E-02  -5.54136932E-08  -5.80518702E-07  -1.83608790E-08  -5.15763247E-07  -6.65613697E-09  -1.08605377E-07   5.55806197E-02   1.45523828E-02  -9.97488314E-10  -1.31278654E-07
  -1.78988557E-08   5.01734050E-08  -7.82165444E-08   2.24246082E-06   2.35513653E-08  -5.59233058E-07  -4.81509232E-09  -5.10027149E-08   9.67755653E-10   3.69945710E-08   3.52157243E-02  0.216611624    
   8.56861973      -5.71101196E-02   9.85280785E-05  -1.58397496       3.93198347       3.11319661       6.72411352E-06  -1.06253672       4.69405365       1.57367206       3.89191337E-05  -1.40474296    
   1.09306183E-02  0.531150520       1.50190317E-07   6.71137741E-07   4.07626430E-08  -3.86933834E-06   6.91238711E-09   2.92352581E-07   1.65565999E-03   2.39609126E-02   3.36267476E-08   1.08278607E-06
   8.13706720E-08   5.70848806E-06   1.23628080     -0.455327183      -1.06854259E-07   7.76599791E-06   3.53052467E-02 -0.608946562      -6.41982680E-08   2.40057761E-06  -2.16275112E-07  -3.34533570E-06
  -4.98403097E-08   1.63174354E-06   2.98721716E-07   4.35261745E-06   1.27076197      0.271509290      -1.66619429E-08   2.77685729E-07  -2.20265264E-08  -6.65086304E-07  -1.09504072E-07   3.87884165E-06
   3.56294549E-09  -1.93431845E-07   9.20574181E-03 -0.259603262      -1.07174856E-08   6.80026744E-07   2.00587045E-02  -4.19377722E-03   1.31296751E-10   7.58150378E-08  -7.67511210E-09  -3.01727454E-07
   2.04611872E-03  -1.57109536E-02  -1.29395630E-07  -4.87912575E-06   1.12067937E-08   1.57631789E-07  -6.59838406E-09  -1.94146452E-07   5.58127649E-02   1.46434670E-02  -1.86946636E-09   1.14785891E-07
   2.86090653E-08  -3.35063419E-06  -1.05077561E-06  -1.76469530E-05   2.24049472E-08  -4.11195197E-06  -6.67299673E-08  -7.84951965E-07   3.07829424E-08  -9.29044347E-07   7.33040795E-02 -0.374185681    
   7.63720608      -1.46011980E-02   2.34067003E-04  -1.82694948       10.2042255      -2.35179020E-03   1.10287056E-05  -1.75767195       5.02886152       1.58649492       2.52697864E-05  -3.03242517    
   1.11422837E-02  0.515698552       1.12995622E-07   4.80538290E-07  -4.43651516E-09   7.74866237E-07   4.94651431E-09   1.59250177E-08   1.79130654E-03   2.52961442E-02   1.93313099E-09   1.21171880E-07
  -3.29309842E-08   2.73427895E-06 -0.287811249      -3.48819160      -3.80750862E-07   2.76409719E-06  -3.98531966E-02 -0.425169945      -6.31846433E-08  -1.10909764E-06   1.34874426E-07  -1.10766432E-05
   5.01604518E-08  -2.91993985E-07  -1.84518285E-07   4.07328798E-06   1.27596176      0.271642894      -9.23137122E-09   3.59999348E-07   3.83839023E-08  -6.70428960E-07  -8.84392648E-09   2.18830223E-06
  -7.41783879E-09   2.41328422E-07  -1.50480904E-02 -0.134956643       7.94716470E-09  -4.43159962E-07   1.89283732E-02   6.90749101E-03  -1.02987965E-08   7.35997716E-08   4.93218977E-09  -3.02308308E-07
   2.09085643E-03  -1.41135212E-02  -5.23868948E-08  -3.89325322E-07   5.23177732E-08   4.43617068E-07  -3.03452907E-09   5.09864262E-10   5.60177751E-02   1.53266061E-02   2.11616680E-09  -2.44752442E-07
   4.78667062E-09  -5.55435577E-07   5.68979885E-08  -6.98985241E-06  -7.43630153E-08   8.89484568E-07   9.11541065E-10  -4.84124939E-07   4.33693259E-09  -3.26333264E-07   3.36807873E-03   3.39316428E-02
  0.451422006       1.59898782       5.46775045E-05   2.19345164       18.7163811      -1.51132783E-02   7.14695898E-06   2.42141628      0.717873514       1.69808698       2.18885143E-05  -1.09119427    
   1.10150808E-02  0.500707388       4.77011781E-08   9.47684555E-07   1.58252078E-10  -2.05472338E-06   6.26550900E-09  -2.14355111E-07   1.83106714E-03   3.53628248E-02   5.42195266E-09   1.10636495E-06
  -3.21124389E-08  -1.21156077E-07  0.222522795       2.45947957      -9.60426405E-10  -5.56920759E-06  -1.38690900E-02 -0.239657804       2.74407768E-08   3.26520251E-07  -4.93569132E-08   1.65419195E-07
  -4.15820978E-09   4.53696885E-07   2.68919393E-08   2.88277704E-07   1.28051114      0.275925398      -2.11730367E-08   1.61730593E-08   2.81582402E-09  -1.23015894E-07  -5.58975444E-09  -1.75704685E-07
   7.61247065E-10  -3.54672375E-10  -6.15400262E-03 -0.110853523      -8.07267497E-09  -1.13140487E-07   1.94109660E-02   6.01096870E-03   3.50592444E-10   1.57165232E-08  -2.35445441E-10  -1.35743093E-07
   2.07427028E-03  -1.51443686E-02  -3.39932740E-08   9.36335027E-07   8.31278157E-09   2.31317316E-07  -1.24600774E-10   6.67138735E-08   5.61866984E-02   1.52331851E-02  -7.08041625E-10  -1.56295243E-07
  -8.36371328E-09   2.34651239E-07  -3.78640834E-08   5.65205880E-07  -8.10905476E-09  -1.17694481E-06  -6.03404260E-09  -2.40467859E-08  -1.60114411E-09   3.14092034E-07   9.59756225E-03  0.183031440    
   7.16490364       3.08558249       5.45496114E-05  0.198383257       11.0615311      -1.35940444E-02   4.02632850E-06  0.213565469       6.54728079      -1.58833885       2.06962141E-05   1.92016745    
   1.11859925E-02  0.471198678      -2.01689545E-08  -2.69888210E-06  -1.42736098E-07  -1.39236681E-06  -4.29076863E-09  -2.07939266E-07   1.86313910E-03   3.10458541E-02   2.80215318E-08   1.63976196E-07
  -1.86701072E-08   3.17077877E-07  0.315106452       2.83508253      -3.28873284E-08   8.34475713E-07  -9.10622161E-03 -0.226357937      -1.31963844E-08  -1.20212655E-06  -2.60333763E-08   2.67047972E-06
   9.51695256E-09   1.31781917E-06   5.61703928E-08  -5.94778567E-06   1.28529537      0.226482376      -8.92214302E-09  -9.24691221E-08  -4.57555700E-08   8.00203338E-07  -1.43654688E-09  -1.38598159E-06
  -1.94540917E-09  -2.15737444E-07  -4.02511563E-03  -9.59427431E-02   1.41972123E-09  -1.45088876E-07   1.95633993E-02   5.84997283E-03  -3.10513748E-09  -9.68277476E-08  -5.69639269E-09   2.75194001E-08
   2.17621797E-03  -1.46940527E-02  -3.38477548E-08   4.20099553E-07  -1.87501428E-08   1.13846124E-06  -2.76486389E-10   5.21905008E-08   5.64962775E-02   1.58192385E-02  -6.58599220E-09   6.73754741E-08
  -1.46610546E-09  -1.55927623E-07  -8.73114914E-10   1.09660868E-06  -3.32656782E-08   1.70300575E-06   3.07954906E-09  -2.21425100E-08  -5.99456484E-10   6.86652015E-08   1.39354914E-02  0.147256598    
   7.25755167      -3.10237002       6.06700596E-05  -2.81460714       15.9001608       3.10689521       4.74837543E-06  -2.49533224       12.6204872      -1.57639742       1.08159147E-05 -0.452060252    
   1.10758515E-02  0.445759773      -6.57601049E-08   2.44852345E-06   1.70857675E-08  -1.75038835E-07  -5.02882358E-09   1.39792974E-07   1.97969843E-03   3.90366912E-02   3.94084054E-09  -4.65952496E-07
  -8.76752893E-09   1.59129485E-07  0.372561127       2.95488858      -1.90193532E-08   1.14287516E-07  -6.20540744E-03 -0.230366081       5.99237637E-09   4.72589761E-07   1.25960469E-08  -2.77682943E-07
   3.54339136E-09  -5.49792212E-08  -5.32600097E-08   2.64131154E-06   1.29281521      0.205743551      -1.07102096E-08   1.10752101E-08   9.47942169E-09   4.11622629E-08   2.65208655E-09  -1.14781756E-06
   5.31144906E-10  -6.50803926E-08  -3.35366861E-03  -9.61440057E-02   1.29739419E-08   1.48559337E-07   1.96617972E-02   5.56254294E-03   2.06373585E-10  -7.46436655E-08  -4.39285941E-10   2.02451780E-08
   2.21740967E-03  -1.60632133E-02   1.18161552E-08   3.18042538E-07  -1.78260962E-08   5.91639910E-08   8.94488039E-10  -1.56748499E-08   5.66886030E-02   2.06764005E-02   4.33635705E-09   7.52627329E-08
   3.01588443E-09   4.73672692E-08   1.30385160E-08   5.49503625E-07  -2.59387889E-09   3.60756047E-07  -1.01908881E-09   5.84064033E-08   6.14442541E-09   9.92744233E-08   1.69570595E-02  0.136602536    
  0.960579276      -2.52311325       4.08168089E-05  0.967098832       53.6641846       3.09374475       1.69653083E-06   3.09920740       13.6399717      -1.54240108       3.94969493E-06  -2.73043108    
   1.10208159E-02  0.400009632      -4.06726031E-08   1.87952537E-06   8.88030627E-09   1.54679583E-06  -5.09112397E-09   2.95358404E-07   2.30728718E-03   4.33406904E-02   3.07272785E-09   1.87792466E-07
  -1.25110091E-08  -5.85653197E-07  0.401628405       3.06561565      -1.59117917E-07  -1.97323970E-06  -4.44962317E-03 -0.226284623      -2.82314225E-08   8.97122803E-08  -1.66799055E-08   3.41985071E-07
   6.02813088E-09  -7.57136149E-07   2.67755240E-09  -7.49714673E-07   1.30173361      0.230652675       1.70712156E-08   1.80552888E-07  -6.93921720E-09  -4.42279315E-07   1.27424755E-08  -1.42239514E-06
   1.08229870E-09  -7.23957783E-09  -2.51489389E-03  -9.24516395E-02   8.04902811E-10   2.08274287E-07   1.97700132E-02   6.90800091E-03   5.54081936E-09  -6.52377707E-09  -2.89469426E-09  -1.16642696E-08
   2.37230351E-03  -1.59225781E-02  -8.99308361E-09   2.43890099E-07   1.59889169E-08  -8.49031494E-07   5.98220140E-09   2.04272510E-08   5.70506603E-02   2.64456421E-02   5.07930054E-09  -9.57334123E-08
  -2.56113708E-09   3.32875061E-07  -8.73114914E-09  -5.68106771E-07   1.80007191E-08  -5.79457264E-07  -1.62890501E-09   1.70184649E-07  -2.43308307E-09   1.69397083E-07   1.87414661E-02  0.135005265    
