  -1.000000E+00     1     1    3.073191E-05
  -1.000000E+00     1     2   -2.333689E-12
  -1.000000E+00     1     3   -6.875196E-12
  -1.000000E+00     1     4    1.039403E-13
  -1.000000E+00     1     5    1.824048E-06
  -1.000000E+00     1     6   -2.639443E-13
  -1.000000E+00     2     1    2.851879E-12
  -1.000000E+00     2     2    7.821476E-04
  -1.000000E+00     2     3   -2.123519E-10
  -1.000000E+00     2     4    4.847299E-06
  -1.000000E+00     2     5    1.759785E-11
  -1.000000E+00     2     6    9.484811E-12
  -1.000000E+00     3     1   -8.208947E-12
  -1.000000E+00     3     2   -4.432684E-11
  -1.000000E+00     3     3    9.330169E-04
  -1.000000E+00     3     4   -1.377520E-11
  -1.000000E+00     3     5   -3.684342E-11
  -1.000000E+00     3     6   -2.132734E-11
  -1.000000E+00     4     1   -4.139774E-14
  -1.000000E+00     4     2    3.408324E-06
  -1.000000E+00     4     3   -4.344485E-12
  -1.000000E+00     4     4    2.092058E-05
  -1.000000E+00     4     5    7.986794E-13
  -1.000000E+00     4     6    3.354453E-13
  -1.000000E+00     5     1    1.382021E-06
  -1.000000E+00     5     2    2.601536E-12
  -1.000000E+00     5     3   -9.591620E-12
  -1.000000E+00     5     4   -5.682982E-14
  -1.000000E+00     5     5    5.888542E-05
  -1.000000E+00     5     6   -2.666193E-13
  -1.000000E+00     6     1    2.054029E-12
  -1.000000E+00     6     2    1.022925E-11
  -1.000000E+00     6     3   -3.327272E-11
  -1.000000E+00     6     4    2.868750E-13
  -1.000000E+00     6     5    7.336437E-12
  -1.000000E+00     6     6    3.063605E-05
    0.000000E+00     1     1    7.835810E-05
    0.000000E+00     1     2   -3.958120E-12
    0.000000E+00     1     3   -6.552730E-11
    0.000000E+00     1     4    2.983140E-12
    0.000000E+00     1     5    3.469790E-05
    0.000000E+00     1     6   -3.783500E-12
    0.000000E+00     2     1    1.683660E-11
    0.000000E+00     2     2    1.470360E-03
    0.000000E+00     2     3   -3.059740E-09
    0.000000E+00     2     4   -2.590780E-05
    0.000000E+00     2     5    4.731540E-11
    0.000000E+00     2     6   -3.692550E-12
    0.000000E+00     3     1   -1.094300E-11
    0.000000E+00     3     2   -4.582110E-10
    0.000000E+00     3     3    7.166300E-03
    0.000000E+00     3     4    3.966850E-11
    0.000000E+00     3     5    6.708250E-11
    0.000000E+00     3     6   -4.947650E-13
    0.000000E+00     4     1    8.112690E-13
    0.000000E+00     4     2   -2.480640E-05
    0.000000E+00     4     3   -9.083310E-11
    0.000000E+00     4     4    4.229530E-05
    0.000000E+00     4     5    2.897210E-12
    0.000000E+00     4     6   -3.301470E-13
    0.000000E+00     5     1    2.197300E-05
    0.000000E+00     5     2    1.373700E-11
    0.000000E+00     5     3    8.780630E-11
    0.000000E+00     5     4   -7.399650E-12
    0.000000E+00     5     5    1.324020E-04
    0.000000E+00     5     6    9.404180E-13
    0.000000E+00     6     1    1.564240E-11
    0.000000E+00     6     2   -5.122270E-12
    0.000000E+00     6     3   -1.171430E-10
    0.000000E+00     6     4    5.493350E-12
    0.000000E+00     6     5    6.600340E-11
    0.000000E+00     6     6    6.464550E-05
    3.141593E+01     1     1    7.835810E-05   1.837165E-09
    3.141593E+01     1     2   -3.958120E-12  -4.430945E-13
    3.141593E+01     1     3   -6.552730E-11  -1.970110E-11
    3.141593E+01     1     4    2.983140E-12  -9.943300E-14
    3.141593E+01     1     5    3.469790E-05   4.185205E-09
    3.141593E+01     1     6   -3.783500E-12  -9.470700E-14
    3.141593E+01     2     1    1.683660E-11   1.426140E-13
    3.141593E+01     2     2    1.470360E-03   4.716105E-09
    3.141593E+01     2     3   -3.059740E-09  -6.451050E-10
    3.141593E+01     2     4   -2.590780E-05  -1.971330E-09
    3.141593E+01     2     5    4.731540E-11   3.984915E-13
    3.141593E+01     2     6   -3.692550E-12  -4.096495E-13
    3.141593E+01     3     1   -1.094300E-11  -2.328305E-13
    3.141593E+01     3     2   -4.582110E-10   7.497150E-11
    3.141593E+01     3     3    7.166300E-03   1.437130E-03
    3.141593E+01     3     4    3.966850E-11  -2.962040E-11
    3.141593E+01     3     5    6.708250E-11  -2.414730E-11
    3.141593E+01     3     6   -4.947650E-13   2.255545E-13
    3.141593E+01     4     1    8.112690E-13  -1.137770E-13
    3.141593E+01     4     2   -2.480640E-05  -1.849455E-09
    3.141593E+01     4     3   -9.083310E-11  -1.775660E-11
    3.141593E+01     4     4    4.229530E-05   7.598200E-10
    3.141593E+01     4     5    2.897210E-12   2.883930E-13
    3.141593E+01     4     6   -3.301470E-13   1.964845E-13
    3.141593E+01     5     1    2.197300E-05   2.745030E-09
    3.141593E+01     5     2    1.373700E-11   6.445350E-13
    3.141593E+01     5     3    8.780630E-11   2.236465E-11
    3.141593E+01     5     4   -7.399650E-12   2.457535E-13
    3.141593E+01     5     5    1.324020E-04   6.245500E-09
    3.141593E+01     5     6    9.404180E-13  -3.535510E-13
    3.141593E+01     6     1    1.564240E-11   4.140235E-15
    3.141593E+01     6     2   -5.122270E-12  -5.735800E-13
    3.141593E+01     6     3   -1.171430E-10  -2.569320E-11
    3.141593E+01     6     4    5.493350E-12   4.591035E-14
    3.141593E+01     6     5    6.600340E-11   3.819910E-14
    3.141593E+01     6     6    6.464550E-05  -3.381310E-12
    1.175526E+01     1     1    7.849723E-05   1.761990E-07
    1.175526E+01     1     2   -6.170618E-12   1.003869E-11
    1.175526E+01     1     3   -1.748926E-10  -6.330563E-10
    1.175526E+01     1     4   -1.198601E-12   3.881396E-12
    1.175526E+01     1     5    3.491033E-05   3.855530E-07
    1.175526E+01     1     6    4.034380E-11   1.141517E-12
    1.175526E+01     2     1    1.595188E-11   2.967977E-12
    1.175526E+01     2     2    1.471530E-03   5.110881E-07
    1.175526E+01     2     3   -2.888962E-09  -3.552303E-10
    1.175526E+01     2     4   -2.605229E-05  -1.960678E-07
    1.175526E+01     2     5   -9.870458E-12  -1.614559E-11
    1.175526E+01     2     6    1.598767E-10  -2.933731E-12
    1.175526E+01     3     1   -1.514477E-11   1.583441E-10
    1.175526E+01     3     2   -5.844476E-10   9.381949E-10
    1.175526E+01     3     3    6.547528E-03   1.480764E-03
    1.175526E+01     3     4    6.287171E-10  -1.636264E-10
    1.175526E+01     3     5    2.083259E-10  -7.953219E-10
    1.175526E+01     3     6    7.011599E-11  -2.098031E-10
    1.175526E+01     4     1   -3.326225E-12   6.472967E-12
    1.175526E+01     4     2   -2.492971E-05  -1.839417E-07
    1.175526E+01     4     3   -4.419575E-10  -3.151085E-10
    1.175526E+01     4     4    4.235788E-05   7.053718E-08
    1.175526E+01     4     5   -6.260805E-12   1.084318E-11
    1.175526E+01     4     6   -1.012871E-11  -8.315815E-12
    1.175526E+01     5     1    2.210470E-05   2.521415E-07
    1.175526E+01     5     2    5.911003E-11  -6.570145E-12
    1.175526E+01     5     3    8.455481E-10   1.094242E-09
    1.175526E+01     5     4   -6.030882E-11   4.124318E-12
    1.175526E+01     5     5    1.327403E-04   5.514591E-07
    1.175526E+01     5     6   -2.598895E-11  -1.084361E-11
    1.175526E+01     6     1   -3.793177E-12  -2.014904E-12
    1.175526E+01     6     2   -2.393682E-12   3.524523E-13
    1.175526E+01     6     3   -3.294416E-10  -1.478087E-10
    1.175526E+01     6     4    1.641321E-11  -6.872153E-13
    1.175526E+01     6     5    1.666272E-11   1.454934E-12
    1.175526E+01     6     6    6.469076E-05   3.826273E-10
    7.231195E+00     1     1    7.867474E-05   1.426972E-07
    7.231195E+00     1     2   -6.054258E-12   7.243293E-12
    7.231195E+00     1     3   -1.712563E-10  -4.631366E-10
    7.231195E+00     1     4   -3.200116E-12   2.880553E-12
    7.231195E+00     1     5    3.524511E-05   3.144312E-07
    7.231195E+00     1     6    5.000959E-11   7.701703E-13
    7.231195E+00     2     1    1.880762E-11   2.390142E-12
    7.231195E+00     2     2    1.473114E-03   4.067179E-07
    7.231195E+00     2     3   -2.564288E-09  -3.712626E-10
    7.231195E+00     2     4   -2.629342E-05  -1.577281E-07
    7.231195E+00     2     5    2.385939E-12  -1.171132E-11
    7.231195E+00     2     6    2.049613E-10  -1.657945E-12
    7.231195E+00     3     1   -1.004774E-11   1.170550E-10
    7.231195E+00     3     2   -4.208275E-10   7.850817E-10
    7.231195E+00     3     3    6.100620E-03   1.500132E-03
    7.231195E+00     3     4    7.756803E-10  -1.159002E-10
    7.231195E+00     3     5    2.379327E-10  -6.013969E-10
    7.231195E+00     3     6    8.866750E-11  -1.607086E-10
    7.231195E+00     4     1   -4.733239E-12   4.792144E-12
    7.231195E+00     4     2   -2.515020E-05  -1.479892E-07
    7.231195E+00     4     3   -5.106533E-10  -2.365164E-10
    7.231195E+00     4     4    4.247075E-05   5.742466E-08
    7.231195E+00     4     5   -9.173982E-12   8.080411E-12
    7.231195E+00     4     6   -1.153632E-11  -6.264045E-12
    7.231195E+00     5     1    2.233009E-05   2.056091E-07
    7.231195E+00     5     2    6.725003E-11  -5.854054E-12
    7.231195E+00     5     3    1.031467E-09   8.464454E-10
    7.231195E+00     5     4   -6.934186E-11   3.148666E-12
    7.231195E+00     5     5    1.333292E-04   4.529907E-07
    7.231195E+00     5     6   -3.193856E-11  -8.044869E-12
    7.231195E+00     6     1   -8.478966E-12  -1.563935E-12
    7.231195E+00     6     2   -2.918334E-12   6.287789E-14
    7.231195E+00     6     3   -4.113069E-10  -1.467789E-10
    7.231195E+00     6     4    1.835996E-11  -5.189028E-13
    7.231195E+00     6     5    2.534746E-13   1.054512E-12
    7.231195E+00     6     6    6.473687E-05   2.610421E-10
    5.221194E+00     1     1    7.891837E-05   1.235754E-07
    5.221194E+00     1     2   -4.459041E-12   3.616818E-12
    5.221194E+00     1     3   -1.004143E-10  -2.450153E-10
    5.221194E+00     1     4   -3.527957E-12   1.558306E-12
    5.221194E+00     1     5    3.572919E-05   2.758972E-07
    5.221194E+00     1     6    3.774706E-11   3.334717E-13
    5.221194E+00     2     1    2.263196E-11   1.545401E-12
    5.221194E+00     2     2    1.475386E-03   3.396368E-07
    5.221194E+00     2     3   -2.183304E-09  -4.378699E-10
    5.221194E+00     2     4   -2.665001E-05  -1.347588E-07
    5.221194E+00     2     5    5.082580E-11  -6.009533E-12
    5.221194E+00     2     6    1.688434E-10  -4.465754E-13
    5.221194E+00     3     1   -1.474428E-12   6.331285E-11
    5.221194E+00     3     2   -1.245551E-10   5.278868E-10
    5.221194E+00     3     3    5.793535E-03   1.537205E-03
    5.221194E+00     3     4    6.335392E-10  -6.069147E-11
    5.221194E+00     3     5    1.933446E-10  -3.416663E-10
    5.221194E+00     3     6    7.306017E-11  -9.285344E-11
    5.221194E+00     4     1   -4.249118E-12   2.570917E-12
    5.221194E+00     4     2   -2.548349E-05  -1.264288E-07
    5.221194E+00     4     3   -3.922182E-10  -1.290807E-10
    5.221194E+00     4     4    4.263733E-05   5.022525E-08
    5.221194E+00     4     5   -7.952376E-12   4.440657E-12
    5.221194E+00     4     6   -7.834581E-12  -3.498467E-12
    5.221194E+00     5     1    2.266073E-05   1.806223E-07
    5.221194E+00     5     2    5.135538E-11  -3.992074E-12
    5.221194E+00     5     3    8.361775E-10   4.979910E-10
    5.221194E+00     5     4   -5.089117E-11   1.801568E-12
    5.221194E+00     5     5    1.341960E-04   4.033246E-07
    5.221194E+00     5     6   -2.386114E-11  -4.427125E-12
    5.221194E+00     6     1   -3.321021E-12  -8.984702E-13
    5.221194E+00     6     2   -7.019595E-12  -2.262156E-13
    5.221194E+00     6     3   -3.962234E-10  -1.259391E-10
    5.221194E+00     6     4    1.442349E-11  -2.819056E-13
    5.221194E+00     6     5    6.804085E-12   6.014173E-13
    5.221194E+00     6     6    6.479640E-05   1.333922E-10
    4.085827E+00     1     1    7.925561E-05   1.477404E-07
    4.085827E+00     1     2   -2.235652E-12   7.796935E-13
    4.085827E+00     1     3   -8.188701E-12  -7.439844E-11
    4.085827E+00     1     4   -2.687081E-12   5.213757E-13
    4.085827E+00     1     5    3.638904E-05   3.330418E-07
    4.085827E+00     1     6    1.608595E-11   3.220625E-14
    4.085827E+00     2     1    2.465014E-11   8.420343E-13
    4.085827E+00     2     2    1.478619E-03   3.941400E-07
    4.085827E+00     2     3   -1.843982E-09  -5.218167E-10
    4.085827E+00     2     4   -2.714045E-05  -1.593924E-07
    4.085827E+00     2     5    1.021673E-10  -1.606461E-12
    4.085827E+00     2     6    8.878505E-11   1.971826E-13
    4.085827E+00     3     1    4.746762E-12   2.151746E-11
    4.085827E+00     3     2    1.469527E-10   2.853726E-10
    4.085827E+00     3     3    5.594696E-03   1.597416E-03
    4.085827E+00     3     4    3.552113E-10  -2.069012E-11
    4.085827E+00     3     5    1.119975E-10  -1.332125E-10
    4.085827E+00     3     6    4.118555E-11  -3.753004E-11
    4.085827E+00     4     1   -2.712320E-12   8.153071E-13
    4.085827E+00     4     2   -2.594487E-05  -1.494939E-07
    4.085827E+00     4     3   -1.819422E-10  -3.799625E-11
    4.085827E+00     4     4    4.286091E-05   6.048903E-08
    4.085827E+00     4     5   -4.704192E-12   1.543639E-12
    4.085827E+00     4     6   -2.305181E-12  -1.301467E-12
    4.085827E+00     5     1    2.310784E-05   2.184726E-07
    4.085827E+00     5     2    2.462381E-11  -1.867435E-12
    4.085827E+00     5     3    4.502251E-10   2.075841E-10
    4.085827E+00     5     4   -2.134823E-11   6.666832E-13
    4.085827E+00     5     5    1.353670E-04   4.925239E-07
    4.085827E+00     5     6   -8.707888E-12  -1.613884E-12
    4.085827E+00     6     1    6.776272E-12  -3.121672E-13
    4.085827E+00     6     2   -1.501794E-11  -3.565366E-13
    4.085827E+00     6     3   -3.176226E-10  -9.873604E-11
    4.085827E+00     6     4    7.693642E-12  -8.463959E-14
    4.085827E+00     6     5    2.635282E-11   3.253418E-13
    4.085827E+00     6     6    6.488181E-05   6.496441E-11
    3.355865E+00     1     1    7.971430E-05   2.234588E-07
    3.355865E+00     1     2   -2.328310E-13  -8.076163E-13
    3.355865E+00     1     3    5.967740E-11   2.152043E-11
    3.355865E+00     1     4   -1.182340E-12  -5.780858E-14
    3.355865E+00     1     5    3.725180E-05   5.039107E-07
    3.355865E+00     1     6   -2.459270E-12  -7.653848E-14
    3.355865E+00     2     1    2.208980E-11   3.960786E-13
    3.355865E+00     2     2    1.483090E-03   5.943225E-07
    3.355865E+00     2     3   -1.643900E-09  -6.136730E-10
    3.355865E+00     2     4   -2.778370E-05  -2.408450E-07
    3.355865E+00     2     5    1.231750E-10   7.686001E-13
    3.355865E+00     2     6    1.993610E-12   1.302120E-13
    3.355865E+00     3     1    2.793970E-12  -1.396961E-12
    3.355865E+00     3     2    2.365560E-10   9.126796E-11
    3.355865E+00     3     3    5.472210E-03   1.682359E-03
    3.355865E+00     3     4    9.342330E-11  -2.342819E-12
    3.355865E+00     3     5    3.126660E-11  -9.303958E-12
    3.355865E+00     3     6    1.091390E-11  -3.630641E-12
    3.355865E+00     4     1   -9.604260E-13  -1.888025E-13
    3.355865E+00     4     2   -2.655010E-05  -2.258292E-07
    3.355865E+00     4     3    2.504380E-11   2.390247E-11
    3.355865E+00     4     4    4.314500E-05   9.151952E-08
    3.355865E+00     4     5   -1.535800E-12  -1.504198E-13
    3.355865E+00     4     6    1.774420E-12  -3.749826E-14
    3.355865E+00     5     1    2.368310E-05   3.309710E-07
    3.355865E+00     5     2    2.328310E-13   2.692058E-13
    3.355865E+00     5     3    6.388290E-11   2.031640E-11
    3.355865E+00     5     4    2.917660E-12  -9.020883E-14
    3.355865E+00     5     5    1.368700E-04   7.463548E-07
    3.355865E+00     5     6    6.581100E-12  -6.650590E-14
    3.355865E+00     6     1    1.691570E-11   1.115713E-13
    3.355865E+00     6     2   -2.724120E-11  -2.830054E-13
    3.355865E+00     6     3   -2.088930E-10  -6.899001E-11
    3.355865E+00     6     4    1.255100E-12   4.209080E-14
    3.355865E+00     6     5    4.894960E-11   2.916413E-13
    3.355865E+00     6     6    6.500570E-05   7.434118E-11
    2.847322E+00     1     1    8.032180E-05   3.539335E-07
    2.847322E+00     1     2    6.984920E-13  -9.622559E-13
    2.847322E+00     1     3    5.736360E-11   3.194041E-11
    2.847322E+00     1     4    4.802130E-13  -1.107890E-13
    2.847322E+00     1     5    3.834370E-05   7.954910E-07
    2.847322E+00     1     6   -5.355100E-12   2.984311E-14
    2.847322E+00     2     1    1.218000E-11   2.536380E-13
    2.847322E+00     2     2    1.489070E-03   9.495355E-07
    2.847322E+00     2     3   -1.680920E-09  -7.096524E-10
    2.847322E+00     2     4   -2.859800E-05  -3.826895E-07
    2.847322E+00     2     5    8.058350E-11   8.261476E-13
    2.847322E+00     2     6   -5.423860E-11  -7.039289E-13
    2.847322E+00     3     1   -1.315490E-11  -2.677582E-12
    2.847322E+00     3     2   -1.303850E-11  -4.097861E-11
    2.847322E+00     3     3    5.394390E-03   1.792595E-03
    2.847322E+00     3     4    1.164150E-12  -8.207368E-12
    2.847322E+00     3     5   -1.139050E-11   1.684153E-11
    2.847322E+00     3     6    1.455190E-13   5.311506E-12
    2.847322E+00     4     1    1.673470E-13  -3.278760E-13
    2.847322E+00     4     2   -2.731430E-05  -3.587860E-07
    2.847322E+00     4     3    1.333970E-10   5.150542E-11
    2.847322E+00     4     4    4.349280E-05   1.445960E-07
    2.847322E+00     4     5   -5.565680E-13  -4.586804E-13
    2.847322E+00     4     6    1.122320E-12   1.487180E-13
    2.847322E+00     5     1    2.439760E-05   5.226900E-07
    2.847322E+00     5     2   -8.614730E-12   2.317415E-12
    2.847322E+00     5     3   -1.321900E-10  -4.588390E-11
    2.847322E+00     5     4    5.511540E-12  -4.031377E-13
    2.847322E+00     5     5    1.387310E-04   1.174786E-06
    2.847322E+00     5     6    1.505030E-11   3.183265E-14
    2.847322E+00     6     1    2.218990E-11   3.395269E-13
    2.847322E+00     6     2   -4.400500E-11   1.210776E-14
    2.847322E+00     6     3   -1.035220E-10  -3.822894E-11
    2.847322E+00     6     4   -1.800800E-12   8.603888E-14
    2.847322E+00     6     5    6.462310E-11   5.261250E-13
    2.847322E+00     6     6    6.518050E-05   1.688471E-10
    2.472527E+00     1     1    8.108840E-05   5.472454E-07
    2.472527E+00     1     2   -8.149070E-13  -1.600697E-13
    2.472527E+00     1     3   -1.455190E-13  -2.521549E-12
    2.472527E+00     1     4    1.167790E-12   1.463706E-13
    2.472527E+00     1     5    3.969020E-05   1.225358E-06
    2.472527E+00     1     6    5.318730E-12   6.650637E-14
    2.472527E+00     2     1    4.627510E-12   4.411026E-13
    2.472527E+00     2     2    1.496440E-03   1.484145E-06
    2.472527E+00     2     3   -1.917240E-09  -8.307178E-10
    2.472527E+00     2     4   -2.960260E-05  -5.942507E-07
    2.472527E+00     2     5    1.588550E-11  -5.624075E-14
    2.472527E+00     2     6   -4.817410E-11  -1.424709E-12
    2.472527E+00     3     1   -2.980230E-11   6.693806E-12
    2.472527E+00     3     2   -4.135070E-10  -5.681017E-11
    2.472527E+00     3     3    5.334380E-03   1.929490E-03
    2.472527E+00     3     4    9.851650E-11  -4.962144E-12
    2.472527E+00     3     5   -2.019810E-11  -1.778636E-11
    2.472527E+00     3     6    2.954040E-12  -6.271801E-12
    2.472527E+00     4     1   -2.037270E-13   1.419935E-13
    2.472527E+00     4     2   -2.825280E-05  -5.570400E-07
    2.472527E+00     4     3    1.291770E-10   5.443137E-11
    2.472527E+00     4     4    4.391290E-05   2.230348E-07
    2.472527E+00     4     5   -2.267670E-12   1.850571E-14
    2.472527E+00     4     6   -2.816710E-12  -3.066673E-13
    2.472527E+00     5     1    2.527030E-05   8.053243E-07
    2.472527E+00     5     2    2.561140E-12   2.779392E-12
    2.472527E+00     5     3   -5.523910E-11  -1.675590E-11
    2.472527E+00     5     4   -9.775250E-12  -1.616610E-13
    2.472527E+00     5     5    1.409940E-04   1.803246E-06
    2.472527E+00     5     6    1.196530E-11  -3.366236E-13
    2.472527E+00     6     1    2.093110E-11   4.418660E-13
    2.472527E+00     6     2   -4.679900E-11   1.054010E-13
    2.472527E+00     6     3   -6.592020E-11  -3.033701E-11
    2.472527E+00     6     4   -1.346050E-12   3.776232E-14
    2.472527E+00     6     5    6.754240E-11   9.860027E-13
    2.472527E+00     6     6    6.540120E-05   3.719085E-10
    2.185000E+00     1     1    8.198140E-05   8.346119E-07
    2.185000E+00     1     2   -4.889440E-12  -1.236924E-13
    2.185000E+00     1     3    4.447070E-11   3.130467E-11
    2.185000E+00     1     4    3.637980E-13   1.360846E-13
    2.185000E+00     1     5    4.131440E-05   1.861208E-06
    2.185000E+00     1     6   -2.663000E-12  -3.066167E-13
    2.185000E+00     2     1    2.050360E-11   5.325150E-13
    2.185000E+00     2     2    1.504250E-03   2.294248E-06
    2.185000E+00     2     3   -1.987030E-09  -1.049993E-09
    2.185000E+00     2     4   -3.082190E-05  -9.120427E-07
    2.185000E+00     2     5    7.241120E-11   1.119102E-12
    2.185000E+00     2     6    7.941710E-12  -1.010686E-13
    2.185000E+00     3     1   -8.847560E-12  -4.714877E-12
    2.185000E+00     3     2   -1.676380E-11   3.539053E-11
    2.185000E+00     3     3    5.282600E-03   2.096561E-03
    2.185000E+00     3     4    7.703780E-11   2.690677E-11
    2.185000E+00     3     5   -8.930810E-11  -1.024103E-11
    2.185000E+00     3     6   -2.040180E-11  -1.370806E-11
    2.185000E+00     4     1   -1.840820E-12   2.037290E-13
    2.185000E+00     4     2   -2.938750E-05  -8.545590E-07
    2.185000E+00     4     3    1.504600E-10   4.925024E-11
    2.185000E+00     4     4    4.442490E-05   3.397190E-07
    2.185000E+00     4     5   -3.505420E-12  -2.173807E-13
    2.185000E+00     4     6    7.703420E-13   1.605842E-15
    2.185000E+00     5     1    2.633660E-05   1.223863E-06
    2.185000E+00     5     2    7.683410E-12  -1.455206E-14
    2.185000E+00     5     3   -1.990700E-11  -2.453933E-11
    2.185000E+00     5     4    2.481100E-12   2.321509E-13
    2.185000E+00     5     5    1.437410E-04   2.729281E-06
    2.185000E+00     5     6    1.829900E-12   6.937230E-13
    2.185000E+00     6     1    2.089110E-11   6.399812E-13
    2.185000E+00     6     2    5.122270E-12  -1.763302E-13
    2.185000E+00     6     3   -1.194420E-10  -5.689491E-11
    2.185000E+00     6     4   -5.111360E-12  -8.886354E-14
    2.185000E+00     6     5    6.567340E-11   1.462787E-12
    2.185000E+00     6     6    6.562350E-05   7.918347E-10
    1.957318E+00     1     1    8.305000E-05   1.262434E-06
    1.957318E+00     1     2   -4.190950E-12  -4.001744E-13
    1.957318E+00     1     3    4.303000E-11   1.422171E-11
    1.957318E+00     1     4    2.819430E-12   2.390823E-13
    1.957318E+00     1     5    4.325980E-05   2.803237E-06
    1.957318E+00     1     6    5.238690E-12   1.110716E-13
    1.957318E+00     2     1   -8.454660E-12  -6.571073E-13
    1.957318E+00     2     2    1.513960E-03   3.529610E-06
    1.957318E+00     2     3   -1.685050E-09  -1.096405E-09
    1.957318E+00     2     4   -3.230470E-05  -1.391692E-06
    1.957318E+00     2     5   -6.159750E-11  -1.242164E-12
    1.957318E+00     2     6    4.627150E-11   4.526993E-13
    1.957318E+00     3     1   -1.396980E-11  -9.313168E-13
    1.957318E+00     3     2    2.346930E-10  -1.033762E-10
    1.957318E+00     3     3    5.226440E-03   2.295178E-03
    1.957318E+00     3     4    7.238120E-11  -8.034080E-11
    1.957318E+00     3     5   -4.770530E-11  -2.882652E-11
    1.957318E+00     3     6    2.658630E-11   2.037257E-12
    1.957318E+00     4     1   -1.287840E-12   1.170970E-13
    1.957318E+00     4     2   -3.077510E-05  -1.303514E-06
    1.957318E+00     4     3   -3.488090E-11  -2.140485E-11
    1.957318E+00     4     4    4.502920E-05   5.139653E-07
    1.957318E+00     4     5   -6.445570E-12   5.101243E-13
    1.957318E+00     4     6   -1.909030E-12   6.369272E-14
    1.957318E+00     5     1    2.760450E-05   1.844186E-06
    1.957318E+00     5     2   -9.313230E-13   1.527943E-12
    1.957318E+00     5     3   -7.604830E-11  -3.301642E-11
    1.957318E+00     5     4   -6.453770E-12  -5.036292E-13
    1.957318E+00     5     5    1.470000E-04   4.095106E-06
    1.957318E+00     5     6   -3.758030E-12  -9.761098E-13
    1.957318E+00     6     1    2.156680E-11   9.493972E-13
    1.957318E+00     6     2    2.956950E-11   7.388181E-13
    1.957318E+00     6     3    6.461050E-11   3.811937E-11
    1.957318E+00     6     4   -8.520150E-12  -1.739307E-13
    1.957318E+00     6     5    6.279940E-11   2.314327E-12
    1.957318E+00     6     6    6.589910E-05   1.652304E-09
    1.772658E+00     1     1    8.429800E-05   1.897091E-06
    1.772658E+00     1     2   -4.656610E-12  -2.328331E-13
    1.772658E+00     1     3   -3.962490E-11  -4.302864E-11
    1.772658E+00     1     4   -4.874890E-13  -2.085039E-13
    1.772658E+00     1     5    4.553010E-05   4.194386E-06
    1.772658E+00     1     6   -4.634790E-12  -3.710791E-13
    1.772658E+00     2     1   -4.743920E-12  -5.447933E-13
    1.772658E+00     2     2    1.525850E-03   5.417718E-06
    1.772658E+00     2     3   -2.164160E-10  -4.383354E-10
    1.772658E+00     2     4   -3.408330E-05  -2.116521E-06
    1.772658E+00     2     5   -3.152970E-11  -1.405208E-12
    1.772658E+00     2     6    7.582280E-11   7.730794E-13
    1.772658E+00     3     1    6.298070E-11   1.734606E-11
    1.772658E+00     3     2   -3.725290E-12   1.098973E-10
    1.772658E+00     3     3    5.156870E-03   2.525942E-03
    1.772658E+00     3     4   -1.516600E-10   2.385084E-11
    1.772658E+00     3     5    1.939040E-10   2.617735E-11
    1.772658E+00     3     6    2.484010E-11   2.722691E-11
    1.772658E+00     4     1   -4.365570E-13   4.063225E-13
    1.772658E+00     4     2   -3.243720E-05  -1.982009E-06
    1.772658E+00     4     3   -1.180890E-10  -1.029104E-10
    1.772658E+00     4     4    4.574480E-05   7.743095E-07
    1.772658E+00     4     5   -3.479230E-12  -1.239289E-13
    1.772658E+00     4     6   -3.585230E-12  -4.351982E-13
    1.772658E+00     5     1    2.908650E-05   2.760545E-06
    1.772658E+00     5     2   -3.492460E-12  -6.984991E-13
    1.772658E+00     5     3    2.652810E-10   1.899992E-10
    1.772658E+00     5     4    4.227330E-12  -1.932696E-13
    1.772658E+00     5     5    1.508110E-04   6.103682E-06
    1.772658E+00     5     6    8.134520E-12  -1.307640E-12
    1.772658E+00     6     1    2.053460E-11   1.239760E-12
    1.772658E+00     6     2    8.917410E-11  -2.346407E-12
    1.772658E+00     6     3    4.706090E-11   2.964847E-11
    1.772658E+00     6     4   -9.833460E-12  -2.786280E-13
    1.772658E+00     6     5    5.272070E-11   3.194414E-12
    1.772658E+00     6     6    6.623430E-05   3.400367E-09
    1.619795E+00     1     1    8.568560E-05   2.821861E-06
    1.619795E+00     1     2   -1.396980E-12   4.365558E-14
    1.619795E+00     1     3   -2.530580E-11  -2.881825E-11
    1.619795E+00     1     4    2.928570E-12   1.004988E-13
    1.619795E+00     1     5    4.806080E-05   6.213431E-06
    1.619795E+00     1     6   -1.680750E-12   6.662026E-13
    1.619795E+00     2     1    2.930760E-11   2.449263E-12
    1.619795E+00     2     2    1.538190E-03   8.270611E-06
    1.619795E+00     2     3   -6.252670E-10  -6.354189E-10
    1.619795E+00     2     4   -3.613630E-05  -3.199923E-06
    1.619795E+00     2     5    6.405200E-11   4.657695E-12
    1.619795E+00     2     6    1.755690E-11  -1.248961E-12
    1.619795E+00     3     1    4.773030E-11  -1.722944E-11
    1.619795E+00     3     2   -1.546000E-10   1.322475E-10
    1.619795E+00     3     3    5.053050E-03   2.782650E-03
    1.619795E+00     3     4   -4.714820E-11  -1.069564E-11
    1.619795E+00     3     5    2.261730E-10  -8.255246E-12
    1.619795E+00     3     6    7.246850E-12   1.667646E-11
    1.619795E+00     4     1   -4.365570E-14  -3.619773E-13
    1.619795E+00     4     2   -3.434750E-05  -2.994792E-06
    1.619795E+00     4     3   -2.644810E-10  -1.268515E-10
    1.619795E+00     4     4    4.656480E-05   1.158708E-06
    1.619795E+00     4     5    4.287600E-12  -1.175713E-12
    1.619795E+00     4     6   -2.570230E-12   2.204952E-13
    1.619795E+00     5     1    3.073750E-05   4.091312E-06
    1.619795E+00     5     2   -1.257290E-11  -4.074530E-12
    1.619795E+00     5     3    2.636810E-10   1.518054E-10
    1.619795E+00     5     4   -3.368770E-12  -1.285112E-12
    1.619795E+00     5     5    1.550860E-04   9.009229E-06
    1.619795E+00     5     6    1.485750E-11   6.957618E-14
    1.619795E+00     6     1    6.188200E-12   4.650064E-13
    1.619795E+00     6     2    5.308540E-11  -9.156329E-13
    1.619795E+00     6     3   -1.011940E-10  -8.822300E-11
    1.619795E+00     6     4   -9.626090E-12  -3.401830E-13
    1.619795E+00     6     5    2.029540E-11   1.247352E-12
    1.619795E+00     6     6    6.657540E-05   6.916319E-09
    1.491239E+00     1     1    8.716470E-05   4.132838E-06
    1.491239E+00     1     2    0.000000E+00  -6.111881E-13
    1.491239E+00     1     3   -1.242730E-11  -2.291952E-11
    1.491239E+00     1     4    1.786250E-12   1.832651E-13
    1.491239E+00     1     5    5.073550E-05   9.067760E-06
    1.491239E+00     1     6   -8.338250E-12  -5.638938E-13
    1.491239E+00     2     1    1.440640E-11   1.631651E-12
    1.491239E+00     2     2    1.553520E-03   1.251346E-05
    1.491239E+00     2     3   -1.413280E-09  -1.509567E-09
    1.491239E+00     2     4   -3.847450E-05  -4.789624E-06
    1.491239E+00     2     5    3.087060E-11   3.510063E-12
    1.491239E+00     2     6    1.098310E-11   2.919519E-13
    1.491239E+00     3     1    1.536680E-11   8.265581E-12
    1.491239E+00     3     2   -9.592620E-11   9.220202E-11
    1.491239E+00     3     3    4.906420E-03   3.057721E-03
    1.491239E+00     3     4   -5.180480E-11  -1.423193E-11
    1.491239E+00     3     5    9.376820E-11   1.396271E-11
    1.491239E+00     3     6   -1.401350E-11   1.571624E-12
    1.491239E+00     4     1    4.001780E-13  -6.366521E-15
    1.491239E+00     4     2   -3.653460E-05  -4.481416E-06
    1.491239E+00     4     3   -1.170850E-10  -4.492761E-11
    1.491239E+00     4     4    4.747860E-05   1.715346E-06
    1.491239E+00     4     5    8.276640E-12  -5.745431E-13
    1.491239E+00     4     6    3.701640E-12  -4.399725E-14
    1.491239E+00     5     1    3.247680E-05   5.973157E-06
    1.491239E+00     5     2    3.259630E-12  -5.442469E-12
    1.491239E+00     5     3    1.152510E-10   8.917145E-11
    1.491239E+00     5     4    1.549780E-12  -7.949067E-13
    1.491239E+00     5     5    1.596830E-04   1.310725E-05
    1.491239E+00     5     6    1.311860E-11   1.160528E-12
    1.491239E+00     6     1    1.641090E-11   2.628020E-12
    1.491239E+00     6     2    1.396980E-12  -2.210550E-12
    1.491239E+00     6     3   -5.934270E-11  -6.200551E-11
    1.491239E+00     6     4    1.543590E-11   7.063298E-13
    1.491239E+00     6     5    6.654660E-11   6.364741E-12
    1.491239E+00     6     6    6.700880E-05   1.386837E-08
    1.381557E+00     1     1    8.860250E-05   5.907980E-06
    1.381557E+00     1     2   -3.026800E-12  -3.492469E-13
    1.381557E+00     1     3   -3.415330E-11  -6.737175E-11
    1.381557E+00     1     4    2.197340E-12   9.004002E-14
    1.381557E+00     1     5    5.328330E-05   1.292768E-05
    1.381557E+00     1     6   -1.209260E-11   2.346490E-13
    1.381557E+00     2     1    2.814340E-11   4.503815E-12
    1.381557E+00     2     2    1.569440E-03   1.860445E-05
    1.381557E+00     2     3   -2.578600E-11  -4.693859E-10
    1.381557E+00     2     4   -4.097250E-05  -7.041997E-06
    1.381557E+00     2     5    4.686470E-11   1.231151E-11
    1.381557E+00     2     6    2.459270E-12  -5.461510E-13
    1.381557E+00     3     1    1.984880E-11   4.190945E-12
    1.381557E+00     3     2   -1.918520E-10   2.048908E-10
    1.381557E+00     3     3    4.709370E-03   3.335298E-03
    1.381557E+00     3     4   -3.486640E-11   2.211900E-12
    1.381557E+00     3     5    3.833430E-11   1.880244E-11
    1.381557E+00     3     6   -1.842270E-11  -5.995382E-12
    1.381557E+00     4     1   -4.329190E-12  -8.285494E-13
    1.381557E+00     4     2   -3.885730E-05  -6.585721E-06
    1.381557E+00     4     3   -9.704670E-11  -9.844829E-11
    1.381557E+00     4     4    4.845470E-05   2.492887E-06
    1.381557E+00     4     5   -1.660860E-11  -3.034411E-12
    1.381557E+00     4     6   -2.499290E-12   1.296370E-12
    1.381557E+00     5     1    3.413460E-05   8.518987E-06
    1.381557E+00     5     2   -1.676380E-11   1.164153E-12
    1.381557E+00     5     3    7.639760E-11   5.567559E-11
    1.381557E+00     5     4   -1.039730E-11  -5.793487E-13
    1.381557E+00     5     5    1.642640E-04   1.864544E-05
    1.381557E+00     5     6   -2.197340E-12  -3.728930E-13
    1.381557E+00     6     1    4.622960E-12   2.483432E-12
    1.381557E+00     6     2    1.466830E-11  -2.087291E-12
    1.381557E+00     6     3   -5.887700E-11  -7.356164E-11
    1.381557E+00     6     4    2.954040E-12   9.172387E-14
    1.381557E+00     6     5    4.662760E-11   6.359485E-12
    1.381557E+00     6     6    6.746830E-05   2.719761E-08
    1.286905E+00     1     1    8.983910E-05   8.176450E-06
    1.286905E+00     1     2   -1.629810E-12   7.566914E-13
    1.286905E+00     1     3    2.258460E-11   3.346182E-11
    1.286905E+00     1     4    4.176400E-12  -7.003031E-13
    1.286905E+00     1     5    5.536440E-05   1.786634E-05
    1.286905E+00     1     6   -4.634790E-12  -2.228248E-13
    1.286905E+00     2     1   -1.810260E-11  -8.432758E-12
    1.286905E+00     2     2    1.586440E-03   2.698140E-05
    1.286905E+00     2     3   -3.239260E-10  -6.993978E-10
    1.286905E+00     2     4   -4.347370E-05  -1.009473E-05
    1.286905E+00     2     5   -1.149280E-10  -2.100975E-11
    1.286905E+00     2     6    2.410520E-11   2.329653E-12
    1.286905E+00     3     1    2.828890E-11   9.313145E-13
    1.286905E+00     3     2   -6.239860E-11  -6.519191E-11
    1.286905E+00     3     3    4.461120E-03   3.599398E-03
    1.286905E+00     3     4   -2.255550E-12  -4.429563E-11
    1.286905E+00     3     5    7.327160E-11   2.313268E-11
    1.286905E+00     3     6    2.500020E-11  -3.012207E-12
    1.286905E+00     4     1   -2.051820E-12  -1.764403E-13
    1.286905E+00     4     2   -4.119010E-05  -9.435974E-06
    1.286905E+00     4     3   -1.719310E-10  -5.396342E-11
    1.286905E+00     4     4    4.942520E-05   3.530559E-06
    1.286905E+00     4     5   -6.260020E-12   2.221141E-12
    1.286905E+00     4     6    1.023180E-12   2.504035E-12
    1.286905E+00     5     1    3.546890E-05   1.177659E-05
    1.286905E+00     5     2   -1.257290E-11  -7.566914E-13
    1.286905E+00     5     3    4.947650E-13   1.543944E-11
    1.286905E+00     5     4   -2.335580E-12   4.547436E-13
    1.286905E+00     5     5    1.683560E-04   2.574369E-05
    1.286905E+00     5     6    1.462470E-12  -8.449123E-13
    1.286905E+00     6     1   -2.275370E-11  -2.702421E-12
    1.286905E+00     6     2   -1.117590E-11  -9.904309E-13
    1.286905E+00     6     3    9.717770E-11   1.035235E-10
    1.286905E+00     6     4   -3.907190E-12  -4.802515E-13
    1.286905E+00     6     5   -1.960750E-11  -4.964956E-12
    1.286905E+00     6     6    6.799120E-05   5.174914E-08
    1.204414E+00     1     1    9.068940E-05   1.089697E-05
    1.204414E+00     1     2   -2.793970E-12   6.402852E-13
    1.204414E+00     1     3    7.421480E-12   2.919836E-11
    1.204414E+00     1     4    2.532030E-12   8.749348E-13
    1.204414E+00     1     5    5.658520E-05   2.381824E-05
    1.204414E+00     1     6    4.947650E-13  -6.830317E-13
    1.204414E+00     2     1    3.472090E-11   1.353330E-11
    1.204414E+00     2     2    1.605030E-03   3.799302E-05
    1.204414E+00     2     3    6.823680E-10   7.186551E-10
    1.204414E+00     2     4   -4.576230E-05  -1.403958E-05
    1.204414E+00     2     5    1.371200E-10   3.773003E-11
    1.204414E+00     2     6   -3.848980E-12  -1.279660E-12
    1.204414E+00     3     1   -1.589070E-11   2.793973E-12
    1.204414E+00     3     2    1.667070E-10   2.086164E-10
    1.204414E+00     3     3    4.168920E-03   3.839423E-03
    1.204414E+00     3     4    3.230530E-12   9.313238E-12
    1.204414E+00     3     5   -9.279120E-12   8.014204E-11
    1.204414E+00     3     6   -1.299490E-11  -6.679344E-12
    1.204414E+00     4     1   -3.485180E-12  -1.549781E-12
    1.204414E+00     4     2   -4.332210E-05  -1.312019E-05
    1.204414E+00     4     3   -6.180200E-11  -7.502799E-11
    1.204414E+00     4     4    5.032660E-05   4.848854E-06
    1.204414E+00     4     5   -6.208720E-13  -3.098681E-12
    1.204414E+00     4     6    9.749780E-13   9.022198E-13
    1.204414E+00     5     1    3.623660E-05   1.570194E-05
    1.204414E+00     5     2    4.656610E-12   2.211892E-12
    1.204414E+00     5     3   -1.124280E-10  -1.078445E-10
    1.204414E+00     5     4   -6.548360E-13  -9.567896E-13
    1.204414E+00     5     5    1.714910E-04   3.434634E-05
    1.204414E+00     5     6   -4.914910E-12  -2.200985E-13
    1.204414E+00     6     1   -1.565330E-11  -4.240856E-12
    1.204414E+00     6     2   -1.606530E-11   3.747125E-13
    1.204414E+00     6     3   -1.195000E-10  -1.908509E-10
    1.204414E+00     6     4    1.003720E-11   1.158868E-12
    1.204414E+00     6     5   -4.192570E-11  -1.019853E-11
    1.204414E+00     6     6    6.861130E-05   9.499387E-08
    1.131840E+00     1     1    9.096680E-05   1.392876E-05
    1.131840E+00     1     2   -3.958120E-12   1.862627E-12
    1.131840E+00     1     3   -1.030280E-11  -3.612487E-11
    1.131840E+00     1     4    2.291930E-13   9.767910E-13
    1.131840E+00     1     5    5.658480E-05   3.051646E-05
    1.131840E+00     1     6    6.242770E-12  -9.713328E-13
    1.131840E+00     2     1    4.103640E-12  -3.928990E-13
    1.131840E+00     2     2    1.622070E-03   5.167510E-05
    1.131840E+00     2     3    3.078020E-10   5.581720E-10
    1.131840E+00     2     4   -4.754070E-05  -1.886189E-05
    1.131840E+00     2     5    4.399340E-12  -3.886045E-12
    1.131840E+00     2     6   -5.488250E-11  -7.003062E-13
    1.131840E+00     3     1   -9.444190E-12  -1.431899E-11
    1.131840E+00     3     2    9.872020E-11  -2.048889E-11
    1.131840E+00     3     3    3.840160E-03   4.043341E-03
    1.131840E+00     3     4   -3.274180E-11  -2.319565E-11
    1.131840E+00     3     5   -2.572590E-11  -2.500639E-11
    1.131840E+00     3     6   -1.655280E-11  -1.743307E-11
    1.131840E+00     4     1    9.313230E-13   7.148578E-13
    1.131840E+00     4     2   -4.496520E-05  -1.761447E-05
    1.131840E+00     4     3   -7.393830E-11   1.846631E-11
    1.131840E+00     4     4    5.106290E-05   6.430314E-06
    1.131840E+00     4     5   -4.795650E-12  -1.240250E-12
    1.131840E+00     4     6    1.257830E-12  -2.505647E-13
    1.131840E+00     5     1    3.618880E-05   2.012141E-05
    1.131840E+00     5     2    1.722950E-11   6.635617E-12
    1.131840E+00     5     3   -2.016900E-11  -3.362924E-11
    1.131840E+00     5     4   -1.498850E-12  -6.384613E-13
    1.131840E+00     5     5    1.731780E-04   4.413939E-05
    1.131840E+00     5     6   -4.340110E-12  -2.783042E-13
    1.131840E+00     6     1   -4.156850E-12  -2.332156E-12
    1.131840E+00     6     2   -3.585590E-11  -1.262369E-12
    1.131840E+00     6     3   -5.587940E-12   3.117468E-11
    1.131840E+00     6     4   -5.686160E-12  -2.841010E-13
    1.131840E+00     6     5   -1.478010E-11  -5.160827E-12
    1.131840E+00     6     6    6.926120E-05   1.671387E-07
    1.067534E+00     1     1    9.059730E-05   1.710570E-05
    1.067534E+00     1     2    9.313230E-13   1.979068E-12
    1.067534E+00     1     3   -1.439180E-11   7.377831E-12
    1.067534E+00     1     4    4.401950E-13  -2.975874E-12
    1.067534E+00     1     5    5.513910E-05   3.765907E-05
    1.067534E+00     1     6   -5.384210E-13  -2.892196E-13
    1.067534E+00     2     1    1.682200E-11   1.037554E-11
    1.067534E+00     2     2    1.639810E-03   6.799548E-05
    1.067534E+00     2     3    2.421440E-11   3.786279E-10
    1.067534E+00     2     4   -4.857390E-05  -2.449785E-05
    1.067534E+00     2     5    5.457570E-11   2.835109E-11
    1.067534E+00     2     6   -2.317760E-11   1.577977E-12
    1.067534E+00     3     1   -3.017520E-11  -1.618176E-11
    1.067534E+00     3     2   -1.676380E-10  -1.508747E-10
    1.067534E+00     3     3    3.484480E-03   4.215200E-03
    1.067534E+00     3     4    2.217710E-11  -2.901660E-11
    1.067534E+00     3     5   -1.293720E-10  -3.789745E-11
    1.067534E+00     3     6   -7.932950E-12   6.271896E-12
    1.067534E+00     4     1   -3.929020E-13  -3.055915E-13
    1.067534E+00     4     2   -4.592430E-05  -2.287188E-05
    1.067534E+00     4     3   -7.126070E-11   2.604431E-11
    1.067534E+00     4     4    5.156600E-05   8.243030E-06
    1.067534E+00     4     5    3.865580E-12  -2.436108E-13
    1.067534E+00     4     6    3.331480E-12  -3.328304E-12
    1.067534E+00     5     1    3.517900E-05   2.482797E-05
    1.067534E+00     5     2    1.117590E-11  -1.257288E-11
    1.067534E+00     5     3    1.981970E-11  -1.682206E-10
    1.067534E+00     5     4   -3.310560E-12  -3.310566E-12
    1.067534E+00     5     5    1.731700E-04   5.478567E-05
    1.067534E+00     5     6    7.999920E-12   4.212787E-12
    1.067534E+00     6     1   -4.733920E-13  -2.511120E-12
    1.067534E+00     6     2   -2.188610E-11   1.942692E-12
    1.067534E+00     6     3   -2.613520E-11  -7.781419E-11
    1.067534E+00     6     4   -1.517040E-12   4.606028E-13
    1.067534E+00     6     5   -1.785790E-11  -7.216950E-12
    1.067534E+00     6     6    7.003500E-05   2.818458E-07
    1.010126E+00     1     1    8.953450E-05   2.019083E-05
    1.010126E+00     1     2   -2.561140E-12  -1.396976E-12
    1.010126E+00     1     3   -2.249730E-11   2.286100E-11
    1.010126E+00     1     4   -4.445610E-12  -1.893556E-12
    1.010126E+00     1     5    5.213950E-05   4.479036E-05
    1.010126E+00     1     6    7.130440E-13   7.203161E-13
    1.010126E+00     2     1   -4.444150E-11  -2.910373E-11
    1.010126E+00     2     2    1.654910E-03   8.644802E-05
    1.010126E+00     2     3   -1.550650E-10   7.228771E-10
    1.010126E+00     2     4   -4.860690E-05  -3.074869E-05
    1.010126E+00     2     5   -1.041790E-10  -7.110543E-11
    1.010126E+00     2     6   -3.271630E-11  -1.818977E-12
    1.010126E+00     3     1    4.265170E-11  -8.381853E-12
    1.010126E+00     3     2    1.862650E-10   1.583240E-10
    1.010126E+00     3     3    3.107970E-03   4.348043E-03
    1.010126E+00     3     4    5.384210E-12   3.806759E-11
    1.010126E+00     3     5    3.375880E-11   3.783528E-11
    1.010126E+00     3     6    1.689840E-11   3.288721E-12
    1.010126E+00     4     1    5.893530E-13   1.742581E-12
    1.010126E+00     4     2   -4.593420E-05  -2.868670E-05
    1.010126E+00     4     3   -9.582440E-11   1.454093E-11
    1.010126E+00     4     4    5.176520E-05   1.020831E-05
    1.010126E+00     4     5    9.964310E-12   3.697019E-12
    1.010126E+00     4     6   -1.655280E-13  -7.989872E-13
    1.010126E+00     5     1    3.312860E-05   2.952333E-05
    1.010126E+00     5     2   -3.725290E-12  -4.889425E-12
    1.010126E+00     5     3    1.638550E-11   1.005532E-11
    1.010126E+00     5     4   -9.102220E-12   2.291920E-13
    1.010126E+00     5     5    1.713000E-04   6.575191E-05
    1.010126E+00     5     6   -3.379680E-12  -3.237790E-12
    1.010126E+00     6     1   -1.483160E-12  -3.891708E-12
    1.010126E+00     6     2   -4.237520E-11  -1.498839E-12
    1.010126E+00     6     3   -1.714220E-11   1.217943E-10
    1.010126E+00     6     4   -3.572500E-12  -1.547611E-12
    1.010126E+00     6     5   -2.378750E-11  -1.206299E-11
    1.010126E+00     6     6    7.085210E-05   4.544854E-07
    9.585917E-01     1     1    8.782820E-05   2.300690E-05
    9.585917E-01     1     2    3.026800E-12   7.217771E-12
    9.585917E-01     1     3   -6.897610E-12  -2.463644E-11
    9.585917E-01     1     4   -7.930790E-13  -6.512007E-13
    9.585917E-01     1     5    4.759830E-05   5.158957E-05
    9.585917E-01     1     6   -2.692100E-13   1.731685E-12
    9.585917E-01     2     1    3.608870E-11   4.278278E-11
    9.585917E-01     2     2    1.668860E-03   1.065679E-04
    9.585917E-01     2     3   -1.963930E-10   4.141336E-10
    9.585917E-01     2     4   -4.746220E-05  -3.740930E-05
    9.585917E-01     2     5    1.479860E-10   1.127793E-10
    9.585917E-01     2     6    2.797610E-11  -5.418790E-12
    9.585917E-01     3     1   -7.275960E-13  -1.396988E-12
    9.585917E-01     3     2    1.082660E-11  -3.259634E-10
    9.585917E-01     3     3    2.706670E-03   4.451164E-03
    9.585917E-01     3     4    1.446280E-11   1.446465E-11
    9.585917E-01     3     5    2.336310E-11  -3.673100E-11
    9.585917E-01     3     6    2.385790E-11   1.322773E-11
    9.585917E-01     4     1    5.093170E-13   5.093186E-14
    9.585917E-01     4     2   -4.486350E-05  -3.488603E-05
    9.585917E-01     4     3   -6.081250E-11   6.579669E-11
    9.585917E-01     4     4    5.163180E-05   1.225561E-05
    9.585917E-01     4     5    1.375850E-11   3.100876E-12
    9.585917E-01     4     6    1.643460E-12   1.226003E-12
    9.585917E-01     5     1    3.005530E-05   3.398758E-05
    9.585917E-01     5     2   -2.747400E-11  -2.724133E-11
    9.585917E-01     5     3   -3.859170E-11   5.462805E-11
    9.585917E-01     5     4    4.292810E-13  -5.995408E-12
    9.585917E-01     5     5    1.676320E-04   7.673130E-05
    9.585917E-01     5     6    1.138320E-11   6.395585E-12
    9.585917E-01     6     1    9.369840E-12   5.441522E-12
    9.585917E-01     6     2    1.699660E-11   1.746239E-13
    9.585917E-01     6     3    9.895300E-12  -1.849297E-10
    9.585917E-01     6     4   -5.376930E-12  -6.989488E-13
    9.585917E-01     6     5    1.895350E-11   1.205338E-11
    9.585917E-01     6     6    7.176080E-05   7.025036E-07
    9.120473E-01     1     1    8.558290E-05   2.536384E-05
    9.120473E-01     1     2    6.053600E-12  -2.328301E-12
    9.120473E-01     1     3   -9.240470E-12   9.371398E-12
    9.120473E-01     1     4   -2.357410E-12  -1.902658E-12
    9.120473E-01     1     5    4.165110E-05   5.768243E-05
    9.120473E-01     1     6    1.506120E-12  -1.968138E-12
    9.120473E-01     2     1   -8.090860E-12  -1.628355E-11
    9.120473E-01     2     2    1.680410E-03   1.274899E-04
    9.120473E-01     2     3    5.355100E-12  -6.426253E-10
    9.120473E-01     2     4   -4.506000E-05  -4.417500E-05
    9.120473E-01     2     5   -5.694370E-11  -4.333193E-11
    9.120473E-01     2     6   -3.079550E-11   8.021715E-13
    9.120473E-01     3     1    7.567000E-12  -1.629807E-11
    9.120473E-01     3     2    3.667080E-11   8.754395E-11
    9.120473E-01     3     3    2.281540E-03   4.519386E-03
    9.120473E-01     3     4    1.069060E-10  -7.916215E-12
    9.120473E-01     3     5    3.910210E-11  -4.613070E-11
    9.120473E-01     3     6   -1.396980E-11   8.760215E-12
    9.120473E-01     4     1   -8.367350E-13  -9.931646E-13
    9.120473E-01     4     2   -4.262620E-05  -4.117766E-05
    9.120473E-01     4     3    3.760210E-11   1.607539E-10
    9.120473E-01     4     4    5.115330E-05   1.428464E-05
    9.120473E-01     4     5   -4.633160E-13  -2.875905E-12
    9.120473E-01     4     6   -9.758880E-13   3.910816E-14
    9.120473E-01     5     1    2.603460E-05   3.797259E-05
    9.120473E-01     5     2   -1.234000E-11   2.025620E-11
    9.120473E-01     5     3   -1.013100E-10  -6.414466E-11
    9.120473E-01     5     4   -4.751200E-12   1.324219E-12
    9.120473E-01     5     5    1.622890E-04   8.735118E-05
    9.120473E-01     5     6   -3.077730E-12   1.284203E-12
    9.120473E-01     6     1   -3.301470E-13  -1.050644E-11
    9.120473E-01     6     2   -2.910380E-11  -1.746222E-12
    9.120473E-01     6     3    1.359150E-11   2.923648E-11
    9.120473E-01     6     4    2.666640E-12   2.999956E-12
    9.120473E-01     6     5   -3.619380E-11  -3.092596E-11
    9.120473E-01     6     6    7.273080E-05   1.040825E-06
    8.698256E-01     1     1    8.294790E-05   2.714321E-05
    8.698256E-01     1     2    5.005860E-12  -3.259639E-12
    8.698256E-01     1     3   -9.604260E-12   6.199142E-12
    8.698256E-01     1     4    9.877110E-13   5.900824E-12
    8.698256E-01     1     5    3.443160E-05   6.282647E-05
    8.698256E-01     1     6   -6.351910E-12  -1.135054E-12
    8.698256E-01     2     1    2.566960E-11   2.935128E-11
    8.698256E-01     2     2    1.689770E-03   1.484502E-04
    8.698256E-01     2     3    3.901080E-10  -1.582958E-10
    8.698256E-01     2     4   -4.138350E-05  -5.078272E-05
    8.698256E-01     2     5    7.056250E-11   8.706970E-11
    8.698256E-01     2     6    4.405590E-12   6.608417E-12
    8.698256E-01     3     1   -1.152510E-11   4.423797E-12
    8.698256E-01     3     2    2.072190E-11   2.533204E-10
    8.698256E-01     3     3    1.827610E-03   4.548640E-03
    8.698256E-01     3     4    3.105010E-11  -4.371413E-11
    8.698256E-01     3     5    5.754280E-11   2.867834E-11
    8.698256E-01     3     6    2.837620E-11  -2.507303E-11
    8.698256E-01     4     1   -1.979060E-12  -1.105950E-12
    8.698256E-01     4     2   -3.918450E-05  -4.730449E-05
    8.698256E-01     4     3    1.331500E-11   5.277276E-11
    8.698256E-01     4     4    5.035000E-05   1.621056E-05
    8.698256E-01     4     5    2.454950E-12  -4.242957E-12
    8.698256E-01     4     6   -3.003150E-12  -1.276027E-12
    8.698256E-01     5     1    2.117030E-05   4.130712E-05
    8.698256E-01     5     2    4.889440E-12   1.536693E-11
    8.698256E-01     5     3   -1.059380E-11   3.891202E-11
    8.698256E-01     5     4   -4.904000E-12   4.107289E-12
    8.698256E-01     5     5    1.554150E-04   9.745013E-05
    8.698256E-01     5     6   -4.061800E-12   6.599322E-12
    8.698256E-01     6     1    1.429770E-11   1.897390E-11
    8.698256E-01     6     2   -9.546060E-12   2.328317E-12
    8.698256E-01     6     3    1.711310E-11  -8.823950E-12
    8.698256E-01     6     4   -3.645250E-12  -3.683464E-13
    8.698256E-01     6     5    3.634750E-11   5.582335E-11
    8.698256E-01     6     6    7.374500E-05   1.481387E-06
    8.313291E-01     1     1    8.005640E-05   2.827375E-05
    8.313291E-01     1     2    3.725290E-12  -3.958111E-12
    8.313291E-01     1     3    4.700270E-11  -2.844893E-11
    8.313291E-01     1     4    2.495650E-12   1.582522E-12
    8.313291E-01     1     5    2.611330E-05   6.683580E-05
    8.313291E-01     1     6   -1.011360E-12  -1.251462E-12
    8.313291E-01     2     1   -4.292810E-12  -3.821328E-11
    8.313291E-01     2     2    1.697190E-03   1.684996E-04
    8.313291E-01     2     3    1.669980E-10  -7.827163E-10
    8.313291E-01     2     4   -3.648860E-05  -5.693490E-05
    8.313291E-01     2     5   -6.943900E-11  -1.205304E-10
    8.313291E-01     2     6   -2.601150E-12  -2.237351E-12
    8.313291E-01     3     1    4.190950E-12  -1.746229E-12
    8.313291E-01     3     2    5.587940E-12  -2.421434E-11
    8.313291E-01     3     3    1.340030E-03   4.531754E-03
    8.313291E-01     3     4   -6.210030E-11  -1.102159E-10
    8.313291E-01     3     5   -3.520240E-11   1.492366E-11
    8.313291E-01     3     6    1.085570E-11   8.483752E-12
    8.313291E-01     4     1   -2.924930E-12  -3.456073E-12
    8.313291E-01     4     2   -3.462880E-05  -5.301786E-05
    8.313291E-01     4     3   -6.088520E-11   4.438330E-12
    8.313291E-01     4     4    4.927130E-05   1.796070E-05
    8.313291E-01     4     5   -1.170410E-11  -4.137695E-12
    8.313291E-01     4     6   -2.436540E-12  -1.090482E-12
    8.313291E-01     5     1    1.557150E-05   4.387179E-05
    8.313291E-01     5     2    3.911550E-11  -4.656602E-13
    8.313291E-01     5     3   -2.013990E-11  -1.466830E-11
    8.313291E-01     5     4   -1.770600E-11  -3.332376E-12
    8.313291E-01     5     5    1.471530E-04   1.070015E-04
    8.313291E-01     5     6   -9.327780E-12   9.011246E-12
    8.313291E-01     6     1   -5.174800E-12   4.980378E-12
    8.313291E-01     6     2    6.752090E-12   2.270098E-12
    8.313291E-01     6     3   -3.489550E-11   3.653612E-11
    8.313291E-01     6     4   -5.882610E-12  -3.846242E-12
    8.313291E-01     6     5    1.551060E-11   1.869701E-11
    8.313291E-01     6     6    7.478530E-05   2.027296E-06
    7.961058E-01     1     1    7.708740E-05   2.870230E-05
    7.961058E-01     1     2   -2.677550E-12  -4.656632E-13
    7.961058E-01     1     3    6.808110E-11  -1.578886E-11
    7.961058E-01     1     4   -4.838510E-13  -3.419720E-13
    7.961058E-01     1     5    1.684600E-05   6.951067E-05
    7.961058E-01     1     6   -4.023600E-12   3.525214E-12
    7.961058E-01     2     1    3.579770E-12   1.311135E-11
    7.961058E-01     2     2    1.702510E-03   1.868177E-04
    7.961058E-01     2     3    1.101870E-10  -1.317533E-10
    7.961058E-01     2     4   -3.052980E-05  -6.241346E-05
    7.961058E-01     2     5    3.742300E-11   3.411624E-11
    7.961058E-01     2     6    3.362040E-11   1.296222E-11
    7.961058E-01     3     1   -1.082660E-11  -2.683392E-11
    7.961058E-01     3     2    1.816080E-10  -1.844027E-10
    7.961058E-01     3     3    8.018330E-04   4.449420E-03
    7.961058E-01     3     4   -1.993610E-11   4.281195E-11
    7.961058E-01     3     5   -9.864680E-11  -6.221631E-11
    7.961058E-01     3     6    2.393790E-11   9.764381E-12
    7.961058E-01     4     1    5.311450E-13  -6.621155E-13
    7.961058E-01     4     2   -2.907510E-05  -5.807802E-05
    7.961058E-01     4     3    5.486070E-11  -4.778876E-11
    7.961058E-01     4     4    4.798490E-05   1.947481E-05
    7.961058E-01     4     5    6.781080E-12  -6.130581E-12
    7.961058E-01     4     6    2.560230E-12  -1.499759E-12
    7.961058E-01     5     1    9.344260E-06   4.552303E-05
    7.961058E-01     5     2    8.381900E-12   6.519284E-12
    7.961058E-01     5     3   -3.571040E-11   1.728777E-11
    7.961058E-01     5     4   -2.088200E-12  -4.853087E-12
    7.961058E-01     5     5    1.375320E-04   1.159616E-04
    7.961058E-01     5     6   -2.592060E-12   4.456540E-12
    7.961058E-01     6     1    5.221180E-12   1.708036E-11
    7.961058E-01     6     2    7.217750E-11   3.754409E-12
    7.961058E-01     6     3    1.888840E-11  -7.106457E-11
    7.961058E-01     6     4    4.190950E-12   3.923129E-12
    7.961058E-01     6     5    2.027070E-11   4.722607E-11
    7.961058E-01     6     6    7.580970E-05   2.674104E-06
    7.637367E-01     1     1    7.408143E-05   2.850171E-05
    7.637367E-01     1     2   -1.556789E-11   8.614167E-12
    7.637367E-01     1     3    2.708282E-11   5.374878E-11
    7.637367E-01     1     4   -7.781608E-12   4.518095E-12
    7.637367E-01     1     5    6.679068E-06   7.096601E-05
    7.637367E-01     1     6   -2.270261E-11   1.439614E-11
    7.637367E-01     2     1    9.035157E-11   2.386685E-10
    7.637367E-01     2     2    1.705731E-03   2.034367E-04
    7.637367E-01     2     3    4.721385E-10   2.366460E-09
    7.637367E-01     2     4   -2.356775E-05  -6.725244E-05
    7.637367E-01     2     5    5.819654E-10   7.139582E-10
    7.637367E-01     2     6    1.490768E-10   5.871294E-11
    7.637367E-01     3     1   -7.999755E-11  -6.223797E-11
    7.637367E-01     3     2    5.808846E-10  -1.272950E-10
    7.637367E-01     3     3    2.098984E-04   4.305434E-03
    7.637367E-01     3     4    1.787702E-10   4.459147E-10
    7.637367E-01     3     5   -9.098201E-11  -1.801964E-10
    7.637367E-01     3     6    1.027821E-10  -4.555876E-11
    7.637367E-01     4     1    9.402568E-12   8.491089E-12
    7.637367E-01     4     2   -2.256977E-05  -6.250971E-05
    7.637367E-01     4     3    4.102185E-10  -1.363390E-10
    7.637367E-01     4     4    4.651005E-05   2.076743E-05
    7.637367E-01     4     5    7.326664E-11  -1.045425E-11
    7.637367E-01     4     6    1.238047E-11  -2.952181E-12
    7.637367E-01     5     1    2.523834E-06   4.633775E-05
    7.637367E-01     5     2   -1.091467E-10   3.661106E-11
    7.637367E-01     5     3   -1.197472E-11   2.062843E-10
    7.637367E-01     5     4    5.378778E-11   2.450035E-12
    7.637367E-01     5     5    1.265819E-04   1.243729E-04
    7.637367E-01     5     6    2.251699E-11  -5.862319E-12
    7.637367E-01     6     1    6.661087E-11   7.417946E-11
    7.637367E-01     6     2    2.084068E-10   8.648454E-12
    7.637367E-01     6     3    2.224678E-10  -4.022258E-10
    7.637367E-01     6     4    2.666143E-11   2.362034E-11
    7.637367E-01     6     5    1.016382E-10   1.942770E-10
    7.637367E-01     6     6    7.680882E-05   3.407740E-06
    7.339055E-01     1     1    7.104291E-05   2.776304E-05
    7.339055E-01     1     2   -3.472937E-11   2.244290E-11
    7.339055E-01     1     3   -7.402195E-11   1.716973E-10
    7.339055E-01     1     4   -1.925506E-11   1.516518E-11
    7.339055E-01     1     5   -4.347171E-06   7.137064E-05
    7.339055E-01     1     6   -5.654068E-11   3.044170E-11
    7.339055E-01     2     1    2.534749E-10   6.124710E-10
    7.339055E-01     2     2    1.706905E-03   2.185389E-04
    7.339055E-01     2     3    1.239451E-09   6.436032E-09
    7.339055E-01     2     4   -1.564194E-05  -7.152507E-05
    7.339055E-01     2     5    1.549977E-09   1.840664E-09
    7.339055E-01     2     6    3.411741E-10   1.304358E-10
    7.339055E-01     3     1   -2.015613E-10  -1.063402E-10
    7.339055E-01     3     2    1.196017E-09   1.155112E-10
    7.339055E-01     3     3   -4.333748E-04   4.109081E-03
    7.339055E-01     3     4    5.289313E-10   1.061508E-09
    7.339055E-01     3     5   -1.441603E-11  -3.326897E-10
    7.339055E-01     3     6    2.452569E-10  -1.491094E-10
    7.339055E-01     4     1    2.351087E-11   2.305178E-11
    7.339055E-01     4     2   -1.515012E-05  -6.638603E-05
    7.339055E-01     4     3    9.973373E-10  -2.556438E-10
    7.339055E-01     4     4    4.485422E-05   2.186532E-05
    7.339055E-01     4     5    1.861857E-10  -1.675617E-11
    7.339055E-01     4     6    2.686279E-11  -5.291761E-12
    7.339055E-01     5     1   -4.863027E-06   4.643243E-05
    7.339055E-01     5     2   -3.106404E-10   8.636269E-11
    7.339055E-01     5     3    4.982248E-11   5.289494E-10
    7.339055E-01     5     4    1.486077E-10   1.727593E-11
    7.339055E-01     5     5    1.143568E-04   1.322808E-04
    7.339055E-01     5     6    6.540009E-11  -2.107557E-11
    7.339055E-01     6     1    1.773411E-10   1.695701E-10
    7.339055E-01     6     2    4.130809E-10   1.644139E-11
    7.339055E-01     6     3    5.709577E-10  -9.234523E-10
    7.339055E-01     6     4    6.111756E-11   5.345111E-11
    7.339055E-01     6     5    2.571430E-10   4.421942E-10
    7.339055E-01     6     6    7.778181E-05   4.213042E-06
    7.063092E-01     1     1    6.797264E-05   2.656310E-05
    7.063092E-01     1     2   -5.996473E-11   4.032076E-11
    7.063092E-01     1     3   -2.333472E-10   3.309664E-10
    7.063092E-01     1     4   -3.477282E-11   3.076025E-11
    7.063092E-01     1     5   -1.620505E-05   7.086902E-05
    7.063092E-01     1     6   -1.050613E-10   5.089538E-11
    7.063092E-01     2     1    4.905505E-10   1.112769E-09
    7.063092E-01     2     2    1.706086E-03   2.322966E-04
    7.063092E-01     2     3    2.399394E-09   1.184617E-08
    7.063092E-01     2     4   -6.782944E-06  -7.529858E-05
    7.063092E-01     2     5    2.928146E-09   3.348673E-09
    7.063092E-01     2     6    6.075014E-10   2.243049E-10
    7.063092E-01     3     1   -3.738706E-10  -1.578096E-10
    7.063092E-01     3     2    2.020209E-09   5.173337E-10
    7.063092E-01     3     3   -1.126325E-03   3.868063E-03
    7.063092E-01     3     4    1.025786E-09   1.858220E-09
    7.063092E-01     3     5    1.288926E-10  -5.144699E-10
    7.063092E-01     3     6    4.493620E-10  -2.938581E-10
    7.063092E-01     4     1    4.269126E-11   4.222438E-11
    7.063092E-01     4     2   -6.845154E-06  -6.977369E-05
    7.063092E-01     4     3    1.808926E-09  -4.010867E-10
    7.063092E-01     4     4    4.302300E-05   2.279250E-05
    7.063092E-01     4     5    3.440781E-10  -2.474271E-11
    7.063092E-01     4     6    4.586028E-11  -8.388055E-12
    7.063092E-01     5     1   -1.279806E-05   4.590654E-05
    7.063092E-01     5     2   -5.934592E-10   1.528895E-10
    7.063092E-01     5     3    1.484872E-10   9.657071E-10
    7.063092E-01     5     4    2.811470E-10   3.853132E-11
    7.063092E-01     5     5    1.008969E-04   1.397329E-04
    7.063092E-01     5     6    1.254984E-10  -4.045831E-11
    7.063092E-01     6     1    3.358610E-10   2.976372E-10
    7.063092E-01     6     2    6.840436E-10   2.670616E-11
    7.063092E-01     6     3    1.059802E-09  -1.606755E-09
    7.063092E-01     6     4    1.071819E-10   9.191821E-11
    7.063092E-01     6     5    4.844556E-10   7.761943E-10
    7.063092E-01     6     6    7.872901E-05   5.077977E-06
    6.807130E-01     1     1    6.487416E-05   2.496812E-05
    6.807130E-01     1     2   -9.106039E-11   6.163871E-11
    6.807130E-01     1     3   -4.489247E-10   5.254030E-10
    6.807130E-01     1     4   -5.419378E-11   5.057790E-11
    6.807130E-01     1     5   -2.885713E-05   6.958423E-05
    6.807130E-01     1     6   -1.677598E-10   7.508932E-11
    6.807130E-01     2     1    7.990435E-10   1.720679E-09
    6.807130E-01     2     2    1.703329E-03   2.448449E-04
    6.807130E-01     2     3    3.938605E-09   1.839640E-08
    6.807130E-01     2     4    2.971659E-06  -7.862694E-05
    6.807130E-01     2     5    4.702350E-09   5.181066E-09
    6.807130E-01     2     6    9.454862E-10   3.369937E-10
    6.807130E-01     3     1   -5.951766E-10  -2.154733E-10
    6.807130E-01     3     2    3.046142E-09   1.055181E-09
    6.807130E-01     3     3   -1.866722E-03   3.589119E-03
    6.807130E-01     3     4    1.664281E-09   2.808749E-09
    6.807130E-01     3     5    3.367265E-10  -7.209481E-10
    6.807130E-01     3     6    7.129786E-10  -4.737158E-10
    6.807130E-01     4     1    6.676702E-11   6.531739E-11
    6.807130E-01     4     2    2.309602E-06  -7.272653E-05
    6.807130E-01     4     3    2.837201E-09  -5.686268E-10
    6.807130E-01     4     4    4.102344E-05   2.356864E-05
    6.807130E-01     4     5    5.453887E-10  -3.415788E-11
    6.807130E-01     4     6    6.921371E-11  -1.212773E-11
    6.807130E-01     5     1   -2.125644E-05   4.484500E-05
    6.807130E-01     5     2   -9.547939E-10   2.336866E-10
    6.807130E-01     5     3    2.827754E-10   1.499572E-09
    6.807130E-01     5     4    4.501014E-10   6.527023E-11
    6.807130E-01     5     5    8.625351E-05   1.467634E-04
    6.807130E-01     5     6    2.022170E-10  -6.337888E-11
    6.807130E-01     6     1    5.405272E-10   4.535064E-10
    6.807130E-01     6     2    1.018965E-09   3.907163E-11
    6.807130E-01     6     3    1.684150E-09  -2.427799E-09
    6.807130E-01     6     4    1.644479E-10   1.377184E-10
    6.807130E-01     6     5    7.811173E-10   1.183447E-09
    6.807130E-01     6     6    7.964989E-05   5.991612E-06
    6.569140E-01     1     1    6.175104E-05   2.303559E-05
    6.569140E-01     1     2   -1.277957E-10   8.586823E-11
    6.569140E-01     1     3   -7.187188E-10   7.496683E-10
    6.569140E-01     1     4   -7.737218E-11   7.398874E-11
    6.569140E-01     1     5   -4.226503E-05   6.762304E-05
    6.569140E-01     1     6   -2.441143E-10   1.024440E-10
    6.569140E-01     2     1    1.176333E-09   2.419816E-09
    6.569140E-01     2     2    1.698688E-03   2.563006E-04
    6.569140E-01     2     3    5.843267E-09   2.591279E-08
    6.569140E-01     2     4    1.358324E-05  -8.155693E-05
    6.569140E-01     2     5    6.857996E-09   7.288451E-09
    6.569140E-01     2     6    1.352470E-09   4.656156E-10
    6.569140E-01     3     1   -8.636716E-10  -2.783132E-10
    6.569140E-01     3     2    4.266256E-09   1.709107E-09
    6.569140E-01     3     3   -2.652278E-03   3.278098E-03
    6.569140E-01     3     4    2.439192E-09   3.889407E-09
    6.569140E-01     3     5    6.067907E-10  -9.481418E-10
    6.569140E-01     3     6    1.033917E-09  -6.833990E-10
    6.569140E-01     4     1    9.555556E-11   9.173081E-11
    6.569140E-01     4     2    1.227760E-05  -7.529119E-05
    6.569140E-01     4     3    4.074117E-09  -7.547574E-10
    6.569140E-01     4     4    3.886281E-05   2.421075E-05
    6.569140E-01     4     5    7.885107E-10  -4.477954E-11
    6.569140E-01     4     6    9.675860E-11  -1.641243E-11
    6.569140E-01     5     1   -3.021275E-05   4.332146E-05
    6.569140E-01     5     2   -1.391742E-09   3.265808E-10
    6.569140E-01     5     3    4.514003E-10   2.115806E-09
    6.569140E-01     5     4    6.541230E-10   9.667187E-11
    6.569140E-01     5     5    7.047895E-05   1.534020E-04
    6.569140E-01     5     6    2.949413E-10  -8.928919E-11
    6.569140E-01     6     1    7.896412E-10   6.329483E-10
    6.569140E-01     6     2    1.415438E-09   5.321574E-11
    6.569140E-01     6     3    2.438993E-09  -3.365470E-09
    6.569140E-01     6     4    2.324955E-10   1.897207E-10
    6.569140E-01     6     5    1.144587E-09   1.652819E-09
    6.569140E-01     6     6    8.054392E-05   6.944451E-06
    6.347165E-01     1     1    5.860402E-05   2.081347E-05
    6.347165E-01     1     2   -1.699841E-10   1.125735E-10
    6.347165E-01     1     3   -1.040944E-09   9.993416E-10
    6.347165E-01     1     4   -1.041836E-10   1.004690E-10
    6.347165E-01     1     5   -5.640249E-05   6.507601E-05
    6.347165E-01     1     6   -3.336739E-10   1.324821E-10
    6.347165E-01     2     1    1.620149E-09   3.196620E-09
    6.347165E-01     2     2    1.692216E-03   2.667745E-04
    6.347165E-01     2     3    8.101330E-09   3.425147E-08
    6.347165E-01     2     4    2.502280E-05  -8.413143E-05
    6.347165E-01     2     5    9.382481E-09   9.629961E-09
    6.347165E-01     2     6    1.826171E-09   6.077869E-10
    6.347165E-01     3     1   -1.177796E-09  -3.455036E-10
    6.347165E-01     3     2    5.674115E-09   2.462439E-09
    6.347165E-01     3     3   -3.481415E-03   2.939785E-03
    6.347165E-01     3     4    3.346013E-09   5.080650E-09
    6.347165E-01     3     5    9.370426E-10  -1.192805E-09
    6.347165E-01     3     6    1.410283E-09  -9.185227E-10
    6.347165E-01     4     1    1.289009E-10   1.209688E-10
    6.347165E-01     4     2    2.303137E-05  -7.751017E-05
    6.347165E-01     4     3    5.512773E-09  -9.566079E-10
    6.347165E-01     4     4    3.654640E-05   2.473411E-05
    6.347165E-01     4     5    1.072062E-09  -5.642486E-11
    6.347165E-01     4     6    1.283559E-10  -2.116087E-11
    6.347165E-01     5     1   -3.964964E-05   4.139824E-05
    6.347165E-01     5     2   -1.901803E-09   4.297738E-10
    6.347165E-01     5     3    6.532318E-10   2.802203E-09
    6.347165E-01     5     4    8.920527E-10   1.320540E-10
    6.347165E-01     5     5    5.361144E-05   1.596798E-04
    6.347165E-01     5     6    4.031421E-10  -1.177378E-10
    6.347165E-01     6     1    1.081735E-09   8.324624E-10
    6.347165E-01     6     2    1.871421E-09   6.887237E-11
    6.347165E-01     6     3    3.320015E-09  -4.402326E-09
    6.347165E-01     6     4    3.109674E-10   2.469926E-10
    6.347165E-01     6     5    1.572658E-09   2.175093E-09
    6.347165E-01     6     6    8.141140E-05   7.929106E-06
    6.139761E-01     1     1    5.543761E-05   1.834583E-05
    6.139761E-01     1     2   -2.173914E-10   1.413471E-10
    6.139761E-01     1     3   -1.413463E-09   1.270316E-09
    6.139761E-01     1     4   -1.344739E-10   1.295358E-10
    6.139761E-01     1     5   -7.122683E-05   6.202437E-05
    6.139761E-01     1     6   -4.358885E-10   1.647567E-10
    6.139761E-01     2     1    2.127730E-09   4.038484E-09
    6.139761E-01     2     2    1.683969E-03   2.763507E-04
    6.139761E-01     2     3    1.069826E-08   4.327857E-08
    6.139761E-01     2     4    3.724820E-05  -8.638466E-05
    6.139761E-01     2     5    1.226041E-08   1.216759E-08
    6.139761E-01     2     6    2.363780E-09   7.612843E-10
    6.139761E-01     3     1   -1.535644E-09  -4.162540E-10
    6.139761E-01     3     2    7.261718E-09   3.299900E-09
    6.139761E-01     3     3   -4.351594E-03   2.578706E-03
    6.139761E-01     3     4    4.379233E-09   6.364224E-09
    6.139761E-01     3     5    1.325081E-09  -1.451851E-09
    6.139761E-01     3     6    1.839767E-09  -1.175027E-09
    6.139761E-01     4     1    1.666099E-10   1.525695E-10
    6.139761E-01     4     2    3.453105E-05  -7.941773E-05
    6.139761E-01     4     3    7.144670E-09  -1.171467E-09
    6.139761E-01     4     4    3.408217E-05   2.515132E-05
    6.139761E-01     4     5    1.394345E-09  -6.892251E-11
    6.139761E-01     4     6    1.638311E-10  -2.629735E-11
    6.139761E-01     5     1   -4.953881E-05   3.913145E-05
    6.139761E-01     5     2   -2.481914E-09   5.415931E-10
    6.139761E-01     5     3    8.869188E-10   3.547427E-09
    6.139761E-01     5     4    1.162467E-09   1.707863E-10
    6.139761E-01     5     5    3.570865E-05   1.656168E-04
    6.139761E-01     5     6    5.261706E-10  -1.483022E-10
    6.139761E-01     6     1    1.415017E-09   1.048794E-09
    6.139761E-01     6     2    2.384365E-09   8.579355E-11
    6.139761E-01     6     3    4.321928E-09  -5.522107E-09
    6.139761E-01     6     4    3.994188E-10   3.086625E-10
    6.139761E-01     6     5    2.062655E-09   2.741706E-09
    6.139761E-01     6     6    8.225156E-05   8.938070E-06
    5.945426E-01     1     1    5.225255E-05   1.566849E-05
    5.945426E-01     1     2   -2.698375E-10   1.718644E-10
    5.945426E-01     1     3   -1.834552E-09   1.559295E-09
    5.945426E-01     1     4   -1.681228E-10   1.607980E-10
    5.945426E-01     1     5   -8.671265E-05   5.853595E-05
    5.945426E-01     1     6   -5.503224E-10   1.989124E-10
    5.945426E-01     2     1    2.696882E-09   4.935300E-09
    5.945426E-01     2     2    1.673998E-03   2.851136E-04
    5.945426E-01     2     3    1.362242E-08   5.288685E-08
    5.945426E-01     2     4    5.023141E-05  -8.834922E-05
    5.945426E-01     2     5    1.547961E-08   1.487087E-08
    5.945426E-01     2     6    2.963094E-09   9.243313E-10
    5.945426E-01     3     1   -1.935708E-09  -4.899513E-10
    5.945426E-01     3     2    9.022847E-09   4.209033E-09
    5.945426E-01     3     3   -5.261289E-03   2.198420E-03
    5.945426E-01     3     4    5.534499E-09   7.725570E-09
    5.945426E-01     3     5    1.768935E-09  -1.722869E-09
    5.945426E-01     3     6    2.320542E-09  -1.449641E-09
    5.945426E-01     4     1    2.085319E-10   1.861633E-10
    5.945426E-01     4     2    4.675008E-05  -8.104611E-05
    5.945426E-01     4     3    8.963142E-09  -1.397199E-09
    5.945426E-01     4     4    3.147524E-05   2.547392E-05
    5.945426E-01     4     5    1.754026E-09  -8.213632E-11
    5.945426E-01     4     6    2.030500E-10  -3.176125E-11
    5.945426E-01     5     1   -5.986349E-05   3.656775E-05
    5.945426E-01     5     2   -3.129660E-09   6.606980E-10
    5.945426E-01     5     3    1.151370E-09   4.342378E-09
    5.945426E-01     5     4    1.464247E-09   2.123598E-10
    5.945426E-01     5     5    1.680748E-05   1.712372E-04
    5.945426E-01     5     6    6.635158E-10  -1.806460E-10
    5.945426E-01     6     1    1.788070E-09   1.279335E-09
    5.945426E-01     6     2    2.952297E-09   1.037809E-10
    5.945426E-01     6     3    5.440565E-09  -6.711816E-09
    5.945426E-01     6     4    4.975046E-10   3.740357E-10
    5.945426E-01     6     5    2.612448E-09   3.345784E-09
    5.945426E-01     6     6    8.306467E-05   9.965904E-06
    5.763068E-01     1     1    4.905336E-05   1.281577E-05
    5.763068E-01     1     2   -3.270823E-10   2.038074E-10
    5.763068E-01     1     3   -2.302012E-09   1.863074E-09
    5.763068E-01     1     4   -2.049722E-10   1.938790E-10
    5.763068E-01     1     5   -1.028164E-04   5.467390E-05
    5.763068E-01     1     6   -6.764107E-10   2.345999E-10
    5.763068E-01     2     1    3.324769E-09   5.877225E-09
    5.763068E-01     2     2    1.662362E-03   2.931273E-04
    5.763068E-01     2     3    1.685887E-08   6.297180E-08
    5.763068E-01     2     4    6.392936E-05  -9.005131E-05
    5.763068E-01     2     5    1.902428E-08   1.771013E-08
    5.763068E-01     2     6    3.621229E-09   1.095192E-09
    5.763068E-01     3     1   -2.376031E-09  -5.659766E-10
    5.763068E-01     3     2    1.094929E-08   5.177936E-09
    5.763068E-01     3     3   -6.207911E-03   1.802466E-03
    5.763068E-01     3     4    6.806152E-09   9.150430E-09
    5.763068E-01     3     5    2.266134E-09  -2.003443E-09
    5.763068E-01     3     6    2.850235E-09  -1.739197E-09
    5.763068E-01     4     1    2.544687E-10   2.213894E-10
    5.763068E-01     4     2    5.964774E-05  -8.242160E-05
    5.763068E-01     4     3    1.095946E-08  -1.631683E-09
    5.763068E-01     4     4    2.873374E-05   2.571164E-05
    5.763068E-01     4     5    2.149362E-09  -9.593245E-11
    5.763068E-01     4     6    2.458335E-10  -3.749349E-11
    5.763068E-01     5     1   -7.059482E-05   3.375076E-05
    5.763068E-01     5     2   -3.841894E-09   7.857833E-10
    5.763068E-01     5     3    1.445197E-09   5.178206E-09
    5.763068E-01     5     4    1.795931E-09   2.562828E-10
    5.763068E-01     5     5   -3.033196E-06   1.765559E-04
    5.763068E-01     5     6    8.145112E-10  -2.144390E-10
    5.763068E-01     6     1    2.199054E-09   1.521543E-09
    5.763068E-01     6     2    3.572600E-09   1.226409E-10
    5.763068E-01     6     3    6.670494E-09  -7.958754E-09
    5.763068E-01     6     4    6.047683E-10   4.424314E-10
    5.763068E-01     6     5    3.219286E-09   3.980644E-09
    5.763068E-01     6     6    8.384997E-05   1.100669E-05
    5.591515E-01     1     1    4.584076E-05   9.814818E-06
    5.591515E-01     1     2   -3.889513E-10   2.369307E-10
    5.591515E-01     1     3   -2.814178E-09   2.179161E-09
    5.591515E-01     1     4   -2.449056E-10   2.284831E-10
    5.591515E-01     1     5   -1.195136E-04   5.048974E-05
    5.591515E-01     1     6   -8.137321E-10   2.715511E-10
    5.591515E-01     2     1    4.009271E-09   6.856623E-09
    5.591515E-01     2     2    1.649108E-03   3.004576E-04
    5.591515E-01     2     3    2.039636E-08   7.345241E-08
    5.591515E-01     2     4    7.831490E-05  -9.151611E-05
    5.591515E-01     2     5    2.288264E-08   2.066236E-08
    5.591515E-01     2     6    4.336053E-09   1.272525E-09
    5.591515E-01     3     1   -2.855155E-09  -6.438686E-10
    5.591515E-01     3     2    1.303503E-08   6.197174E-09
    5.591515E-01     3     3   -7.189981E-03   1.393524E-03
    5.591515E-01     3     4    8.189983E-09   1.062781E-08
    5.591515E-01     3     5    2.814772E-09  -2.291757E-09
    5.591515E-01     3     6    3.427079E-09  -2.041222E-09
    5.591515E-01     4     1    3.042745E-10   2.579689E-10
    5.591515E-01     4     2    7.319831E-05  -8.356905E-05
    5.591515E-01     4     3    1.312719E-08  -1.873311E-09
    5.591515E-01     4     4    2.586263E-05   2.587333E-05
    5.591515E-01     4     5    2.579062E-09  -1.102081E-10
    5.591515E-01     4     6    2.920517E-10  -4.344827E-11
    5.591515E-01     5     1   -8.171655E-05   3.071592E-05
    5.591515E-01     5     2   -4.616283E-09   9.158359E-10
    5.591515E-01     5     3    1.767345E-09   6.048035E-09
    5.591515E-01     5     4    2.156436E-09   3.021702E-10
    5.591515E-01     5     5   -2.377763E-05   1.815919E-04
    5.591515E-01     5     6    9.786628E-10  -2.494277E-10
    5.591515E-01     6     1    2.646599E-09   1.773448E-09
    5.591515E-01     6     2    4.243367E-09   1.422237E-10
    5.591515E-01     6     3    8.007686E-09  -9.253107E-09
    5.591515E-01     6     4    7.208762E-10   5.133250E-10
    5.591515E-01     6     5    3.881110E-09   4.641091E-09
    5.591515E-01     6     6    8.460772E-05   1.205639E-05
    5.429927E-01     1     1    4.261928E-05   6.692917E-06
    5.429927E-01     1     2   -4.551989E-10   2.709811E-10
    5.429927E-01     1     3   -3.368797E-09   2.505005E-09
    5.429927E-01     1     4   -2.877612E-10   2.643107E-10
    5.429927E-01     1     5   -1.367598E-04   4.603356E-05
    5.429927E-01     1     6   -9.617079E-10   3.094878E-10
    5.429927E-01     2     1    4.747481E-09   7.865658E-09
    5.429927E-01     2     2    1.634298E-03   3.071538E-04
    5.429927E-01     2     3    2.421960E-08   8.424545E-08
    5.429927E-01     2     4    9.334412E-05  -9.276408E-05
    5.429927E-01     2     5    2.703850E-08   2.370394E-08
    5.429927E-01     2     6    5.104613E-09   1.454948E-09
    5.429927E-01     3     1   -3.371075E-09  -7.231331E-10
    5.429927E-01     3     2    1.527167E-08   7.257287E-09
    5.429927E-01     3     3   -8.204865E-03   9.744198E-04
    5.429927E-01     3     4    9.680195E-09   1.214636E-08
    5.429927E-01     3     5    3.412317E-09  -2.585884E-09
    5.429927E-01     3     6    4.048642E-09  -2.353195E-09
    5.429927E-01     4     1    3.577463E-10   2.956144E-10
    5.429927E-01     4     2    8.736024E-05  -8.450903E-05
    5.429927E-01     4     3    1.545738E-08  -2.120391E-09
    5.429927E-01     4     4    2.287021E-05   2.596663E-05
    5.429927E-01     4     5    3.041342E-09  -1.248567E-10
    5.429927E-01     4     6    3.415214E-10  -4.957855E-11
    5.429927E-01     5     1   -9.319935E-05   2.749784E-05
    5.429927E-01     5     2   -5.449604E-09   1.049816E-09
    5.429927E-01     5     3    2.116390E-09   6.944822E-09
    5.429927E-01     5     4    2.544266E-09   3.496310E-10
    5.429927E-01     5     5   -4.536584E-05   1.863565E-04
    5.429927E-01     5     6    1.155288E-09  -2.853487E-10
    5.429927E-01     6     1    3.128819E-09   2.033027E-09
    5.429927E-01     6     2    4.961918E-09   1.623750E-10
    5.429927E-01     6     3    9.446578E-09  -1.058476E-08
    5.429927E-01     6     4    8.453608E-10   5.861744E-10
    5.429927E-01     6     5    4.595102E-09   5.321806E-09
    5.429927E-01     6     6    8.533719E-05   1.311024E-05
    5.277371E-01     1     1    3.938964E-05   3.470839E-06
    5.277371E-01     1     2   -5.256559E-10   3.057713E-10
    5.277371E-01     1     3   -3.964255E-09   2.838703E-09
    5.277371E-01     1     4   -3.334262E-10   3.011355E-10
    5.277371E-01     1     5   -1.545312E-04   4.134495E-05
    5.277371E-01     1     6   -1.119930E-09   3.482052E-10
    5.277371E-01     2     1    5.537345E-09   8.898496E-09
    5.277371E-01     2     2    1.617978E-03   3.132680E-04
    5.277371E-01     2     3    2.831768E-08   9.528905E-08
    5.277371E-01     2     4    1.089907E-04  -9.381491E-05
    5.277371E-01     2     5    3.148046E-08   2.681728E-08
    5.277371E-01     2     6    5.924845E-09   1.641435E-09
    5.277371E-01     3     1   -3.922380E-09  -8.034197E-10
    5.277371E-01     3     2    1.765336E-08   8.351049E-09
    5.277371E-01     3     3   -9.251126E-03   5.471925E-04
    5.277371E-01     3     4    1.127271E-08   1.369768E-08
    5.277371E-01     3     5    4.056923E-09  -2.884442E-09
    5.277371E-01     3     6    4.713213E-09  -2.673225E-09
    5.277371E-01     4     1    4.147430E-10   3.341128E-10
    5.277371E-01     4     2    1.021086E-04  -8.526096E-05
    5.277371E-01     4     3    1.794379E-08  -2.371697E-09
    5.277371E-01     4     4    1.976126E-05   2.599843E-05
    5.277371E-01     4     5    3.534950E-09  -1.397998E-10
    5.277371E-01     4     6    3.941167E-10  -5.584936E-11
    5.277371E-01     5     1   -1.050274E-04   2.412373E-05
    5.277371E-01     5     2   -6.339594E-09   1.186951E-09
    5.277371E-01     5     3    2.491310E-09   7.863310E-09
    5.277371E-01     5     4    2.958371E-09   3.983707E-10
    5.277371E-01     5     5   -6.776314E-05   1.908651E-04
    5.277371E-01     5     6    1.343908E-09  -3.220087E-10
    5.277371E-01     6     1    3.644386E-09   2.298773E-09
    5.277371E-01     6     2    5.726406E-09   1.829806E-10
    5.277371E-01     6     3    1.098327E-08  -1.194622E-08
    5.277371E-01     6     4    9.778987E-10   6.605792E-10
    5.277371E-01     6     5    5.359267E-09   6.018820E-09
    5.277371E-01     6     6    8.603858E-05   1.416521E-05
    5.133196E-01     1     1    3.615638E-05   1.706681E-07
    5.133196E-01     1     2   -6.000716E-10   3.410960E-10
    5.133196E-01     1     3   -4.598249E-09   3.178187E-09
    5.133196E-01     1     4   -3.817352E-10   3.387149E-10
    5.133196E-01     1     5   -1.727829E-04   3.646433E-05
    5.133196E-01     1     6   -1.287807E-09   3.874777E-10
    5.133196E-01     2     1    6.375895E-09   9.948786E-09
    5.133196E-01     2     2    1.600211E-03   3.188391E-04
    5.133196E-01     2     3    3.267496E-08   1.065158E-07
    5.133196E-01     2     4    1.252099E-04  -9.468486E-05
    5.133196E-01     2     5    3.619197E-08   2.998323E-08
    5.133196E-01     2     6    6.793731E-09   1.830868E-09
    5.133196E-01     3     1   -4.507021E-09  -8.843263E-10
    5.133196E-01     3     2    2.017154E-08   9.470807E-09
    5.133196E-01     3     3   -1.032609E-02   1.141373E-04
    5.133196E-01     3     4    1.296160E-08   1.527257E-08
    5.133196E-01     3     5    4.746000E-09  -3.185865E-09
    5.133196E-01     3     6    5.418309E-09  -2.999272E-09
    5.133196E-01     4     1    4.750573E-10   3.732313E-10
    5.133196E-01     4     2    1.174011E-04  -8.584119E-05
    5.133196E-01     4     3    2.057729E-08  -2.625856E-09
    5.133196E-01     4     4    1.654424E-05   2.597482E-05
    5.133196E-01     4     5    4.058065E-09  -1.549508E-10
    5.133196E-01     4     6    4.496506E-10  -6.222255E-11
    5.133196E-01     5     1   -1.171710E-04   2.062153E-05
    5.133196E-01     5     2   -7.282961E-09   1.326398E-09
    5.133196E-01     5     3    2.890651E-09   8.797795E-09
    5.133196E-01     5     4    3.397223E-09   4.480726E-10
    5.133196E-01     5     5   -9.090854E-05   1.951260E-04
    5.133196E-01     5     6    1.543826E-09  -3.591941E-10
    5.133196E-01     6     1    4.191376E-09   2.569048E-09
    5.133196E-01     6     2    6.534095E-09   2.039154E-10
    5.133196E-01     6     3    1.261207E-08  -1.332929E-08
    5.133196E-01     6     4    1.118013E-09   7.360997E-10
    5.133196E-01     6     5    6.170728E-09   6.727821E-09
    5.133196E-01     6     6    8.671123E-05   1.521740E-05
    4.996648E-01     1     1    3.292019E-05  -3.191550E-06
    4.996648E-01     1     2   -6.782818E-10   3.768112E-10
    4.996648E-01     1     3   -5.269213E-09   3.521990E-09
    4.996648E-01     1     4   -4.325787E-10   3.768742E-10
    4.996648E-01     1     5   -1.914916E-04   3.142241E-05
    4.996648E-01     1     6   -1.464942E-09   4.271479E-10
    4.996648E-01     2     1    7.261135E-09   1.101203E-08
    4.996648E-01     2     2    1.581040E-03   3.239084E-04
    4.996648E-01     2     3    3.728085E-08   1.178779E-07
    4.996648E-01     2     4    1.419762E-04  -9.538953E-05
    4.996648E-01     2     5    4.116196E-08   3.318826E-08
    4.996648E-01     2     6    7.709267E-09   2.022456E-09
    4.996648E-01     3     1   -5.123627E-09  -9.655848E-10
    4.996648E-01     3     2    2.282053E-08   1.061098E-08
    4.996648E-01     3     3   -1.142836E-02  -3.231813E-04
    4.996648E-01     3     4    1.474292E-08   1.686457E-08
    4.996648E-01     3     5    5.477757E-09  -3.489094E-09
    4.996648E-01     3     6    6.162267E-09  -3.329876E-09
    4.996648E-01     4     1    5.385519E-10   4.128057E-10
    4.996648E-01     4     2    1.332135E-04  -8.626508E-05
    4.996648E-01     4     3    2.335182E-08  -2.881928E-09
    4.996648E-01     4     4    1.322380E-05   2.590124E-05
    4.996648E-01     4     5    4.609471E-09  -1.702496E-10
    4.996648E-01     4     6    5.080007E-10  -6.867120E-11
    4.996648E-01     5     1   -1.296146E-04   1.701235E-05
    4.996648E-01     5     2   -8.277510E-09   1.467560E-09
    4.996648E-01     5     3    3.313420E-09   9.744224E-09
    4.996648E-01     5     4    3.859804E-09   4.985094E-10
    4.996648E-01     5     5   -1.147683E-04   1.991520E-04
    4.996648E-01     5     6    1.754577E-09  -3.967561E-10
    4.996648E-01     6     1    4.768498E-09   2.842691E-09
    4.996648E-01     6     2    7.383190E-09   2.250914E-10
    4.996648E-01     6     3    1.432919E-08  -1.472820E-08
    4.996648E-01     6     4    1.265389E-09   8.124277E-10
    4.996648E-01     6     5    7.027545E-09   7.445751E-09
    4.996648E-01     6     6    8.735529E-05   1.626451E-05
    4.867215E-01     1     1    2.968564E-05  -6.597659E-06
    4.867215E-01     1     2   -7.600311E-10   4.127475E-10
    4.867215E-01     1     3   -5.974800E-09   3.868411E-09
    4.867215E-01     1     4   -4.857883E-10   4.154141E-10
    4.867215E-01     1     5   -2.106118E-04   2.625235E-05
    4.867215E-01     1     6   -1.650734E-09   4.670298E-10
    4.867215E-01     2     1    8.190040E-09   1.208301E-08
    4.867215E-01     2     2    1.560531E-03   3.285072E-04
    4.867215E-01     2     3    4.211943E-08   1.293200E-07
    4.867215E-01     2     4    1.592441E-04  -9.594202E-05
    4.867215E-01     2     5    4.637357E-08   3.641659E-08
    4.867215E-01     2     6    8.668380E-09   2.215276E-09
    4.867215E-01     3     1   -5.770111E-09  -1.046863E-09
    4.867215E-01     3     2    2.559160E-08   1.176527E-08
    4.867215E-01     3     3   -1.255523E-02  -7.628682E-04
    4.867215E-01     3     4    1.661063E-08   1.846608E-08
    4.867215E-01     3     5    6.249553E-09  -3.792835E-09
    4.867215E-01     3     6    6.942558E-09  -3.663358E-09
    4.867215E-01     4     1    6.050159E-10   4.526444E-10
    4.867215E-01     4     2    1.495029E-04  -8.654584E-05
    4.867215E-01     4     3    2.625808E-08  -3.138778E-09
    4.867215E-01     4     4    9.808505E-06   2.578262E-05
    4.867215E-01     4     5    5.187312E-09  -1.856247E-10
    4.867215E-01     4     6    5.689767E-10  -7.516390E-11
    4.867215E-01     5     1   -1.423283E-04   1.331910E-05
    4.867215E-01     5     2   -9.319886E-09   1.609745E-09
    4.867215E-01     5     3    3.758135E-09   1.069790E-08
    4.867215E-01     5     4    4.344555E-09   5.494207E-10
    4.867215E-01     5     5   -1.392805E-04   2.029494E-04
    4.867215E-01     5     6    1.975450E-09  -4.345189E-10
    4.867215E-01     6     1    5.373791E-09   3.118353E-09
    4.867215E-01     6     2    8.270906E-09   2.464055E-10
    4.867215E-01     6     3    1.612885E-08  -1.613620E-08
    4.867215E-01     6     4    1.419541E-09   8.892011E-10
    4.867215E-01     6     5    7.926787E-09   8.169061E-09
    4.867215E-01     6     6    8.797013E-05   1.730332E-05
    4.744282E-01     1     1    2.645341E-05  -1.003518E-05
    4.744282E-01     1     2   -8.451596E-10   4.487933E-10
    4.744282E-01     1     3   -6.713484E-09   4.216311E-09
    4.744282E-01     1     4   -5.412574E-10   4.541987E-10
    4.744282E-01     1     5   -2.301206E-04   2.097815E-05
    4.744282E-01     1     6   -1.844797E-09   5.070015E-10
    4.744282E-01     2     1    9.160669E-09   1.315823E-08
    4.744282E-01     2     2    1.538727E-03   3.326688E-04
    4.744282E-01     2     3    4.718040E-08   1.408050E-07
    4.744282E-01     2     4    1.769888E-04  -9.635481E-05
    4.744282E-01     2     5    5.181603E-08   3.965773E-08
    4.744282E-01     2     6    9.669117E-09   2.408718E-09
    4.744282E-01     3     1   -6.445140E-09  -1.127954E-09
    4.744282E-01     3     2    2.847924E-08   1.292933E-08
    4.744282E-01     3     3   -1.370532E-02  -1.203717E-03
    4.744282E-01     3     4    1.856087E-08   2.007212E-08
    4.744282E-01     3     5    7.059644E-09  -4.096273E-09
    4.744282E-01     3     6    7.757562E-09  -3.998585E-09
    4.744282E-01     4     1    6.743157E-10   4.926199E-10
    4.744282E-01     4     2    1.662456E-04  -8.669573E-05
    4.744282E-01     4     3    2.929017E-08  -3.395681E-09
    4.744282E-01     4     4    6.302909E-06   2.562329E-05
    4.744282E-01     4     5    5.790406E-09  -2.010295E-10
    4.744282E-01     4     6    6.324594E-10  -8.167975E-11
    4.744282E-01     5     1   -1.552968E-04   9.558276E-06
    4.744282E-01     5     2   -1.040795E-08   1.752489E-09
    4.744282E-01     5     3    4.223830E-09   1.165568E-08
    4.744282E-01     5     4    4.850485E-09   6.006298E-10
    4.744282E-01     5     5   -1.644123E-04   2.065287E-04
    4.744282E-01     5     6    2.205993E-09  -4.723670E-10
    4.744282E-01     6     1    6.006000E-09   3.395133E-09
    4.744282E-01     6     2    9.195495E-09   2.677896E-10
    4.744282E-01     6     3    1.800735E-08  -1.754880E-08
    4.744282E-01     6     4    1.580163E-09   9.661811E-10
    4.744282E-01     6     5    8.866567E-09   8.895378E-09
    4.744282E-01     6     6    8.855587E-05   1.833209E-05
    4.627407E-01     1     1    2.322710E-05  -1.348999E-05
    4.627407E-01     1     2   -9.334346E-10   4.848180E-10
    4.627407E-01     1     3   -7.483115E-09   4.564373E-09
    4.627407E-01     1     4   -5.988323E-10   4.930733E-10
    4.627407E-01     1     5   -2.499783E-04   1.562578E-05
    4.627407E-01     1     6   -2.046579E-09   5.469196E-10
    4.627407E-01     2     1    1.017025E-08   1.423365E-08
    4.627407E-01     2     2    1.515686E-03   3.364194E-04
    4.627407E-01     2     3    5.244914E-08   1.522900E-07
    4.627407E-01     2     4    1.951697E-04  -9.663868E-05
    4.627407E-01     2     5    5.747393E-08   4.289948E-08
    4.627407E-01     2     6    1.070867E-08   2.602068E-09
    4.627407E-01     3     1   -7.146803E-09  -1.208604E-09
    4.627407E-01     3     2    3.147547E-08   1.409828E-08
    4.627407E-01     3     3   -1.487626E-02  -1.644272E-03
    4.627407E-01     3     4    2.058812E-08   2.167682E-08
    4.627407E-01     3     5    7.905602E-09  -4.398413E-09
    4.627407E-01     3     6    8.604967E-09  -4.334256E-09
    4.627407E-01     4     1    7.462585E-10   5.325842E-10
    4.627407E-01     4     2    1.834033E-04  -8.672555E-05
    4.627407E-01     4     3    3.243959E-08  -3.651764E-09
    4.627407E-01     4     4    2.714602E-06   2.542723E-05
    4.627407E-01     4     5    6.417055E-09  -2.164091E-10
    4.627407E-01     4     6    6.982755E-10  -8.819449E-11
    4.627407E-01     5     1   -1.684938E-04   5.747804E-06
    4.627407E-01     5     2   -1.153864E-08   1.895257E-09
    4.627407E-01     5     3    4.709144E-09   1.261393E-08
    4.627407E-01     5     4    5.376171E-09   6.519348E-10
    4.627407E-01     5     5   -1.901088E-04   2.098960E-04
    4.627407E-01     5     6    2.445558E-09  -5.101648E-10
    4.627407E-01     6     1    6.663331E-09   3.671988E-09
    4.627407E-01     6     2    1.015442E-08   2.891640E-10
    4.627407E-01     6     3    1.995940E-08  -1.896081E-08
    4.627407E-01     6     4    1.746813E-09   1.043088E-09
    4.627407E-01     6     5    9.844201E-09   9.621956E-09
    4.627407E-01     6     6    8.911208E-05   1.934839E-05
    4.516183E-01     1     1    2.001029E-05  -1.694925E-05
    4.516183E-01     1     2   -1.024620E-09   5.207025E-10
    4.516183E-01     1     3   -8.281501E-09   4.911398E-09
    4.516183E-01     1     4   -6.583565E-10   5.318968E-10
    4.516183E-01     1     5   -2.701443E-04   1.021895E-05
    4.516183E-01     1     6   -2.255520E-09   5.866533E-10
    4.516183E-01     2     1    1.121598E-08   1.530558E-08
    4.516183E-01     2     2    1.491470E-03   3.397832E-04
    4.516183E-01     2     3    5.791081E-08   1.637359E-07
    4.516183E-01     2     4    2.137459E-04  -9.680350E-05
    4.516183E-01     2     5    6.333158E-08   4.613073E-08
    4.516183E-01     2     6    1.178419E-08   2.794676E-09
    4.516183E-01     3     1   -7.873160E-09  -1.288582E-09
    4.516183E-01     3     2    3.457218E-08   1.526765E-08
    4.516183E-01     3     3   -1.606564E-02  -2.083204E-03
    4.516183E-01     3     4    2.268679E-08   2.327483E-08
    4.516183E-01     3     5    8.784953E-09  -4.698354E-09
    4.516183E-01     3     6    9.482419E-09  -4.669185E-09
    4.516183E-01     4     1    8.206486E-10   5.724021E-10
    4.516183E-01     4     2    2.009373E-04  -8.664522E-05
    4.516183E-01     4     3    3.569771E-08  -3.906235E-09
    4.516183E-01     4     4   -9.487239E-07   2.519810E-05
    4.516183E-01     4     5    7.065534E-09  -2.317132E-10
    4.516183E-01     4     6    7.662485E-10  -9.468598E-11
    4.516183E-01     5     1   -1.818925E-04   1.904067E-06
    4.516183E-01     5     2   -1.270884E-08   2.037559E-09
    4.516183E-01     5     3    5.212693E-09   1.356934E-08
    4.516183E-01     5     4    5.920166E-09   7.031517E-10
    4.516183E-01     5     5   -2.163145E-04   2.130568E-04
    4.516183E-01     5     6    2.693483E-09  -5.477887E-10
    4.516183E-01     6     1    7.343958E-09   3.947966E-09
    4.516183E-01     6     2    1.114509E-08   3.104562E-10
    4.516183E-01     6     3    2.197962E-08  -2.036745E-08
    4.516183E-01     6     4    1.919038E-09   1.119667E-09
    4.516183E-01     6     5    1.085696E-08   1.034629E-08
    4.516183E-01     6     6    8.963836E-05   2.035000E-05
    4.410150E-01     1     1    1.680369E-05  -2.040428E-05
    4.410150E-01     1     2   -1.118561E-09   5.563699E-10
    4.410150E-01     1     3   -9.107173E-09   5.256598E-09
    4.410150E-01     1     4   -7.197274E-10   5.705751E-10
    4.410150E-01     1     5   -2.905966E-04   4.774435E-06
    4.410150E-01     1     6   -2.471248E-09   6.261187E-10
    4.410150E-01     2     1    1.229597E-08   1.637162E-08
    4.410150E-01     2     2    1.466120E-03   3.427849E-04
    4.410150E-01     2     3    6.355548E-08   1.751172E-07
    4.410150E-01     2     4    2.326932E-04  -9.685835E-05
    4.410150E-01     2     5    6.937860E-08   4.934423E-08
    4.410150E-01     2     6    1.289379E-08   2.986120E-09
    4.410150E-01     3     1   -8.622926E-09  -1.367746E-09
    4.410150E-01     3     2    3.776405E-08   1.643442E-08
    4.410150E-01     3     3   -1.727213E-02  -2.519692E-03
    4.410150E-01     3     4    2.485314E-08   2.486273E-08
    4.410150E-01     3     5    9.696019E-09  -4.995536E-09
    4.410150E-01     3     6    1.038836E-08  -5.002588E-09
    4.410150E-01     4     1    8.973572E-10   6.119859E-10
    4.410150E-01     4     2    2.188248E-04  -8.646360E-05
    4.410150E-01     4     3    3.905883E-08  -4.158595E-09
    4.410150E-01     4     4   -4.682673E-06   2.493901E-05
    4.410150E-01     4     5    7.734704E-09  -2.469099E-10
    4.410150E-01     4     6    8.362637E-10  -1.011398E-10
    4.410150E-01     5     1   -1.954783E-04  -1.961440E-06
    4.410150E-01     5     2   -1.391648E-08   2.179077E-09
    4.410150E-01     5     3    5.733547E-09   1.451973E-08
    4.410150E-01     5     4    6.481514E-09   7.541581E-10
    4.410150E-01     5     5   -2.429974E-04   2.160191E-04
    4.410150E-01     5     6    2.949333E-09  -5.851594E-10
    4.410150E-01     6     1    8.046673E-09   4.222446E-09
    4.410150E-01     6     2    1.216584E-08   3.316192E-10
    4.410150E-01     6     3    2.406446E-08  -2.176565E-08
    4.410150E-01     6     4    2.096546E-09   1.195754E-09
    4.410150E-01     6     5    1.190302E-08   1.106675E-08
    4.410150E-01     6     6    9.013477E-05   2.133579E-05
    4.309012E-01     1     1    1.361183E-05  -2.384330E-05
    4.309012E-01     1     2   -1.214993E-09   5.917097E-10
    4.309012E-01     1     3   -9.957693E-09   5.598867E-09
    4.309012E-01     1     4   -7.827702E-10   6.089787E-10
    4.309012E-01     1     5   -3.112886E-04  -6.863453E-07
    4.309012E-01     1     6   -2.693138E-09   6.651945E-10
    4.309012E-01     2     1    1.340709E-08   1.742836E-08
    4.309012E-01     2     2    1.439704E-03   3.454431E-04
    4.309012E-01     2     3    6.936659E-08   1.863976E-07
    4.309012E-01     2     4    2.519649E-04  -9.681133E-05
    4.309012E-01     2     5    7.559749E-08   5.252972E-08
    4.309012E-01     2     6    1.403429E-08   3.175799E-09
    4.309012E-01     3     1   -9.393933E-09  -1.445878E-09
    4.309012E-01     3     2    4.104203E-08   1.759452E-08
    4.309012E-01     3     3   -1.849296E-02  -2.952489E-03
    4.309012E-01     3     4    2.708093E-08   2.643555E-08
    4.309012E-01     3     5    1.063605E-08  -5.289113E-09
    4.309012E-01     3     6    1.132016E-08  -5.333374E-09
    4.309012E-01     4     1    9.761652E-10   6.512107E-10
    4.309012E-01     4     2    2.370214E-04  -8.618893E-05
    4.309012E-01     4     3    4.251332E-08  -4.408102E-09
    4.309012E-01     4     4   -8.478429E-06   2.465306E-05
    4.309012E-01     4     5    8.422638E-09  -2.619525E-10
    4.309012E-01     4     6    9.081236E-10  -1.075355E-10
    4.309012E-01     5     1   -2.092203E-04  -5.833883E-06
    4.309012E-01     5     2   -1.515809E-08   2.319359E-09
    4.309012E-01     5     3    6.270165E-09   1.546205E-08
    4.309012E-01     5     4    7.058599E-09   8.047847E-10
    4.309012E-01     5     5   -2.700941E-04   2.187864E-04
    4.309012E-01     5     6    3.212370E-09  -6.221621E-10
    4.309012E-01     6     1    8.769438E-09   4.494550E-09
    4.309012E-01     6     2    1.321377E-08   3.525859E-10
    4.309012E-01     6     3    2.620790E-08  -2.315101E-08
    4.309012E-01     6     4    2.278831E-09   1.271112E-09
    4.309012E-01     6     5    1.297934E-08   1.178101E-08
    4.309012E-01     6     6    9.060078E-05   2.230359E-05
    4.212380E-01     1     1    1.043544E-05  -2.725949E-05
    4.212380E-01     1     2   -1.313765E-09   6.266620E-10
    4.212380E-01     1     3   -1.083162E-08   5.937587E-09
    4.212380E-01     1     4   -8.473841E-10   6.470335E-10
    4.212380E-01     1     5   -3.321985E-04  -6.150113E-06
    4.212380E-01     1     6   -2.920826E-09   7.038151E-10
    4.212380E-01     2     1    1.454750E-08   1.847392E-08
    4.212380E-01     2     2    1.412259E-03   3.477782E-04
    4.212380E-01     2     3    7.533443E-08   1.975572E-07
    4.212380E-01     2     4    2.715373E-04  -9.666985E-05
    4.212380E-01     2     5    8.197808E-08   5.568149E-08
    4.212380E-01     2     6    1.520384E-08   3.363383E-09
    4.212380E-01     3     1   -1.018492E-08  -1.522870E-09
    4.212380E-01     3     2    4.440091E-08   1.874556E-08
    4.212380E-01     3     3   -1.972682E-02  -3.380958E-03
    4.212380E-01     3     4    2.936650E-08   2.799060E-08
    4.212380E-01     3     5    1.160341E-08  -5.578649E-09
    4.212380E-01     3     6    1.227629E-08  -5.660925E-09
    4.212380E-01     4     1    1.056947E-09   6.900076E-10
    4.212380E-01     4     2    2.555048E-04  -8.582843E-05
    4.212380E-01     4     3    4.605558E-08  -4.654368E-09
    4.212380E-01     4     4   -1.233168E-05   2.434276E-05
    4.212380E-01     4     5    9.128218E-09  -2.768159E-10
    4.212380E-01     4     6    9.817158E-10  -1.138618E-10
    4.212380E-01     5     1   -2.231041E-04  -9.704174E-06
    4.212380E-01     5     2   -1.643165E-08   2.458154E-09
    4.212380E-01     5     3    6.821635E-09   1.639459E-08
    4.212380E-01     5     4    7.650484E-09   8.549354E-10
    4.212380E-01     5     5   -2.975730E-04   2.213653E-04
    4.212380E-01     5     6    3.482168E-09  -6.587346E-10
    4.212380E-01     6     1    9.511068E-09   4.763789E-09
    4.212380E-01     6     2    1.428722E-08   3.733193E-10
    4.212380E-01     6     3    2.840647E-08  -2.452111E-08
    4.212380E-01     6     4    2.465605E-09   1.345612E-09
    4.212380E-01     6     5    1.408414E-08   1.248780E-08
    4.212380E-01     6     6    9.103642E-05   2.325255E-05
    4.120013E-01     1     1    7.279037E-06  -3.064274E-05
    4.120013E-01     1     2   -1.414609E-09   6.611316E-10
    4.120013E-01     1     3   -1.172649E-08   6.271806E-09
    4.120013E-01     1     4   -9.133926E-10   6.846283E-10
    4.120013E-01     1     5   -3.532796E-04  -1.159852E-05
    4.120013E-01     1     6   -3.153679E-09   7.418761E-10
    4.120013E-01     2     1    1.571403E-08   1.950536E-08
    4.120013E-01     2     2    1.383858E-03   3.498060E-04
    4.120013E-01     2     3    8.144225E-08   2.085649E-07
    4.120013E-01     2     4    2.913633E-04  -9.644075E-05
    4.120013E-01     2     5    8.850266E-08   5.879075E-08
    4.120013E-01     2     6    1.639921E-08   3.548354E-09
    4.120013E-01     3     1   -1.099370E-08  -1.598533E-09
    4.120013E-01     3     2    4.783151E-08   1.988405E-08
    4.120013E-01     3     3   -2.097092E-02  -3.804025E-03
    4.120013E-01     3     4    3.170353E-08   2.952363E-08
    4.120013E-01     3     5    1.259531E-08  -5.863416E-09
    4.120013E-01     3     6    1.325410E-08  -5.984306E-09
    4.120013E-01     4     1    1.139480E-09   7.282693E-10
    4.120013E-01     4     2    2.742303E-04  -8.538903E-05
    4.120013E-01     4     3    4.967588E-08  -4.896756E-09
    4.120013E-01     4     4   -1.623353E-05   2.401074E-05
    4.120013E-01     4     5    9.849496E-09  -2.914602E-10
    4.120013E-01     4     6    1.056841E-09  -1.201011E-10
    4.120013E-01     5     1   -2.370987E-04  -1.355960E-05
    4.120013E-01     5     2   -1.773363E-08   2.595074E-09
    4.120013E-01     5     3    7.386398E-09   1.731473E-08
    4.120013E-01     5     4    8.255535E-09   9.044650E-10
    4.120013E-01     5     5   -3.253702E-04   2.237588E-04
    4.120013E-01     5     6    3.757981E-09  -6.947785E-10
    4.120013E-01     6     1    1.026950E-08   5.029409E-09
    4.120013E-01     6     2    1.538328E-08   3.937619E-10
    4.120013E-01     6     3    3.065408E-08  -2.587217E-08
    4.120013E-01     6     4    2.656358E-09   1.419053E-09
    4.120013E-01     6     5    1.521434E-08   1.318512E-08
    4.120013E-01     6     6    9.144117E-05   2.418079E-05
    4.031585E-01     1     1    4.143355E-06  -3.398767E-05
    4.031585E-01     1     2   -1.517377E-09   6.950716E-10
    4.031585E-01     1     3   -1.264089E-08   6.601040E-09
    4.031585E-01     1     4   -9.806967E-10   7.217049E-10
    4.031585E-01     1     5   -3.745100E-04  -1.702102E-05
    4.031585E-01     1     6   -3.391340E-09   7.793261E-10
    4.031585E-01     2     1    1.690488E-08   2.052121E-08
    4.031585E-01     2     2    1.354537E-03   3.515432E-04
    4.031585E-01     2     3    8.768050E-08   2.194049E-07
    4.031585E-01     2     4    3.114195E-04  -9.613008E-05
    4.031585E-01     2     5    9.516125E-08   6.185301E-08
    4.031585E-01     2     6    1.761859E-08   3.730454E-09
    4.031585E-01     3     1   -1.181903E-08  -1.672783E-09
    4.031585E-01     3     2    5.132872E-08   2.100810E-08
    4.031585E-01     3     3   -2.222396E-02  -4.221194E-03
    4.031585E-01     3     4    3.408844E-08   3.103252E-08
    4.031585E-01     3     5    1.361014E-08  -6.143074E-09
    4.031585E-01     3     6    1.425209E-08  -6.303030E-09
    4.031585E-01     4     1    1.223641E-09   7.659417E-10
    4.031585E-01     4     2    2.931759E-04  -8.487665E-05
    4.031585E-01     4     3    5.336872E-08  -5.134961E-09
    4.031585E-01     4     4   -2.017974E-05   2.365904E-05
    4.031585E-01     4     5    1.058538E-08  -3.058655E-10
    4.031585E-01     4     6    1.133387E-09  -1.262445E-10
    4.031585E-01     5     1   -2.511898E-04  -1.739295E-05
    4.031585E-01     5     2   -1.906205E-08   2.729923E-09
    4.031585E-01     5     3    7.963562E-09   1.822113E-08
    4.031585E-01     5     4    8.872832E-09   9.532975E-10
    4.031585E-01     5     5   -3.534548E-04   2.259724E-04
    4.031585E-01     5     6    4.039388E-09  -7.302449E-10
    4.031585E-01     6     1    1.104358E-08   5.291027E-09
    4.031585E-01     6     2    1.650033E-08   4.138846E-10
    4.031585E-01     6     3    3.294731E-08  -2.720228E-08
    4.031585E-01     6     4    2.850806E-09   1.491331E-09
    4.031585E-01     6     5    1.636819E-08   1.387198E-08
    4.031585E-01     6     6    9.181504E-05   2.508766E-05
    3.946898E-01     1     1    1.032896E-06  -3.728551E-05
    3.946898E-01     1     2   -1.621799E-09   7.283995E-10
    3.946898E-01     1     3   -1.357233E-08   6.924464E-09
    3.946898E-01     1     4   -1.049118E-09   7.581668E-10
    3.946898E-01     1     5   -3.958430E-04  -2.240175E-05
    3.946898E-01     1     6   -3.633169E-09   8.160747E-10
    3.946898E-01     2     1    1.811684E-08   2.151893E-08
    3.946898E-01     2     2    1.324367E-03   3.530032E-04
    3.946898E-01     2     3    9.403227E-08   2.300505E-07
    3.946898E-01     2     4    3.316585E-04  -9.574370E-05
    3.946898E-01     2     5    1.019360E-07   6.486065E-08
    3.946898E-01     2     6    1.885874E-08   3.909234E-09
    3.946898E-01     3     1   -1.265871E-08  -1.745457E-09
    3.946898E-01     3     2    5.488329E-08   2.211469E-08
    3.946898E-01     3     3   -2.348314E-02  -4.631532E-03
    3.946898E-01     3     4    3.651484E-08   3.251358E-08
    3.946898E-01     3     5    1.464510E-08  -6.416992E-09
    3.946898E-01     3     6    1.526758E-08  -6.616287E-09
    3.946898E-01     4     1    1.309207E-09   8.029319E-10
    3.946898E-01     4     2    3.122966E-04  -8.429723E-05
    3.946898E-01     4     3    5.712427E-08  -5.368432E-09
    3.946898E-01     4     4   -2.416136E-05   2.328993E-05
    3.946898E-01     4     5    1.133389E-08  -3.199974E-10
    3.946898E-01     4     6    1.211155E-09  -1.322769E-10
    3.946898E-01     5     1   -2.653464E-04  -2.119324E-05
    3.946898E-01     5     2   -2.041337E-08   2.862364E-09
    3.946898E-01     5     3    8.551549E-09   1.911151E-08
    3.946898E-01     5     4    9.500725E-09   1.001307E-09
    3.946898E-01     5     5   -3.817623E-04   2.280085E-04
    3.946898E-01     5     6    4.325639E-09  -7.650485E-10
    3.946898E-01     6     1    1.183122E-08   5.547989E-09
    3.946898E-01     6     2    1.763542E-08   4.336375E-10
    3.946898E-01     6     3    3.528003E-08  -2.850818E-08
    3.946898E-01     6     4    3.048435E-09   1.562273E-09
    3.946898E-01     6     5    1.754258E-08   1.454664E-08
    3.946898E-01     6     6    9.215755E-05   2.597153E-05
    3.865672E-01     1     1   -2.051576E-06  -4.053203E-05
    3.865672E-01     1     2   -1.727728E-09   7.610785E-10
    3.865672E-01     1     3   -1.451942E-08   7.241697E-09
    3.865672E-01     1     4   -1.118559E-09   7.939681E-10
    3.865672E-01     1     5   -4.172570E-04  -2.773232E-05
    3.865672E-01     1     6   -3.878816E-09   8.520815E-10
    3.865672E-01     2     1    1.934814E-08   2.249736E-08
    3.865672E-01     2     2    1.293384E-03   3.541999E-04
    3.865672E-01     2     3    1.004882E-07   2.404891E-07
    3.865672E-01     2     4    3.520571E-04  -9.528658E-05
    3.865672E-01     2     5    1.088170E-07   6.781013E-08
    3.865672E-01     2     6    2.011786E-08   4.084490E-09
    3.865672E-01     3     1   -1.351150E-08  -1.816488E-09
    3.865672E-01     3     2    5.849018E-08   2.320232E-08
    3.865672E-01     3     3   -2.474718E-02  -5.034654E-03
    3.865672E-01     3     4    3.897921E-08   3.396516E-08
    3.865672E-01     3     5    1.569859E-08  -6.684905E-09
    3.865672E-01     3     6    1.629908E-08  -6.923692E-09
    3.865672E-01     4     1    1.396055E-09   8.391974E-10
    3.865672E-01     4     2    3.315706E-04  -8.365560E-05
    3.865672E-01     4     3    6.093712E-08  -5.596931E-09
    3.865672E-01     4     4   -2.817419E-05   2.290505E-05
    3.865672E-01     4     5    1.209396E-08  -3.338402E-10
    3.865672E-01     4     6    1.290034E-09  -1.381911E-10
    3.865672E-01     5     1   -2.795541E-04  -2.495473E-05
    3.865672E-01     5     2   -2.178562E-08   2.992243E-09
    3.865672E-01     5     3    9.149481E-09   1.998482E-08
    3.865672E-01     5     4    1.013831E-08   1.048435E-09
    3.865672E-01     5     5   -4.102621E-04   2.298718E-04
    3.865672E-01     5     6    4.616318E-09  -7.991510E-10
    3.865672E-01     6     1    1.263128E-08   5.799992E-09
    3.865672E-01     6     2    1.878695E-08   4.529978E-10
    3.865672E-01     6     3    3.764887E-08  -2.978838E-08
    3.865672E-01     6     4    3.248966E-09   1.631798E-09
    3.865672E-01     6     5    1.873579E-08   1.520831E-08
    3.865672E-01     6     6    9.246867E-05   2.683192E-05
    3.787744E-01     1     1   -5.105593E-06  -4.371957E-05
    3.787744E-01     1     2   -1.834893E-09   7.930365E-10
    3.787744E-01     1     3   -1.547964E-08   7.552018E-09
    3.787744E-01     1     4   -1.188841E-09   8.290248E-10
    3.787744E-01     1     5   -4.387050E-04  -3.299889E-05
    3.787744E-01     1     6   -4.127635E-09   8.872676E-10
    3.787744E-01     2     1    2.059554E-08   2.345427E-08
    3.787744E-01     2     2    1.261662E-03   3.551447E-04
    3.787744E-01     2     3    1.070312E-07   2.506973E-07
    3.787744E-01     2     4    3.725678E-04  -9.476377E-05
    3.787744E-01     2     5    1.157863E-07   7.069479E-08
    3.787744E-01     2     6    2.139269E-08   4.255832E-09
    3.787744E-01     3     1   -1.437519E-08  -1.885735E-09
    3.787744E-01     3     2    6.214008E-08   2.426837E-08
    3.787744E-01     3     3   -2.601328E-02  -5.429743E-03
    3.787744E-01     3     4    4.147511E-08   3.538403E-08
    3.787744E-01     3     5    1.676779E-08  -6.946260E-09
    3.787744E-01     3     6    1.734389E-08  -7.224540E-09
    3.787744E-01     4     1    1.483961E-09   8.746570E-10
    3.787744E-01     4     2    3.509529E-04  -8.295689E-05
    3.787744E-01     4     3    6.479736E-08  -5.819974E-09
    3.787744E-01     4     4   -3.220924E-05   2.250637E-05
    3.787744E-01     4     5    1.286360E-08  -3.473639E-10
    3.787744E-01     4     6    1.369822E-09  -1.439740E-10
    3.787744E-01     5     1   -2.937819E-04  -2.866783E-05
    3.787744E-01     5     2   -2.317523E-08   3.119267E-09
    3.787744E-01     5     3    9.755771E-09   2.083907E-08
    3.787744E-01     5     4    1.078392E-08   1.094570E-09
    3.787744E-01     5     5   -4.388895E-04   2.315644E-04
    3.787744E-01     5     6    4.910669E-09  -8.324777E-10
    3.787744E-01     6     1    1.344166E-08   6.046468E-09
    3.787744E-01     6     2    1.995195E-08   4.719219E-10
    3.787744E-01     6     3    4.004765E-08  -3.104000E-08
    3.787744E-01     6     4    3.451880E-09   1.699753E-09
    3.787744E-01     6     5    1.994468E-08   1.585549E-08
    3.787744E-01     6     6    9.274796E-05   2.766740E-05
    3.712874E-01     1     1   -8.128355E-06  -4.684478E-05
    3.712874E-01     1     2   -1.943149E-09   8.242446E-10
    3.712874E-01     1     3   -1.645163E-08   7.855127E-09
    3.712874E-01     1     4   -1.259866E-09   8.633002E-10
    3.712874E-01     1     5   -4.601656E-04  -3.819480E-05
    3.712874E-01     1     6   -4.379281E-09   9.216012E-10
    3.712874E-01     2     1    2.185730E-08   2.438876E-08
    3.712874E-01     2     2    1.229234E-03   3.558492E-04
    3.712874E-01     2     3    1.136520E-07   2.606654E-07
    3.712874E-01     2     4    3.931675E-04  -9.417935E-05
    3.712874E-01     2     5    1.228343E-07   7.351186E-08
    3.712874E-01     2     6    2.268145E-08   4.423099E-09
    3.712874E-01     3     1   -1.524858E-08  -1.953146E-09
    3.712874E-01     3     2    6.582800E-08   2.531164E-08
    3.712874E-01     3     3   -2.728013E-02  -5.816503E-03
    3.712874E-01     3     4    4.399906E-08   3.676888E-08
    3.712874E-01     3     5    1.785112E-08  -7.200851E-09
    3.712874E-01     3     6    1.840057E-08  -7.518526E-09
    3.712874E-01     4     1    1.572804E-09   9.092771E-10
    3.712874E-01     4     2    3.704215E-04  -8.220508E-05
    3.712874E-01     4     3    6.869966E-08  -6.037376E-09
    3.712874E-01     4     4   -3.626234E-05   2.209524E-05
    3.712874E-01     4     5    1.364175E-08  -3.605561E-10
    3.712874E-01     4     6    1.450412E-09  -1.496200E-10
    3.712874E-01     5     1   -3.080155E-04  -3.232800E-05
    3.712874E-01     5     2   -2.458027E-08   3.243312E-09
    3.712874E-01     5     3    1.036955E-08   2.167343E-08
    3.712874E-01     5     4    1.143667E-08   1.139665E-09
    3.712874E-01     5     5   -4.676141E-04   2.330901E-04
    3.712874E-01     5     6    5.208283E-09  -8.649987E-10
    3.712874E-01     6     1    1.426123E-08   6.287176E-09
    3.712874E-01     6     2    2.112885E-08   4.903919E-10
    3.712874E-01     6     3    4.247304E-08  -3.226189E-08
    3.712874E-01     6     4    3.656901E-09   1.766075E-09
    3.712874E-01     6     5    2.116756E-08   1.648756E-08
    3.712874E-01     6     6    9.299535E-05   2.847760E-05
    3.640928E-01     1     1   -1.111543E-05  -4.990095E-05
    3.640928E-01     1     2   -2.052223E-09   8.546397E-10
    3.640928E-01     1     3   -1.743285E-08   8.150393E-09
    3.640928E-01     1     4   -1.331454E-09   8.967210E-10
    3.640928E-01     1     5   -4.815915E-04  -4.330788E-05
    3.640928E-01     1     6   -4.633105E-09   9.550130E-10
    3.640928E-01     2     1    2.313016E-08   2.529888E-08
    3.640928E-01     2     2    1.196175E-03   3.563234E-04
    3.640928E-01     2     3    1.203334E-07   2.703727E-07
    3.640928E-01     2     4    4.138087E-04  -9.353775E-05
    3.640928E-01     2     5    1.299426E-07   7.625549E-08
    3.640928E-01     2     6    2.398085E-08   4.585947E-09
    3.640928E-01     3     1   -1.612941E-08  -2.018595E-09
    3.640928E-01     3     2    6.954457E-08   2.632983E-08
    3.640928E-01     3     3   -2.854495E-02  -6.194210E-03
    3.640928E-01     3     4    4.654458E-08   3.811690E-08
    3.640928E-01     3     5    1.894574E-08  -7.448193E-09
    3.640928E-01     3     6    1.946638E-08  -7.805029E-09
    3.640928E-01     4     1    1.662356E-09   9.429866E-10
    3.640928E-01     4     2    3.899316E-04  -8.140466E-05
    3.640928E-01     4     3    7.263405E-08  -6.248712E-09
    3.640928E-01     4     4   -4.032449E-05   2.167338E-05
    3.640928E-01     4     5    1.442641E-08  -3.733903E-10
    3.640928E-01     4     6    1.531598E-09  -1.551174E-10
    3.640928E-01     5     1   -3.222238E-04  -3.592680E-05
    3.640928E-01     5     2   -2.599714E-08   3.364123E-09
    3.640928E-01     5     3    1.098922E-08   2.248616E-08
    3.640928E-01     5     4    1.209487E-08   1.183624E-09
    3.640928E-01     5     5   -4.963711E-04   2.344508E-04
    3.640928E-01     5     6    5.508397E-09  -8.966484E-10
    3.640928E-01     6     1    1.508788E-08   6.521618E-09
    3.640928E-01     6     2    2.231466E-08   5.083695E-10
    3.640928E-01     6     3    4.491882E-08  -3.345152E-08
    3.640928E-01     6     4    3.863508E-09   1.830629E-09
    3.640928E-01     6     5    2.240127E-08   1.710320E-08
    3.640928E-01     6     6    9.321043E-05   2.926127E-05
    3.571696E-01     1     1   -1.406598E-05  -5.288540E-05
    3.571696E-01     1     2   -2.161970E-09   8.841987E-10
    3.571696E-01     1     3   -1.842195E-08   8.437576E-09
    3.571696E-01     1     4   -1.403511E-09   9.292579E-10
    3.571696E-01     1     5   -5.029615E-04  -4.833282E-05
    3.571696E-01     1     6   -4.888762E-09   9.874781E-10
    3.571696E-01     2     1    2.441239E-08   2.618390E-08
    3.571696E-01     2     2    1.162519E-03   3.565769E-04
    3.571696E-01     2     3    1.270664E-07   2.798115E-07
    3.571696E-01     2     4    4.344683E-04  -9.284234E-05
    3.571696E-01     2     5    1.371019E-07   7.892348E-08
    3.571696E-01     2     6    2.528914E-08   4.744250E-09
    3.571696E-01     3     1   -1.701649E-08  -2.082043E-09
    3.571696E-01     3     2    7.328485E-08   2.732198E-08
    3.571696E-01     3     3   -2.980644E-02  -6.562639E-03
    3.571696E-01     3     4    4.910822E-08   3.942705E-08
    3.571696E-01     3     5    2.005010E-08  -7.688125E-09
    3.571696E-01     3     6    2.053989E-08  -8.083811E-09
    3.571696E-01     4     1    1.752500E-09   9.757590E-10
    3.571696E-01     4     2    4.094612E-04  -8.055889E-05
    3.571696E-01     4     3    7.659523E-08  -6.453838E-09
    3.571696E-01     4     4   -4.439154E-05   2.124189E-05
    3.571696E-01     4     5    1.521652E-08  -3.858570E-10
    3.571696E-01     4     6    1.613276E-09  -1.604620E-10
    3.571696E-01     5     1   -3.363925E-04  -3.946062E-05
    3.571696E-01     5     2   -2.742392E-08   3.481601E-09
    3.571696E-01     5     3    1.161392E-08   2.327660E-08
    3.571696E-01     5     4    1.275766E-08   1.226410E-09
    3.571696E-01     5     5   -5.251301E-04   2.356497E-04
    3.571696E-01     5     6    5.810607E-09  -9.274032E-10
    3.571696E-01     6     1    1.592050E-08   6.749604E-09
    3.571696E-01     6     2    2.350781E-08   5.258405E-10
    3.571696E-01     6     3    4.738170E-08  -3.460797E-08
    3.571696E-01     6     4    4.071428E-09   1.893367E-09
    3.571696E-01     6     5    2.364413E-08   1.770190E-08
    3.571696E-01     6     6    9.339309E-05   3.001813E-05
    3.505049E-01     1     1   -1.697649E-05  -5.579308E-05
    3.505049E-01     1     2   -2.272150E-09   9.128746E-10
    3.505049E-01     1     3   -1.941669E-08   8.716203E-09
    3.505049E-01     1     4   -1.475876E-09   9.608555E-10
    3.505049E-01     1     5   -5.242349E-04  -5.326033E-05
    3.505049E-01     1     6   -5.145680E-09   1.018945E-09
    3.505049E-01     2     1    2.570112E-08   2.704237E-08
    3.505049E-01     2     2    1.128330E-03   3.566185E-04
    3.505049E-01     2     3    1.338356E-07   2.889664E-07
    3.505049E-01     2     4    4.551047E-04  -9.209676E-05
    3.505049E-01     2     5    1.442959E-07   8.151144E-08
    3.505049E-01     2     6    2.660341E-08   4.897751E-09
    3.505049E-01     3     1   -1.790786E-08  -2.143397E-09
    3.505049E-01     3     2    7.704057E-08   2.828636E-08
    3.505049E-01     3     3   -3.106218E-02  -6.921253E-03
    3.505049E-01     3     4    5.168425E-08   4.069722E-08
    3.505049E-01     3     5    2.116166E-08  -7.920285E-09
    3.505049E-01     3     6    2.161868E-08  -8.354402E-09
    3.505049E-01     4     1    1.843035E-09   1.007541E-09
    3.505049E-01     4     2    4.289712E-04  -7.967145E-05
    3.505049E-01     4     3    8.057439E-08  -6.652436E-09
    3.505049E-01     4     4   -4.845567E-05   2.080215E-05
    3.505049E-01     4     5    1.601033E-08  -3.979363E-10
    3.505049E-01     4     6    1.695264E-09  -1.656449E-10
    3.505049E-01     5     1   -3.504948E-04  -4.292303E-05
    3.505049E-01     5     2   -2.885743E-08   3.595555E-09
    3.505049E-01     5     3    1.224223E-08   2.404344E-08
    3.505049E-01     5     4    1.342353E-08   1.267950E-09
    3.505049E-01     5     5   -5.538348E-04   2.366888E-04
    3.505049E-01     5     6    6.114238E-09  -9.572140E-10
    3.505049E-01     6     1    1.675721E-08   6.970759E-09
    3.505049E-01     6     2    2.470567E-08   5.427762E-10
    3.505049E-01     6     3    4.985618E-08  -3.572936E-08
    3.505049E-01     6     4    4.280200E-09   1.954187E-09
    3.505049E-01     6     5    2.489335E-08   1.828269E-08
    3.505049E-01     6     6    9.354302E-05   3.074729E-05
    3.440862E-01     1     1   -1.984347E-05  -5.861929E-05
    3.440862E-01     1     2   -2.382521E-09   9.406238E-10
    3.440862E-01     1     3   -2.041482E-08   8.985837E-09
    3.440862E-01     1     4   -1.548389E-09   9.914626E-10
    3.440862E-01     1     5   -5.453710E-04  -5.808182E-05
    3.440862E-01     1     6   -5.403286E-09   1.049365E-09
    3.440862E-01     2     1    2.699345E-08   2.787294E-08
    3.440862E-01     2     2    1.093671E-03   3.564562E-04
    3.440862E-01     2     3    1.406259E-07   2.978230E-07
    3.440862E-01     2     4    4.756767E-04  -9.130448E-05
    3.440862E-01     2     5    1.515088E-07   8.401534E-08
    3.440862E-01     2     6    2.792074E-08   5.046214E-09
    3.440862E-01     3     1   -1.880150E-08  -2.202573E-09
    3.440862E-01     3     2    8.080344E-08   2.922134E-08
    3.440862E-01     3     3   -3.230974E-02  -7.269562E-03
    3.440862E-01     3     4    5.426694E-08   4.192545E-08
    3.440862E-01     3     5    2.227790E-08  -8.144345E-09
    3.440862E-01     3     6    2.270036E-08  -8.616373E-09
    3.440862E-01     4     1    1.933760E-09   1.038283E-09
    3.440862E-01     4     2    4.484222E-04  -7.874584E-05
    3.440862E-01     4     3    8.456269E-08  -6.844218E-09
    3.440862E-01     4     4   -5.250909E-05   2.035546E-05
    3.440862E-01     4     5    1.680606E-08  -4.096099E-10
    3.440862E-01     4     6    1.777382E-09  -1.706581E-10
    3.440862E-01     5     1   -3.645038E-04  -4.630809E-05
    3.440862E-01     5     2   -3.029449E-08   3.705806E-09
    3.440862E-01     5     3    1.287274E-08   2.478547E-08
    3.440862E-01     5     4    1.409103E-08   1.308178E-09
    3.440862E-01     5     5   -5.824292E-04   2.375699E-04
    3.440862E-01     5     6    6.418616E-09  -9.860358E-10
    3.440862E-01     6     1    1.759614E-08   7.184737E-09
    3.440862E-01     6     2    2.590561E-08   5.591503E-10
    3.440862E-01     6     3    5.233674E-08  -3.681396E-08
    3.440862E-01     6     4    4.489364E-09   2.012997E-09
    3.440862E-01     6     5    2.614612E-08   1.884464E-08
    3.440862E-01     6     6    9.365994E-05   3.144792E-05
    3.378965E-01     1     1   -2.266601E-05  -6.136217E-05
    3.378965E-01     1     2   -2.492941E-09   9.674303E-10
    3.378965E-01     1     3   -2.141500E-08   9.246310E-09
    3.378965E-01     1     4   -1.620955E-09   1.021059E-09
    3.378965E-01     1     5   -5.663482E-04  -6.279350E-05
    3.378965E-01     1     6   -5.661236E-09   1.078721E-09
    3.378965E-01     2     1    2.828767E-08   2.867511E-08
    3.378965E-01     2     2    1.058577E-03   3.560975E-04
    3.378965E-01     2     3    1.474282E-07   3.063760E-07
    3.378965E-01     2     4    4.961610E-04  -9.046802E-05
    3.378965E-01     2     5    1.587308E-07   8.643361E-08
    3.378965E-01     2     6    2.923939E-08   5.189548E-09
    3.378965E-01     3     1   -1.969625E-08  -2.259542E-09
    3.378965E-01     3     2    8.456854E-08   3.012625E-08
    3.378965E-01     3     3   -3.354784E-02  -7.607412E-03
    3.378965E-01     3     4    5.685285E-08   4.311104E-08
    3.378965E-01     3     5    2.339726E-08  -8.360191E-09
    3.378965E-01     3     6    2.378347E-08  -8.869553E-09
    3.378965E-01     4     1    2.024556E-09   1.067967E-09
    3.378965E-01     4     2    4.677926E-04  -7.778447E-05
    3.378965E-01     4     3    8.855488E-08  -7.029082E-09
    3.378965E-01     4     4   -5.654764E-05   1.990264E-05
    3.378965E-01     4     5    1.760267E-08  -4.208711E-10
    3.378965E-01     4     6    1.859525E-09  -1.754986E-10
    3.378965E-01     5     1   -3.784051E-04  -4.961322E-05
    3.378965E-01     5     2   -3.173319E-08   3.812285E-09
    3.378965E-01     5     3    1.350459E-08   2.550223E-08
    3.378965E-01     5     4    1.475926E-08   1.347066E-09
    3.378965E-01     5     5   -6.108828E-04   2.382955E-04
    3.378965E-01     5     6    6.723336E-09  -1.013852E-09
    3.378965E-01     6     1    1.843619E-08   7.391405E-09
    3.378965E-01     6     2    2.710605E-08   5.749527E-10
    3.378965E-01     6     3    5.482012E-08  -3.786111E-08
    3.378965E-01     6     4    4.698646E-09   2.069761E-09
    3.378965E-01     6     5    2.740079E-08   1.938742E-08
    3.378965E-01     6     6    9.374367E-05   3.211984E-05
    3.319273E-01     1     1   -2.543980E-05  -6.401675E-05
    3.319273E-01     1     2   -2.603134E-09   9.932477E-10
    3.319273E-01     1     3   -2.241468E-08   9.497159E-09
    3.319273E-01     1     4   -1.693393E-09   1.049590E-09
    3.319273E-01     1     5   -5.871198E-04  -6.738636E-05
    3.319273E-01     1     6   -5.918880E-09   1.106963E-09
    3.319273E-01     2     1    2.958051E-08   2.944744E-08
    3.319273E-01     2     2    1.023123E-03   3.555497E-04
    3.319273E-01     2     3    1.542251E-07   3.146103E-07
    3.319273E-01     2     4    5.165101E-04  -8.959066E-05
    3.319273E-01     2     5    1.659438E-07   8.876197E-08
    3.319273E-01     2     6    3.055604E-08   5.327502E-09
    3.319273E-01     3     1   -2.058984E-08  -2.314213E-09
    3.319273E-01     3     2    8.832646E-08   3.099940E-08
    3.319273E-01     3     3   -3.477368E-02  -7.934267E-03
    3.319273E-01     3     4    5.943547E-08   4.425189E-08
    3.319273E-01     3     5    2.451689E-08  -8.567468E-09
    3.319273E-01     3     6    2.486530E-08  -9.113486E-09
    3.319273E-01     4     1    2.115196E-09   1.096540E-09
    3.319273E-01     4     2    4.870371E-04  -7.679067E-05
    3.319273E-01     4     3    9.254094E-08  -7.206715E-09
    3.319273E-01     4     4   -6.056233E-05   1.944495E-05
    3.319273E-01     4     5    1.839815E-08  -4.317004E-10
    3.319273E-01     4     6    1.941486E-09  -1.801577E-10
    3.319273E-01     5     1   -3.921678E-04  -5.283218E-05
    3.319273E-01     5     2   -3.316990E-08   3.914805E-09
    3.319273E-01     5     3    1.413618E-08   2.619245E-08
    3.319273E-01     5     4    1.542654E-08   1.384543E-09
    3.319273E-01     5     5   -6.391309E-04   2.388670E-04
    3.319273E-01     5     6    7.027634E-09  -1.040614E-09
    3.319273E-01     6     1    1.927524E-08   7.590395E-09
    3.319273E-01     6     2    2.830401E-08   5.901554E-10
    3.319273E-01     6     3    5.730005E-08  -3.886898E-08
    3.319273E-01     6     4    4.907525E-09   2.124381E-09
    3.319273E-01     6     5    2.865416E-08   1.991005E-08
    3.319273E-01     6     6    9.379392E-05   3.276214E-05
    3.261637E-01     1     1   -2.816389E-05  -6.658154E-05
    3.261637E-01     1     2   -2.712958E-09   1.018063E-09
    3.261637E-01     1     3   -2.341250E-08   9.738247E-09
    3.261637E-01     1     4   -1.765608E-09   1.077039E-09
    3.261637E-01     1     5   -6.076639E-04  -7.185741E-05
    3.261637E-01     1     6   -6.175875E-09   1.134076E-09
    3.261637E-01     2     1    3.087023E-08   3.018952E-08
    3.261637E-01     2     2    9.873404E-04   3.548189E-04
    3.261637E-01     2     3    1.610076E-07   3.225214E-07
    3.261637E-01     2     4    5.367010E-04  -8.867444E-05
    3.261637E-01     2     5    1.731383E-07   9.099916E-08
    3.261637E-01     2     6    3.186896E-08   5.460003E-09
    3.261637E-01     3     1   -2.148110E-08  -2.366564E-09
    3.261637E-01     3     2    9.207228E-08   3.184023E-08
    3.261637E-01     3     3   -3.598595E-02  -8.250009E-03
    3.261637E-01     3     4    6.201137E-08   4.534743E-08
    3.261637E-01     3     5    2.563523E-08  -8.766086E-09
    3.261637E-01     3     6    2.594439E-08  -9.348036E-09
    3.261637E-01     4     1    2.205562E-09   1.123988E-09
    3.261637E-01     4     2    5.061340E-04  -7.576644E-05
    3.261637E-01     4     3    9.651560E-08  -7.377038E-09
    3.261637E-01     4     4   -6.454897E-05   1.898306E-05
    3.261637E-01     4     5    1.919145E-08  -4.420925E-10
    3.261637E-01     4     6    2.023161E-09  -1.846330E-10
    3.261637E-01     5     1   -4.057775E-04  -5.596293E-05
    3.261637E-01     5     2   -3.460274E-08   4.013310E-09
    3.261637E-01     5     3    1.476664E-08   2.685574E-08
    3.261637E-01     5     4    1.609199E-08   1.420589E-09
    3.261637E-01     5     5   -6.671428E-04   2.392866E-04
    3.261637E-01     5     6    7.331105E-09  -1.066310E-09
    3.261637E-01     6     1    2.011216E-08   7.781600E-09
    3.261637E-01     6     2    2.949792E-08   6.047503E-10
    3.261637E-01     6     3    5.977326E-08  -3.983702E-08
    3.261637E-01     6     4    5.115726E-09   2.176830E-09
    3.261637E-01     6     5    2.990458E-08   2.041225E-08
    3.261637E-01     6     6    9.381047E-05   3.337468E-05
    3.205985E-01     1     1   -3.083400E-05  -6.905214E-05
    3.205985E-01     1     2   -2.822138E-09   1.041835E-09
    3.205985E-01     1     3   -2.440594E-08   9.969164E-09
    3.205985E-01     1     4   -1.837419E-09   1.103358E-09
    3.205985E-01     1     5   -6.279340E-04  -7.619859E-05
    3.205985E-01     1     6   -6.431571E-09   1.160015E-09
    3.205985E-01     2     1    3.215358E-08   3.090010E-08
    3.205985E-01     2     2    9.513060E-04   3.539117E-04
    3.205985E-01     2     3    1.677584E-07   3.300959E-07
    3.205985E-01     2     4    5.566861E-04  -8.772233E-05
    3.205985E-01     2     5    1.802959E-07   9.314139E-08
    3.205985E-01     2     6    3.317484E-08   5.586830E-09
    3.205985E-01     3     1   -2.236776E-08  -2.416514E-09
    3.205985E-01     3     2    9.579660E-08   3.264726E-08
    3.205985E-01     3     3   -3.718188E-02  -8.554159E-03
    3.205985E-01     3     4    6.457404E-08   4.639582E-08
    3.205985E-01     3     5    2.674943E-08  -8.955729E-09
    3.205985E-01     3     6    2.701803E-08  -9.572797E-09
    3.205985E-01     4     1    2.295425E-09   1.150263E-09
    3.205985E-01     4     2    5.250384E-04  -7.471478E-05
    3.205985E-01     4     3    1.004688E-07  -7.539773E-09
    3.205985E-01     4     4   -6.849858E-05   1.851811E-05
    3.205985E-01     4     5    1.998057E-08  -4.520299E-10
    3.205985E-01     4     6    2.104344E-09  -1.889170E-10
    3.205985E-01     5     1   -4.192033E-04  -5.899990E-05
    3.205985E-01     5     2   -3.602807E-08   4.107632E-09
    3.205985E-01     5     3    1.539438E-08   2.749097E-08
    3.205985E-01     5     4    1.675393E-08   1.455141E-09
    3.205985E-01     5     5   -6.948543E-04   2.395554E-04
    3.205985E-01     5     6    7.632986E-09  -1.090895E-09
    3.205985E-01     6     1    2.094484E-08   7.964695E-09
    3.205985E-01     6     2    3.068479E-08   6.187125E-10
    3.205985E-01     6     3    6.223351E-08  -4.076362E-08
    3.205985E-01     6     4    5.322728E-09   2.227018E-09
    3.205985E-01     6     5    3.114887E-08   2.089317E-08
    3.205985E-01     6     6    9.379306E-05   3.395664E-05
    3.152184E-01     1     1   -3.344912E-05  -7.142733E-05
    3.152184E-01     1     2   -2.930531E-09   1.064554E-09
    3.152184E-01     1     3   -2.539363E-08   1.018980E-08
    3.152184E-01     1     4   -1.908729E-09   1.128534E-09
    3.152184E-01     1     5   -6.479080E-04  -8.040750E-05
    3.152184E-01     1     6   -6.685623E-09   1.184769E-09
    3.152184E-01     2     1    3.342883E-08   3.157882E-08
    3.152184E-01     2     2    9.150517E-04   3.528331E-04
    3.152184E-01     2     3    1.744683E-07   3.373303E-07
    3.152184E-01     2     4    5.764422E-04  -8.673600E-05
    3.152184E-01     2     5    1.874072E-07   9.518764E-08
    3.152184E-01     2     6    3.447193E-08   5.707923E-09
    3.152184E-01     3     1   -2.324864E-08  -2.464045E-09
    3.152184E-01     3     2    9.949448E-08   3.342002E-08
    3.152184E-01     3     3   -3.836014E-02  -8.846628E-03
    3.152184E-01     3     4    6.712006E-08   4.739659E-08
    3.152184E-01     3     5    2.785794E-08  -9.136325E-09
    3.152184E-01     3     6    2.808476E-08  -9.787660E-09
    3.152184E-01     4     1    2.384666E-09   1.175354E-09
    3.152184E-01     4     2    5.437282E-04  -7.363728E-05
    3.152184E-01     4     3    1.043954E-07  -7.694855E-09
    3.152184E-01     4     4   -7.240696E-05   1.805064E-05
    3.152184E-01     4     5    2.076445E-08  -4.615084E-10
    3.152184E-01     4     6    2.184929E-09  -1.930075E-10
    3.152184E-01     5     1   -4.324305E-04  -6.194146E-05
    3.152184E-01     5     2   -3.744400E-08   4.197728E-09
    3.152184E-01     5     3    1.601853E-08   2.809784E-08
    3.152184E-01     5     4    1.741148E-08   1.488181E-09
    3.152184E-01     5     5   -7.222342E-04   2.396752E-04
    3.152184E-01     5     6    7.932871E-09  -1.114360E-09
    3.152184E-01     6     1    2.177217E-08   8.139592E-09
    3.152184E-01     6     2    3.186306E-08   6.320355E-10
    3.152184E-01     6     3    6.467751E-08  -4.164835E-08
    3.152184E-01     6     4    5.528255E-09   2.274925E-09
    3.152184E-01     6     5    3.238536E-08   2.135257E-08
    3.152184E-01     6     6    9.374144E-05   3.450794E-05
    3.100174E-01     1     1   -3.600506E-05  -7.370319E-05
    3.100174E-01     1     2   -3.037864E-09   1.086183E-09
    3.100174E-01     1     3   -2.637304E-08   1.039979E-08
    3.100174E-01     1     4   -1.979359E-09   1.152524E-09
    3.100174E-01     1     5   -6.675396E-04  -8.447695E-05
    3.100174E-01     1     6   -6.937385E-09   1.208298E-09
    3.100174E-01     2     1    3.469271E-08   3.222458E-08
    3.100174E-01     2     2    8.786534E-04   3.515892E-04
    3.100174E-01     2     3    1.811203E-07   3.442127E-07
    3.100174E-01     2     4    5.959220E-04  -8.571813E-05
    3.100174E-01     2     5    1.944540E-07   9.713453E-08
    3.100174E-01     2     6    3.575694E-08   5.823084E-09
    3.100174E-01     3     1   -2.412149E-08  -2.509084E-09
    3.100174E-01     3     2    1.031566E-07   3.415718E-08
    3.100174E-01     3     3   -3.951799E-02  -9.126986E-03
    3.100174E-01     3     4    6.964292E-08   4.834811E-08
    3.100174E-01     3     5    2.895790E-08  -9.307595E-09
    3.100174E-01     3     6    2.914188E-08  -9.992264E-09
    3.100174E-01     4     1    2.473059E-09   1.199221E-09
    3.100174E-01     4     2    5.621587E-04  -7.253669E-05
    3.100174E-01     4     3    1.082853E-07  -7.842041E-09
    3.100174E-01     4     4   -7.626518E-05   1.758168E-05
    3.100174E-01     4     5    2.154109E-08  -4.705127E-10
    3.100174E-01     4     6    2.264711E-09  -1.968980E-10
    3.100174E-01     5     1   -4.454286E-04  -6.478261E-05
    3.100174E-01     5     2   -3.884692E-08   4.283448E-09
    3.100174E-01     5     3    1.663750E-08   2.867534E-08
    3.100174E-01     5     4    1.806296E-08   1.519654E-09
    3.100174E-01     5     5   -7.492186E-04   2.396473E-04
    3.100174E-01     5     6    8.229997E-09  -1.136667E-09
    3.100174E-01     6     1    2.259203E-08   8.306002E-09
    3.100174E-01     6     2    3.302974E-08   6.446973E-10
    3.100174E-01     6     3    6.709902E-08  -4.248975E-08
    3.100174E-01     6     4    5.731789E-09   2.320471E-09
    3.100174E-01     6     5    3.361088E-08   2.178969E-08
    3.100174E-01     6     6    9.365540E-05   3.502783E-05
    3.049838E-01     1     1   -3.850072E-05  -7.587874E-05
    3.049838E-01     1     2   -3.143991E-09   1.106713E-09
    3.049838E-01     1     3   -2.734281E-08   1.059904E-08
    3.049838E-01     1     4   -2.049213E-09   1.175318E-09
    3.049838E-01     1     5   -6.868064E-04  -8.840500E-05
    3.049838E-01     1     6   -7.186509E-09   1.230592E-09
    3.049838E-01     2     1    3.594349E-08   3.283710E-08
    3.049838E-01     2     2    8.421434E-04   3.501842E-04
    3.049838E-01     2     3    1.877050E-07   3.507401E-07
    3.049838E-01     2     4    6.151020E-04  -8.467009E-05
    3.049838E-01     2     5    2.014266E-07   9.898123E-08
    3.049838E-01     2     6    3.702810E-08   5.932265E-09
    3.049838E-01     3     1   -2.498512E-08  -2.551618E-09
    3.049838E-01     3     2    1.067778E-07   3.485838E-08
    3.049838E-01     3     3   -4.065406E-02  -9.395166E-03
    3.049838E-01     3     4    7.213916E-08   4.924999E-08
    3.049838E-01     3     5    3.004777E-08  -9.469480E-09
    3.049838E-01     3     6    3.018791E-08  -1.018652E-08
    3.049838E-01     4     1    2.560484E-09   1.221851E-09
    3.049838E-01     4     2    5.803075E-04  -7.141429E-05
    3.049838E-01     4     3    1.121332E-07  -7.981275E-09
    3.049838E-01     4     4   -8.006895E-05   1.711167E-05
    3.049838E-01     4     5    2.230944E-08  -4.790390E-10
    3.049838E-01     4     6    2.343584E-09  -2.005866E-10
    3.049838E-01     5     1   -4.581828E-04  -6.752206E-05
    3.049838E-01     5     2   -4.023491E-08   4.364755E-09
    3.049838E-01     5     3    1.725042E-08   2.922322E-08
    3.049838E-01     5     4    1.870749E-08   1.549545E-09
    3.049838E-01     5     5   -7.757760E-04   2.394730E-04
    3.049838E-01     5     6    8.523958E-09  -1.157807E-09
    3.049838E-01     6     1    2.340329E-08   8.463855E-09
    3.049838E-01     6     2    3.418325E-08   6.566924E-10
    3.049838E-01     6     3    6.949473E-08  -4.328748E-08
    3.049838E-01     6     4    5.933051E-09   2.363638E-09
    3.049838E-01     6     5    3.482374E-08   2.220435E-08
    3.049838E-01     6     6    9.353462E-05   3.551626E-05
    3.001125E-01     1     1   -4.093198E-05  -7.795049E-05
    3.001125E-01     1     2   -3.248642E-09   1.126112E-09
    3.001125E-01     1     3   -2.830042E-08   1.078724E-08
    3.001125E-01     1     4   -2.118109E-09   1.196876E-09
    3.001125E-01     1     5   -7.056625E-04  -9.218521E-05
    3.001125E-01     1     6   -7.432349E-09   1.251616E-09
    3.001125E-01     2     1    3.717792E-08   3.341538E-08
    3.001125E-01     2     2    8.055974E-04   3.486234E-04
    3.001125E-01     2     3    1.942053E-07   3.569020E-07
    3.001125E-01     2     4    6.339352E-04  -8.359433E-05
    3.001125E-01     2     5    2.083069E-07   1.007247E-07
    3.001125E-01     2     6    3.828213E-08   6.035292E-09
    3.001125E-01     3     1   -2.583729E-08  -2.591582E-09
    3.001125E-01     3     2    1.103490E-07   3.552244E-08
    3.001125E-01     3     3   -4.176563E-02  -9.650783E-03
    3.001125E-01     3     4    7.460233E-08   5.010078E-08
    3.001125E-01     3     5    3.112467E-08  -9.621732E-09
    3.001125E-01     3     6    3.122016E-08  -1.037010E-08
    3.001125E-01     4     1    2.646714E-09   1.243210E-09
    3.001125E-01     4     2    5.981305E-04  -7.027259E-05
    3.001125E-01     4     3    1.159291E-07  -8.112341E-09
    3.001125E-01     4     4   -8.380944E-05   1.664154E-05
    3.001125E-01     4     5    2.306751E-08  -4.870739E-10
    3.001125E-01     4     6    2.421344E-09  -2.040675E-10
    3.001125E-01     5     1   -4.706626E-04  -7.015533E-05
    3.001125E-01     5     2   -4.160437E-08   4.441519E-09
    3.001125E-01     5     3    1.785570E-08   2.974060E-08
    3.001125E-01     5     4    1.934339E-08   1.577805E-09
    3.001125E-01     5     5   -8.018431E-04   2.391536E-04
    3.001125E-01     5     6    8.813993E-09  -1.177746E-09
    3.001125E-01     6     1    2.420386E-08   8.612893E-09
    3.001125E-01     6     2    3.532062E-08   6.680013E-10
    3.001125E-01     6     3    7.185845E-08  -4.404025E-08
    3.001125E-01     6     4    6.131525E-09   2.404358E-09
    3.001125E-01     6     5    3.602080E-08   2.259587E-08
    3.001125E-01     6     6    9.337895E-05   3.597256E-05
    2.953930E-01     1     1   -4.329768E-05  -7.991762E-05
    2.953930E-01     1     2   -3.351669E-09   1.144373E-09
    2.953930E-01     1     3   -2.924449E-08   1.096429E-08
    2.953930E-01     1     4   -2.185952E-09   1.217191E-09
    2.953930E-01     1     5   -7.240851E-04  -9.581600E-05
    2.953930E-01     1     6   -7.674557E-09   1.271362E-09
    2.953930E-01     2     1    3.839425E-08   3.395919E-08
    2.953930E-01     2     2    7.690477E-04   3.469104E-04
    2.953930E-01     2     3    2.006120E-07   3.626959E-07
    2.953930E-01     2     4    6.523977E-04  -8.249193E-05
    2.953930E-01     2     5    2.150852E-07   1.023644E-07
    2.953930E-01     2     6    3.951726E-08   6.132122E-09
    2.953930E-01     3     1   -2.667679E-08  -2.628965E-09
    2.953930E-01     3     2    1.138651E-07   3.614903E-08
    2.953930E-01     3     3   -4.285133E-02  -9.893785E-03
    2.953930E-01     3     4    7.702892E-08   5.090015E-08
    2.953930E-01     3     5    3.218707E-08  -9.764300E-09
    2.953930E-01     3     6    3.223715E-08  -1.054294E-08
    2.953930E-01     4     1    2.731629E-09   1.263289E-09
    2.953930E-01     4     2    6.156047E-04  -6.911261E-05
    2.953930E-01     4     3    1.196678E-07  -8.235193E-09
    2.953930E-01     4     4   -8.748227E-05   1.617164E-05
    2.953930E-01     4     5    2.381422E-08  -4.946143E-10
    2.953930E-01     4     6    2.497882E-09  -2.073393E-10
    2.953930E-01     5     1   -4.828528E-04  -7.268137E-05
    2.953930E-01     5     2   -4.295337E-08   4.513707E-09
    2.953930E-01     5     3    1.845246E-08   3.022724E-08
    2.953930E-01     5     4    1.996976E-08   1.604421E-09
    2.953930E-01     5     5   -8.273877E-04   2.386901E-04
    2.953930E-01     5     6    9.099691E-09  -1.196476E-09
    2.953930E-01     6     1    2.499259E-08   8.753056E-09
    2.953930E-01     6     2    3.644026E-08   6.786193E-10
    2.953930E-01     6     3    7.418682E-08  -4.474776E-08
    2.953930E-01     6     4    6.326930E-09   2.442615E-09
    2.953930E-01     6     5    3.720035E-08   2.296409E-08
    2.953930E-01     6     6    9.318804E-05   3.639669E-05
    2.908209E-01     1     1   -4.559378E-05  -8.177703E-05
    2.908209E-01     1     2   -3.452803E-09   1.161468E-09
    2.908209E-01     1     3   -3.017250E-08   1.112993E-08
    2.908209E-01     1     4   -2.252563E-09   1.236228E-09
    2.908209E-01     1     5   -7.420287E-04  -9.929161E-05
    2.908209E-01     1     6   -7.912491E-09   1.289798E-09
    2.908209E-01     2     1    3.958925E-08   3.446765E-08
    2.908209E-01     2     2    7.325702E-04   3.450501E-04
    2.908209E-01     2     3    2.069079E-07   3.681125E-07
    2.908209E-01     2     4    6.704432E-04  -8.136515E-05
    2.908209E-01     2     5    2.217436E-07   1.038974E-07
    2.908209E-01     2     6    4.073022E-08   6.222602E-09
    2.908209E-01     3     1   -2.750139E-08  -2.663710E-09
    2.908209E-01     3     2    1.173167E-07   3.673712E-08
    2.908209E-01     3     3   -4.390846E-02  -1.012383E-02
    2.908209E-01     3     4    7.941252E-08   5.164684E-08
    2.908209E-01     3     5    3.323211E-08  -9.896967E-09
    2.908209E-01     3     6    3.323619E-08  -1.070476E-08
    2.908209E-01     4     1    2.815004E-09   1.282055E-09
    2.908209E-01     4     2    6.326864E-04  -6.793666E-05
    2.908209E-01     4     3    1.233393E-07  -8.349641E-09
    2.908209E-01     4     4   -9.107869E-05   1.570284E-05
    2.908209E-01     4     5    2.454759E-08  -5.016482E-10
    2.908209E-01     4     6    2.572997E-09  -2.103967E-10
    2.908209E-01     5     1   -4.947236E-04  -7.509617E-05
    2.908209E-01     5     2   -4.427833E-08   4.581205E-09
    2.908209E-01     5     3    1.903912E-08   3.068238E-08
    2.908209E-01     5     4    2.058495E-08   1.629351E-09
    2.908209E-01     5     5   -8.523471E-04   2.380837E-04
    2.908209E-01     5     6    9.380297E-09  -1.213969E-09
    2.908209E-01     6     1    2.576740E-08   8.884118E-09
    2.908209E-01     6     2    3.753921E-08   6.885294E-10
    2.908209E-01     6     3    7.647370E-08  -4.540888E-08
    2.908209E-01     6     4    6.518753E-09   2.478347E-09
    2.908209E-01     6     5    3.835927E-08   2.330841E-08
    2.908209E-01     6     6    9.296176E-05   3.678807E-05
    2.863869E-01     1     1   -4.781901E-05  -8.352802E-05
    2.863869E-01     1     2   -3.551896E-09   1.177389E-09
    2.863869E-01     1     3   -3.108308E-08   1.128407E-08
    2.863869E-01     1     4   -2.317843E-09   1.253979E-09
    2.863869E-01     1     5   -7.594700E-04  -1.026107E-04
    2.863869E-01     1     6   -8.145797E-09   1.306918E-09
    2.863869E-01     2     1    4.076113E-08   3.494056E-08
    2.863869E-01     2     2    6.961971E-04   3.430455E-04
    2.863869E-01     2     3    2.130838E-07   3.731496E-07
    2.863869E-01     2     4    6.880469E-04  -8.021485E-05
    2.863869E-01     2     5    2.282721E-07   1.053234E-07
    2.863869E-01     2     6    4.191921E-08   6.306695E-09
    2.863869E-01     3     1   -2.830988E-08  -2.695806E-09
    2.863869E-01     3     2    1.206988E-07   3.728642E-08
    2.863869E-01     3     3   -4.493560E-02  -1.034087E-02
    2.863869E-01     3     4    8.174958E-08   5.234054E-08
    2.863869E-01     3     5    3.425822E-08  -1.001969E-08
    2.863869E-01     3     6    3.421580E-08  -1.085547E-08
    2.863869E-01     4     1    2.896716E-09   1.299501E-09
    2.863869E-01     4     2    6.493522E-04  -6.674554E-05
    2.863869E-01     4     3    1.269382E-07  -8.455644E-09
    2.863869E-01     4     4   -9.459424E-05   1.523539E-05
    2.863869E-01     4     5    2.526655E-08  -5.081729E-10
    2.863869E-01     4     6    2.646578E-09  -2.132384E-10
    2.863869E-01     5     1   -5.062593E-04  -7.739887E-05
    2.863869E-01     5     2   -4.557730E-08   4.643983E-09
    2.863869E-01     5     3    1.961480E-08   3.110582E-08
    2.863869E-01     5     4    2.118804E-08   1.652583E-09
    2.863869E-01     5     5   -8.766885E-04   2.373351E-04
    2.863869E-01     5     6    9.655395E-09  -1.230217E-09
    2.863869E-01     6     1    2.652713E-08   9.006024E-09
    2.863869E-01     6     2    3.861586E-08   6.977273E-10
    2.863869E-01     6     3    7.871567E-08  -4.602335E-08
    2.863869E-01     6     4    6.706709E-09   2.511542E-09
    2.863869E-01     6     5    3.949582E-08   2.362870E-08
    2.863869E-01     6     6    9.269973E-05   3.714665E-05
    2.820861E-01     1     1   -4.997007E-05  -8.516832E-05
    2.820861E-01     1     2   -3.648707E-09   1.192116E-09
    2.820861E-01     1     3   -3.197398E-08   1.142652E-08
    2.820861E-01     1     4   -2.381633E-09   1.270420E-09
    2.820861E-01     1     5   -7.763692E-04  -1.057691E-04
    2.820861E-01     1     6   -8.373905E-09   1.322699E-09
    2.820861E-01     2     1    4.190705E-08   3.537726E-08
    2.820861E-01     2     2    6.599934E-04   3.409004E-04
    2.820861E-01     2     3    2.191245E-07   3.778004E-07
    2.820861E-01     2     4    7.051683E-04  -7.904278E-05
    2.820861E-01     2     5    2.346547E-07   1.066402E-07
    2.820861E-01     2     6    4.308134E-08   6.384287E-09
    2.820861E-01     3     1   -2.910028E-08  -2.725212E-09
    2.820861E-01     3     2    1.240032E-07   3.779617E-08
    2.820861E-01     3     3   -4.593038E-02  -1.054467E-02
    2.820861E-01     3     4    8.403442E-08   5.298033E-08
    2.820861E-01     3     5    3.526288E-08  -1.013230E-08
    2.820861E-01     3     6    3.517359E-08  -1.099489E-08
    2.820861E-01     4     1    2.976567E-09   1.315604E-09
    2.820861E-01     4     2    6.655637E-04  -6.554101E-05
    2.820861E-01     4     3    1.304557E-07  -8.553062E-09
    2.820861E-01     4     4   -9.802126E-05   1.476997E-05
    2.820861E-01     4     5    2.596933E-08  -5.141797E-10
    2.820861E-01     4     6    2.718447E-09  -2.158606E-10
    2.820861E-01     5     1   -5.174336E-04  -7.958651E-05
    2.820861E-01     5     2   -4.684711E-08   4.701956E-09
    2.820861E-01     5     3    2.017809E-08   3.149698E-08
    2.820861E-01     5     4    2.177757E-08   1.674085E-09
    2.820861E-01     5     5   -9.003567E-04   2.364455E-04
    2.820861E-01     5     6    9.924315E-09  -1.245200E-09
    2.820861E-01     6     1    2.726993E-08   9.118610E-09
    2.820861E-01     6     2    3.966760E-08   7.062004E-10
    2.820861E-01     6     3    8.090729E-08  -4.659034E-08
    2.820861E-01     6     4    6.890343E-09   2.542153E-09
    2.820861E-01     6     5    4.060723E-08   2.392452E-08
    2.820861E-01     6     6    9.240176E-05   3.747203E-05
    2.779138E-01     1     1   -5.204371E-05  -8.669588E-05
    2.779138E-01     1     2   -3.743001E-09   1.205631E-09
    2.779138E-01     1     3   -3.284302E-08   1.155708E-08
    2.779138E-01     1     4   -2.443778E-09   1.285528E-09
    2.779138E-01     1     5   -7.926872E-04  -1.087630E-04
    2.779138E-01     1     6   -8.596253E-09   1.337121E-09
    2.779138E-01     2     1    4.302417E-08   3.577720E-08
    2.779138E-01     2     2    6.240238E-04   3.386192E-04
    2.779138E-01     2     3    2.250151E-07   3.820589E-07
    2.779138E-01     2     4    7.217670E-04  -7.785064E-05
    2.779138E-01     2     5    2.408759E-07   1.078462E-07
    2.779138E-01     2     6    4.421375E-08   6.455279E-09
    2.779138E-01     3     1   -2.987064E-08  -2.751893E-09
    2.779138E-01     3     2    1.272218E-07   3.826567E-08
    2.779138E-01     3     3   -4.689049E-02  -1.073500E-02
    2.779138E-01     3     4    8.626139E-08   5.356537E-08
    2.779138E-01     3     5    3.624359E-08  -1.023468E-08
    2.779138E-01     3     6    3.610719E-08  -1.112281E-08
    2.779138E-01     4     1    3.054360E-09   1.330342E-09
    2.779138E-01     4     2    6.812826E-04  -6.432477E-05
    2.779138E-01     4     3    1.338831E-07  -8.641773E-09
    2.779138E-01     4     4   -1.013522E-04   1.430718E-05
    2.779138E-01     4     5    2.665422E-08  -5.196608E-10
    2.779138E-01     4     6    2.788428E-09  -2.182598E-10
    2.779138E-01     5     1   -5.282207E-04  -8.165646E-05
    2.779138E-01     5     2   -4.808464E-08   4.755051E-09
    2.779138E-01     5     3    2.072760E-08   3.185535E-08
    2.779138E-01     5     4    2.235209E-08   1.693829E-09
    2.779138E-01     5     5   -9.232975E-04   2.354161E-04
    2.779138E-01     5     6    1.018639E-08  -1.258896E-09
    2.779138E-01     6     1    2.799398E-08   9.221728E-09
    2.779138E-01     6     2    4.069184E-08   7.139377E-10
    2.779138E-01     6     3    8.304316E-08  -4.710910E-08
    2.779138E-01     6     4    7.069204E-09   2.570143E-09
    2.779138E-01     6     5    4.169076E-08   2.419548E-08
    2.779138E-01     6     6    9.206771E-05   3.776387E-05
    2.738619E-01     1     1   -5.403856E-05  -8.811011E-05
    2.738619E-01     1     2   -3.834624E-09   1.217928E-09
    2.738619E-01     1     3   -3.368876E-08   1.167569E-08
    2.738619E-01     1     4   -2.504176E-09   1.299297E-09
    2.738619E-01     1     5   -8.083995E-04  -1.115912E-04
    2.738619E-01     1     6   -8.812478E-09   1.350176E-09
    2.738619E-01     2     1    4.411066E-08   3.614019E-08
    2.738619E-01     2     2    5.883210E-04   3.362035E-04
    2.738619E-01     2     3    2.307458E-07   3.859229E-07
    2.738619E-01     2     4    7.378176E-04  -7.663898E-05
    2.738619E-01     2     5    2.469255E-07   1.089408E-07
    2.738619E-01     2     6    4.531459E-08   6.519637E-09
    2.738619E-01     3     1   -3.061971E-08  -2.775839E-09
    2.738619E-01     3     2    1.303494E-07   3.869468E-08
    2.738619E-01     3     3   -4.781445E-02  -1.091184E-02
    2.738619E-01     3     4    8.842687E-08   5.409541E-08
    2.738619E-01     3     5    3.719874E-08  -1.032676E-08
    2.738619E-01     3     6    3.701509E-08  -1.123919E-08
    2.738619E-01     4     1    3.129969E-09   1.343709E-09
    2.738619E-01     4     2    6.964851E-04  -6.309736E-05
    2.738619E-01     4     3    1.372150E-07  -8.721739E-09
    2.738619E-01     4     4   -1.045824E-04   1.384720E-05
    2.738619E-01     4     5    2.732009E-08  -5.246137E-10
    2.738619E-01     4     6    2.856407E-09  -2.204350E-10
    2.738619E-01     5     1   -5.386043E-04  -8.360799E-05
    2.738619E-01     5     2   -4.928785E-08   4.803240E-09
    2.738619E-01     5     3    2.126242E-08   3.218076E-08
    2.738619E-01     5     4    2.291066E-08   1.711805E-09
    2.738619E-01     5     5   -9.454769E-04   2.342470E-04
    2.738619E-01     5     6    1.044121E-08  -1.271302E-09
    2.738619E-01     6     1    2.869808E-08   9.315330E-09
    2.738619E-01     6     2    4.168691E-08   7.209352E-10
    2.738619E-01     6     3    8.511979E-08  -4.757941E-08
    2.738619E-01     6     4    7.243001E-09   2.595498E-09
    2.738619E-01     6     5    4.274464E-08   2.444145E-08
    2.738619E-01     6     6    9.169714E-05   3.802210E-05
    2.699276E-01     1     1   -5.595079E-05  -8.940875E-05
    2.699276E-01     1     2   -3.923315E-09   1.228986E-09
    2.699276E-01     1     3   -3.450874E-08   1.178216E-08
    2.699276E-01     1     4   -2.562652E-09   1.311703E-09
    2.699276E-01     1     5   -8.234626E-04  -1.142495E-04
    2.699276E-01     1     6   -9.021954E-09   1.361844E-09
    2.699276E-01     2     1    4.516339E-08   3.646559E-08
    2.699276E-01     2     2    5.529603E-04   3.336578E-04
    2.699276E-01     2     3    2.363002E-07   3.893860E-07
    2.699276E-01     2     4    7.532752E-04  -7.540972E-05
    2.699276E-01     2     5    2.527858E-07   1.099222E-07
    2.699276E-01     2     6    4.638067E-08   6.577252E-09
    2.699276E-01     3     1   -3.134531E-08  -2.797009E-09
    2.699276E-01     3     2    1.333768E-07   3.908246E-08
    2.699276E-01     3     3   -4.869965E-02  -1.107492E-02
    2.699276E-01     3     4    9.052459E-08   5.456954E-08
    2.699276E-01     3     5    3.812554E-08  -1.040841E-08
    2.699276E-01     3     6    3.789464E-08  -1.134383E-08
    2.699276E-01     4     1    3.203174E-09   1.355682E-09
    2.699276E-01     4     2    7.111285E-04  -6.186070E-05
    2.699276E-01     4     3    1.404416E-07  -8.792826E-09
    2.699276E-01     4     4   -1.077034E-04   1.339075E-05
    2.699276E-01     4     5    2.796501E-08  -5.290299E-10
    2.699276E-01     4     6    2.922188E-09  -2.223825E-10
    2.699276E-01     5     1   -5.485556E-04  -8.543813E-05
    2.699276E-01     5     2   -5.045328E-08   4.846442E-09
    2.699276E-01     5     3    2.178101E-08   3.247266E-08
    2.699276E-01     5     4    2.345166E-08   1.727982E-09
    2.699276E-01     5     5   -9.668341E-04   2.329398E-04
    2.699276E-01     5     6    1.068802E-08  -1.282395E-09
    2.699276E-01     6     1    2.938020E-08   9.399254E-09
    2.699276E-01     6     2    4.264996E-08   7.271810E-10
    2.699276E-01     6     3    8.713118E-08  -4.800046E-08
    2.699276E-01     6     4    7.411232E-09   2.618175E-09
    2.699276E-01     6     5    4.376580E-08   2.466201E-08
    2.699276E-01     6     6    9.129002E-05   3.824633E-05
    2.661036E-01     1     1   -5.777892E-05  -9.059123E-05
    2.661036E-01     1     2   -4.008916E-09   1.238800E-09
    2.661036E-01     1     3   -3.530152E-08   1.187641E-08
    2.661036E-01     1     4   -2.619104E-09   1.322738E-09
    2.661036E-01     1     5   -8.378511E-04  -1.167369E-04
    2.661036E-01     1     6   -9.224309E-09   1.372117E-09
    2.661036E-01     2     1    4.618048E-08   3.675323E-08
    2.661036E-01     2     2    5.179745E-04   3.309835E-04
    2.661036E-01     2     3    2.416683E-07   3.924461E-07
    2.661036E-01     2     4    7.681138E-04  -7.416323E-05
    2.661036E-01     2     5    2.584466E-07   1.107897E-07
    2.661036E-01     2     6    4.741011E-08   6.628091E-09
    2.661036E-01     3     1   -3.204617E-08  -2.815393E-09
    2.661036E-01     3     2    1.362987E-07   3.942877E-08
    2.661036E-01     3     3   -4.954459E-02  -1.122422E-02
    2.661036E-01     3     4    9.255084E-08   5.498749E-08
    2.661036E-01     3     5    3.902236E-08  -1.047957E-08
    2.661036E-01     3     6    3.874430E-08  -1.143665E-08
    2.661036E-01     4     1    3.273848E-09   1.366254E-09
    2.661036E-01     4     2    7.251882E-04  -6.061515E-05
    2.661036E-01     4     3    1.435572E-07  -8.854995E-09
    2.661036E-01     4     4   -1.107105E-04   1.293796E-05
    2.661036E-01     4     5    2.858785E-08  -5.329070E-10
    2.661036E-01     4     6    2.985655E-09  -2.241010E-10
    2.661036E-01     5     1   -5.580578E-04  -8.714624E-05
    2.661036E-01     5     2   -5.157887E-08   4.884632E-09
    2.661036E-01     5     3    2.228244E-08   3.273086E-08
    2.661036E-01     5     4    2.397414E-08   1.742351E-09
    2.661036E-01     5     5   -9.873342E-04   2.314944E-04
    2.661036E-01     5     6    1.092638E-08  -1.292170E-09
    2.661036E-01     6     1    3.003913E-08   9.473453E-09
    2.661036E-01     6     2    4.357926E-08   7.326712E-10
    2.661036E-01     6     3    8.907376E-08  -4.837201E-08
    2.661036E-01     6     4    7.573600E-09   2.638161E-09
    2.661036E-01     6     5    4.475245E-08   2.485703E-08
    2.661036E-01     6     6    9.084587E-05   3.843649E-05
    2.623876E-01     1     1   -5.951924E-05  -9.165558E-05
    2.623876E-01     1     2   -4.091168E-09   1.247352E-09
    2.623876E-01     1     3   -3.606468E-08   1.195828E-08
    2.623876E-01     1     4   -2.673359E-09   1.332381E-09
    2.623876E-01     1     5   -8.515221E-04  -1.190496E-04
    2.623876E-01     1     6   -9.418925E-09   1.380977E-09
    2.623876E-01     2     1    4.715882E-08   3.700257E-08
    2.623876E-01     2     2    4.834387E-04   3.281847E-04
    2.623876E-01     2     3    2.468337E-07   3.950977E-07
    2.623876E-01     2     4    7.822891E-04  -7.290133E-05
    2.623876E-01     2     5    2.638905E-07   1.115418E-07
    2.623876E-01     2     6    4.839977E-08   6.672060E-09
    2.623876E-01     3     1   -3.272014E-08  -2.830959E-09
    2.623876E-01     3     2    1.391064E-07   3.973295E-08
    2.623876E-01     3     3   -5.034671E-02  -1.135951E-02
    2.623876E-01     3     4    9.449943E-08   5.534850E-08
    2.623876E-01     3     5    3.988646E-08  -1.054012E-08
    2.623876E-01     3     6    3.956147E-08  -1.151750E-08
    2.623876E-01     4     1    3.341774E-09   1.375406E-09
    2.623876E-01     4     2    7.386223E-04  -5.936252E-05
    2.623876E-01     4     3    1.465524E-07  -8.908132E-09
    2.623876E-01     4     4   -1.135953E-04   1.248947E-05
    2.623876E-01     4     5    2.918670E-08  -5.362378E-10
    2.623876E-01     4     6    3.046613E-09  -2.255874E-10
    2.623876E-01     5     1   -5.670826E-04  -8.872966E-05
    2.623876E-01     5     2   -5.266117E-08   4.917740E-09
    2.623876E-01     5     3    2.276519E-08   3.295491E-08
    2.623876E-01     5     4    2.447650E-08   1.754885E-09
    2.623876E-01     5     5   -1.006917E-03   2.299123E-04
    2.623876E-01     5     6    1.115558E-08  -1.300609E-09
    2.623876E-01     6     1    3.067286E-08   9.537790E-09
    2.623876E-01     6     2    4.447200E-08   7.373955E-10
    2.623876E-01     6     3    9.094161E-08  -4.869337E-08
    2.623876E-01     6     4    7.729610E-09   2.655420E-09
    2.623876E-01     6     5    4.570157E-08   2.502615E-08
    2.623876E-01     6     6    9.036469E-05   3.859224E-05
    2.587728E-01     1     1   -6.117016E-05  -9.260124E-05
    2.587728E-01     1     2   -4.169912E-09   1.254636E-09
    2.587728E-01     1     3   -3.679672E-08   1.202771E-08
    2.587728E-01     1     4   -2.725313E-09   1.340627E-09
    2.587728E-01     1     5   -8.644497E-04  -1.211868E-04
    2.587728E-01     1     6   -9.605423E-09   1.388416E-09
    2.587728E-01     2     1    4.809651E-08   3.721343E-08
    2.587728E-01     2     2    4.493863E-04   3.252624E-04
    2.587728E-01     2     3    2.517863E-07   3.973386E-07
    2.587728E-01     2     4    7.957744E-04  -7.162425E-05
    2.587728E-01     2     5    2.691070E-07   1.121780E-07
    2.587728E-01     2     6    4.934772E-08   6.709126E-09
    2.587728E-01     3     1   -3.336591E-08  -2.843693E-09
    2.587728E-01     3     2    1.417941E-07   3.999479E-08
    2.587728E-01     3     3   -5.110445E-02  -1.148075E-02
    2.587728E-01     3     4    9.636656E-08   5.565228E-08
    2.587728E-01     3     5    4.071613E-08  -1.059002E-08
    2.587728E-01     3     6    4.034456E-08  -1.158630E-08
    2.587728E-01     4     1    3.406820E-09   1.383130E-09
    2.587728E-01     4     2    7.514056E-04  -5.810305E-05
    2.587728E-01     4     3    1.494213E-07  -8.952197E-09
    2.587728E-01     4     4   -1.163529E-04   1.204539E-05
    2.587728E-01     4     5    2.976040E-08  -5.390197E-10
    2.587728E-01     4     6    3.104945E-09  -2.268406E-10
    2.587728E-01     5     1   -5.756127E-04  -9.018782E-05
    2.587728E-01     5     2   -5.369807E-08   4.945740E-09
    2.587728E-01     5     3    2.322831E-08   3.314462E-08
    2.587728E-01     5     4    2.495777E-08   1.765575E-09
    2.587728E-01     5     5   -1.025548E-03   2.281934E-04
    2.587728E-01     5     6    1.137517E-08  -1.307705E-09
    2.587728E-01     6     1    3.128015E-08   9.592215E-09
    2.587728E-01     6     2    4.532642E-08   7.413500E-10
    2.587728E-01     6     3    9.273108E-08  -4.896430E-08
    2.587728E-01     6     4    7.878957E-09   2.669938E-09
    2.587728E-01     6     5    4.661130E-08   2.516925E-08
    2.587728E-01     6     6    8.984597E-05   3.871350E-05
    2.552574E-01     1     1   -6.272807E-05  -9.342651E-05
    2.552574E-01     1     2   -4.244892E-09   1.260638E-09
    2.552574E-01     1     3   -3.749526E-08   1.208455E-08
    2.552574E-01     1     4   -2.774794E-09   1.347456E-09
    2.552574E-01     1     5   -8.765918E-04  -1.231450E-04
    2.552574E-01     1     6   -9.783195E-09   1.394420E-09
    2.552574E-01     2     1    4.899050E-08   3.738535E-08
    2.552574E-01     2     2    4.158916E-04   3.222208E-04
    2.552574E-01     2     3    2.565100E-07   3.991642E-07
    2.552574E-01     2     4    8.085261E-04  -7.033372E-05
    2.552574E-01     2     5    2.740790E-07   1.126967E-07
    2.552574E-01     2     6    5.025086E-08   6.739210E-09
    2.552574E-01     3     1   -3.398137E-08  -2.853569E-09
    2.552574E-01     3     2    1.443532E-07   4.021373E-08
    2.552574E-01     3     3   -5.181531E-02  -1.158776E-02
    2.552574E-01     3     4    9.814615E-08   5.589820E-08
    2.552574E-01     3     5    4.150869E-08  -1.062914E-08
    2.552574E-01     3     6    4.109100E-08  -1.164292E-08
    2.552574E-01     4     1    3.468774E-09   1.389411E-09
    2.552574E-01     4     2    7.634968E-04  -5.683845E-05
    2.552574E-01     4     3    1.521545E-07  -8.987094E-09
    2.552574E-01     4     4   -1.189751E-04   1.160632E-05
    2.552574E-01     4     5    3.030708E-08  -5.412466E-10
    2.552574E-01     4     6    3.160460E-09  -2.278578E-10
    2.552574E-01     5     1   -5.836203E-04  -9.151838E-05
    2.552574E-01     5     2   -5.468620E-08   4.968572E-09
    2.552574E-01     5     3    2.367029E-08   3.329959E-08
    2.552574E-01     5     4    2.541636E-08   1.774397E-09
    2.552574E-01     5     5   -1.043167E-03   2.263393E-04
    2.552574E-01     5     6    1.158442E-08  -1.313444E-09
    2.552574E-01     6     1    3.185902E-08   9.636613E-09
    2.552574E-01     6     2    4.613974E-08   7.445261E-10
    2.552574E-01     6     3    9.443635E-08  -4.918423E-08
    2.552574E-01     6     4    8.021154E-09   2.681686E-09
    2.552574E-01     6     5    4.747869E-08   2.528602E-08
    2.552574E-01     6     6    8.928975E-05   3.880001E-05
    2.518351E-01     1     1   -6.419127E-05  -9.413083E-05
    2.518351E-01     1     2   -4.315944E-09   1.265352E-09
    2.518351E-01     1     3   -3.815878E-08   1.212873E-08
    2.518351E-01     1     4   -2.821696E-09   1.352862E-09
    2.518351E-01     1     5   -8.879215E-04  -1.249234E-04
    2.518351E-01     1     6   -9.951849E-09   1.398981E-09
    2.518351E-01     2     1    4.983881E-08   3.751814E-08
    2.518351E-01     2     2    3.829886E-04   3.190601E-04
    2.518351E-01     2     3    2.609945E-07   4.005723E-07
    2.518351E-01     2     4    8.205167E-04  -6.902985E-05
    2.518351E-01     2     5    2.787956E-07   1.130976E-07
    2.518351E-01     2     6    5.110720E-08   6.762276E-09
    2.518351E-01     3     1   -3.456517E-08  -2.860574E-09
    2.518351E-01     3     2    1.467781E-07   4.038953E-08
    2.518351E-01     3     3   -5.247767E-02  -1.168049E-02
    2.518351E-01     3     4    9.983428E-08   5.608596E-08
    2.518351E-01     3     5    4.226241E-08  -1.065745E-08
    2.518351E-01     3     6    4.179917E-08  -1.168729E-08
    2.518351E-01     4     1    3.527499E-09   1.394241E-09
    2.518351E-01     4     2    7.748697E-04  -5.556884E-05
    2.518351E-01     4     3    1.547460E-07  -9.012780E-09
    2.518351E-01     4     4   -1.214569E-04   1.117232E-05
    2.518351E-01     4     5    3.082552E-08  -5.429157E-10
    2.518351E-01     4     6    3.213035E-09  -2.286379E-10
    2.518351E-01     5     1   -5.910875E-04  -9.272076E-05
    2.518351E-01     5     2   -5.562339E-08   4.986211E-09
    2.518351E-01     5     3    2.409017E-08   3.341964E-08
    2.518351E-01     5     4    2.585129E-08   1.781343E-09
    2.518351E-01     5     5   -1.059737E-03   2.243494E-04
    2.518351E-01     5     6    1.178288E-08  -1.317818E-09
    2.518351E-01     6     1    3.240820E-08   9.670932E-09
    2.518351E-01     6     2    4.691017E-08   7.469196E-10
    2.518351E-01     6     3    9.605365E-08  -4.935289E-08
    2.518351E-01     6     4    8.155888E-09   2.690648E-09
    2.518351E-01     6     5    4.830182E-08   2.537631E-08
    2.518351E-01     6     6    8.869547E-05   3.885164E-05
    2.485044E-01     1     1   -6.555628E-05  -9.471274E-05
    2.485044E-01     1     2   -4.382817E-09   1.268765E-09
    2.485044E-01     1     3   -3.878492E-08   1.216013E-08
    2.485044E-01     1     4   -2.865851E-09   1.356831E-09
    2.485044E-01     1     5   -8.983977E-04  -1.265192E-04
    2.485044E-01     1     6   -1.011079E-08   1.402086E-09
    2.485044E-01     2     1    5.063845E-08   3.761142E-08
    2.485044E-01     2     2    3.507511E-04   3.157846E-04
    2.485044E-01     2     3    2.652238E-07   4.015589E-07
    2.485044E-01     2     4    8.317035E-04  -6.771427E-05
    2.485044E-01     2     5    2.832401E-07   1.133793E-07
    2.485044E-01     2     6    5.191371E-08   6.778260E-09
    2.485044E-01     3     1   -3.511525E-08  -2.864686E-09
    2.485044E-01     3     2    1.490602E-07   4.052173E-08
    2.485044E-01     3     3   -5.308908E-02  -1.175879E-02
    2.485044E-01     3     4    1.014250E-07   5.621504E-08
    2.485044E-01     3     5    4.297463E-08  -1.067486E-08
    2.485044E-01     3     6    4.246655E-08  -1.171929E-08
    2.485044E-01     4     1    3.582788E-09   1.397606E-09
    2.485044E-01     4     2    7.854843E-04  -5.429583E-05
    2.485044E-01     4     3    1.571867E-07  -9.029177E-09
    2.485044E-01     4     4   -1.237903E-04   1.074395E-05
    2.485044E-01     4     5    3.131391E-08  -5.440223E-10
    2.485044E-01     4     6    3.262484E-09  -2.291787E-10
    2.485044E-01     5     1   -5.979872E-04  -9.379295E-05
    2.485044E-01     5     2   -5.650632E-08   4.998608E-09
    2.485044E-01     5     3    2.448647E-08   3.350444E-08
    2.485044E-01     5     4    2.626100E-08   1.786393E-09
    2.485044E-01     5     5   -1.075202E-03   2.222255E-04
    2.485044E-01     5     6    1.196985E-08  -1.320816E-09
    2.485044E-01     6     1    3.292575E-08   9.695077E-09
    2.485044E-01     6     2    4.763496E-08   7.485235E-10
    2.485044E-01     6     3    9.757727E-08  -4.946980E-08
    2.485044E-01     6     4    8.282681E-09   2.696799E-09
    2.485044E-01     6     5    4.907778E-08   2.543989E-08
    2.485044E-01     6     6    8.806323E-05   3.886820E-05
    2.452597E-01     1     1   -6.682127E-05  -9.517165E-05
    2.452597E-01     1     2   -4.445341E-09   1.270871E-09
    2.452597E-01     1     3   -3.937212E-08   1.217868E-08
    2.452597E-01     1     4   -2.907147E-09   1.359354E-09
    2.452597E-01     1     5   -9.079924E-04  -1.279313E-04
    2.452597E-01     1     6   -1.025961E-08   1.403727E-09
    2.452597E-01     2     1    5.138739E-08   3.766498E-08
    2.452597E-01     2     2    3.192138E-04   3.123941E-04
    2.452597E-01     2     3    2.691872E-07   4.021219E-07
    2.452597E-01     2     4    8.420581E-04  -6.638701E-05
    2.452597E-01     2     5    2.874013E-07   1.135414E-07
    2.452597E-01     2     6    5.266835E-08   6.787124E-09
    2.452597E-01     3     1   -3.563020E-08  -2.865890E-09
    2.452597E-01     3     2    1.511935E-07   4.061008E-08
    2.452597E-01     3     3   -5.364787E-02  -1.182261E-02
    2.452597E-01     3     4    1.029142E-07   5.628510E-08
    2.452597E-01     3     5    4.364357E-08  -1.068131E-08
    2.452597E-01     3     6    4.309147E-08  -1.173885E-08
    2.452597E-01     4     1    3.634499E-09   1.399498E-09
    2.452597E-01     4     2    7.953133E-04  -5.301946E-05
    2.452597E-01     4     3    1.594703E-07  -9.036237E-09
    2.452597E-01     4     4   -1.259699E-04   1.032126E-05
    2.452597E-01     4     5    3.177100E-08  -5.445631E-10
    2.452597E-01     4     6    3.308679E-09  -2.294788E-10
    2.452597E-01     5     1   -6.043008E-04  -9.473433E-05
    2.452597E-01     5     2   -5.733274E-08   5.005732E-09
    2.452597E-01     5     3    2.485819E-08   3.355379E-08
    2.452597E-01     5     4    2.664446E-08   1.789536E-09
    2.452597E-01     5     5   -1.089521E-03   2.199668E-04
    2.452597E-01     5     6    1.214486E-08  -1.322430E-09
    2.452597E-01     6     1    3.341036E-08   9.708992E-09
    2.452597E-01     6     2    4.831227E-08   7.493335E-10
    2.452597E-01     6     3    9.900335E-08  -4.953470E-08
    2.452597E-01     6     4    8.401210E-09   2.700125E-09
    2.452597E-01     6     5    4.980461E-08   2.547660E-08
    2.452597E-01     6     6    8.739241E-05   3.884954E-05
    2.420995E-01     1     1   -6.798288E-05  -9.550637E-05
    2.420995E-01     1     2   -4.503272E-09   1.271659E-09
    2.420995E-01     1     3   -3.991809E-08   1.218430E-08
    2.420995E-01     1     4   -2.945423E-09   1.360419E-09
    2.420995E-01     1     5   -9.166656E-04  -1.291574E-04
    2.420995E-01     1     6   -1.039773E-08   1.403894E-09
    2.420995E-01     2     1    5.208270E-08   3.767853E-08
    2.420995E-01     2     2    2.884496E-04   3.088928E-04
    2.420995E-01     2     3    2.728694E-07   4.022580E-07
    2.420995E-01     2     4    8.515389E-04  -6.504960E-05
    2.420995E-01     2     5    2.912627E-07   1.135828E-07
    2.420995E-01     2     6    5.336814E-08   6.788816E-09
    2.420995E-01     3     1   -3.610800E-08  -2.864170E-09
    2.420995E-01     3     2    1.531698E-07   4.065420E-08
    2.420995E-01     3     3   -5.415166E-02  -1.187181E-02
    2.420995E-01     3     4    1.042962E-07   5.629575E-08
    2.420995E-01     3     5    4.426662E-08  -1.067674E-08
    2.420995E-01     3     6    4.367145E-08  -1.174587E-08
    2.420995E-01     4     1    3.682430E-09   1.399908E-09
    2.420995E-01     4     2    8.043175E-04  -5.174124E-05
    2.420995E-01     4     3    1.615879E-07  -9.033901E-09
    2.420995E-01     4     4   -1.279880E-04   9.904772E-06
    2.420995E-01     4     5    3.219499E-08  -5.445344E-10
    2.420995E-01     4     6    3.351440E-09  -2.295365E-10
    2.420995E-01     5     1   -6.100020E-04  -9.554319E-05
    2.420995E-01     5     2   -5.809942E-08   5.007547E-09
    2.420995E-01     5     3    2.520388E-08   3.356744E-08
    2.420995E-01     5     4    2.700015E-08   1.790758E-09
    2.420995E-01     5     5   -1.102641E-03   2.175753E-04
    2.420995E-01     5     6    1.230720E-08  -1.322651E-09
    2.420995E-01     6     1    3.386012E-08   9.712601E-09
    2.420995E-01     6     2    4.893942E-08   7.493438E-10
    2.420995E-01     6     3    1.003263E-07  -4.954721E-08
    2.420995E-01     6     4    8.511007E-09   2.700606E-09
    2.420995E-01     6     5    5.047946E-08   2.548625E-08
    2.420995E-01     6     6    8.668316E-05   3.879554E-05
    2.390189E-01     1     1   -6.903916E-05  -9.571623E-05
    2.390189E-01     1     2   -4.556435E-09   1.271124E-09
    2.390189E-01     1     3   -4.042119E-08   1.217689E-08
    2.390189E-01     1     4   -2.980562E-09   1.360018E-09
    2.390189E-01     1     5   -9.243883E-04  -1.301965E-04
    2.390189E-01     1     6   -1.052474E-08   1.402579E-09
    2.390189E-01     2     1    5.272228E-08   3.765183E-08
    2.390189E-01     2     2    2.584942E-04   3.052803E-04
    2.390189E-01     2     3    2.762592E-07   4.019648E-07
    2.390189E-01     2     4    8.601161E-04  -6.370199E-05
    2.390189E-01     2     5    2.948129E-07   1.135030E-07
    2.390189E-01     2     6    5.401098E-08   6.783295E-09
    2.390189E-01     3     1   -3.654723E-08  -2.859509E-09
    2.390189E-01     3     2    1.549830E-07   4.065384E-08
    2.390189E-01     3     3   -5.459871E-02  -1.190633E-02
    2.390189E-01     3     4    1.055667E-07   5.624663E-08
    2.390189E-01     3     5    4.484197E-08  -1.066107E-08
    2.390189E-01     3     6    4.420477E-08  -1.174029E-08
    2.390189E-01     4     1    3.726435E-09   1.398826E-09
    2.390189E-01     4     2    8.124688E-04  -5.046115E-05
    2.390189E-01     4     3    1.635331E-07  -9.022115E-09
    2.390189E-01     4     4   -1.298391E-04   9.494494E-06
    2.390189E-01     4     5    3.258460E-08  -5.439329E-10
    2.390189E-01     4     6    3.390634E-09  -2.293504E-10
    2.390189E-01     5     1   -6.150713E-04  -9.621889E-05
    2.390189E-01     5     2   -5.880405E-08   5.004020E-09
    2.390189E-01     5     3    2.552252E-08   3.354516E-08
    2.390189E-01     5     4    2.732702E-08   1.790048E-09
    2.390189E-01     5     5   -1.114520E-03   2.150499E-04
    2.390189E-01     5     6    1.245641E-08  -1.321470E-09
    2.390189E-01     6     1    3.427369E-08   9.705844E-09
    2.390189E-01     6     2    4.951451E-08   7.485497E-10
    2.390189E-01     6     3    1.015421E-07  -4.950701E-08
    2.390189E-01     6     4    8.611739E-09   2.698224E-09
    2.390189E-01     6     5    5.110031E-08   2.546867E-08
    2.390189E-01     6     6    8.593481E-05   3.870601E-05
    2.360165E-01     1     1   -6.998686E-05  -9.580028E-05
    2.360165E-01     1     2   -4.604590E-09   1.269256E-09
    2.360165E-01     1     3   -4.087919E-08   1.215639E-08
    2.360165E-01     1     4   -3.012405E-09   1.358143E-09
    2.360165E-01     1     5   -9.311216E-04  -1.310464E-04
    2.360165E-01     1     6   -1.064006E-08   1.399775E-09
    2.360165E-01     2     1    5.330328E-08   3.758466E-08
    2.360165E-01     2     2    2.294195E-04   3.015605E-04
    2.360165E-01     2     3    2.793414E-07   4.012400E-07
    2.360165E-01     2     4    8.677495E-04  -6.234566E-05
    2.360165E-01     2     5    2.980358E-07   1.133011E-07
    2.360165E-01     2     6    5.459395E-08   6.770521E-09
    2.360165E-01     3     1   -3.694589E-08  -2.851896E-09
    2.360165E-01     3     2    1.566248E-07   4.060869E-08
    2.360165E-01     3     3   -5.498669E-02  -1.192608E-02
    2.360165E-01     3     4    1.067200E-07   5.613743E-08
    2.360165E-01     3     5    4.536705E-08  -1.063427E-08
    2.360165E-01     3     6    4.468901E-08  -1.172202E-08
    2.360165E-01     4     1    3.766315E-09   1.396244E-09
    2.360165E-01     4     2    8.197289E-04  -4.918061E-05
    2.360165E-01     4     3    1.652970E-07  -9.000835E-09
    2.360165E-01     4     4   -1.315156E-04   9.090923E-06
    2.360165E-01     4     5    3.293809E-08  -5.427558E-10
    2.360165E-01     4     6    3.426084E-09  -2.289192E-10
    2.360165E-01     5     1   -6.194831E-04  -9.675997E-05
    2.360165E-01     5     2   -5.944344E-08   4.995123E-09
    2.360165E-01     5     3    2.581268E-08   3.348677E-08
    2.360165E-01     5     4    2.762359E-08   1.787393E-09
    2.360165E-01     5     5   -1.125104E-03   2.123927E-04
    2.360165E-01     5     6    1.259180E-08  -1.318881E-09
    2.360165E-01     6     1    3.464919E-08   9.688664E-09
    2.360165E-01     6     2    5.003491E-08   7.469471E-10
    2.360165E-01     6     3    1.026452E-07  -4.941383E-08
    2.360165E-01     6     4    8.702949E-09   2.692966E-09
    2.360165E-01     6     5    5.166437E-08   2.542372E-08
    2.360165E-01     6     6    8.514757E-05   3.858087E-05
    2.330878E-01     1     1   -7.082393E-05  -9.575780E-05
    2.330878E-01     1     2   -4.647556E-09   1.266049E-09
    2.330878E-01     1     3   -4.129042E-08   1.212272E-08
    2.330878E-01     1     4   -3.040833E-09   1.354783E-09
    2.330878E-01     1     5   -9.368352E-04  -1.317063E-04
    2.330878E-01     1     6   -1.074326E-08   1.395470E-09
    2.330878E-01     2     1    5.382352E-08   3.747676E-08
    2.330878E-01     2     2    2.012622E-04   2.977329E-04
    2.330878E-01     2     3    2.821047E-07   4.000808E-07
    2.330878E-01     2     4    8.744081E-04  -6.098045E-05
    2.330878E-01     2     5    3.009195E-07   1.129765E-07
    2.330878E-01     2     6    5.511487E-08   6.750450E-09
    2.330878E-01     3     1   -3.730251E-08  -2.841312E-09
    2.330878E-01     3     2    1.580892E-07   4.051847E-08
    2.330878E-01     3     3   -5.531380E-02  -1.193098E-02
    2.330878E-01     3     4    1.077519E-07   5.596776E-08
    2.330878E-01     3     5    4.583999E-08  -1.059627E-08
    2.330878E-01     3     6    4.512239E-08  -1.169100E-08
    2.330878E-01     4     1    3.801921E-09   1.392152E-09
    2.330878E-01     4     2    8.260688E-04  -4.789953E-05
    2.330878E-01     4     3    1.668731E-07  -8.970003E-09
    2.330878E-01     4     4   -1.330119E-04   8.694054E-06
    2.330878E-01     4     5    3.325412E-08  -5.409993E-10
    2.330878E-01     4     6    3.457655E-09  -2.282413E-10
    2.330878E-01     5     1   -6.232174E-04  -9.716575E-05
    2.330878E-01     5     2   -6.001522E-08   4.980821E-09
    2.330878E-01     5     3    2.607330E-08   3.339202E-08
    2.330878E-01     5     4    2.788874E-08   1.782782E-09
    2.330878E-01     5     5   -1.134351E-03   2.096024E-04
    2.330878E-01     5     6    1.271288E-08  -1.314874E-09
    2.330878E-01     6     1    3.498524E-08   9.660994E-09
    2.330878E-01     6     2    5.049865E-08   7.445306E-10
    2.330878E-01     6     3    1.036317E-07  -4.926733E-08
    2.330878E-01     6     4    8.784293E-09   2.684812E-09
    2.330878E-01     6     5    5.216955E-08   2.535122E-08
    2.330878E-01     6     6    8.432071E-05   3.841994E-05
    2.302309E-01     1     1   -7.154744E-05  -9.558800E-05
    2.302309E-01     1     2   -4.685110E-09   1.261496E-09
    2.302309E-01     1     3   -4.165277E-08   1.207581E-08
    2.302309E-01     1     4   -3.065698E-09   1.349931E-09
    2.302309E-01     1     5   -9.414928E-04  -1.321744E-04
    2.302309E-01     1     6   -1.083381E-08   1.389660E-09
    2.302309E-01     2     1    5.428035E-08   3.732794E-08
    2.302309E-01     2     2    1.740851E-04   2.938001E-04
    2.302309E-01     2     3    2.845349E-07   3.984850E-07
    2.302309E-01     2     4    8.800543E-04  -5.960739E-05
    2.302309E-01     2     5    3.034489E-07   1.125286E-07
    2.302309E-01     2     6    5.557104E-08   6.723046E-09
    2.302309E-01     3     1   -3.761524E-08  -2.827747E-09
    2.302309E-01     3     2    1.593683E-07   4.038292E-08
    2.302309E-01     3     3   -5.557787E-02  -1.192096E-02
    2.302309E-01     3     4    1.086570E-07   5.573735E-08
    2.302309E-01     3     5    4.625840E-08  -1.054702E-08
    2.302309E-01     3     6    4.550266E-08  -1.164714E-08
    2.302309E-01     4     1    3.833066E-09   1.386544E-09
    2.302309E-01     4     2    8.314526E-04  -4.661890E-05
    2.302309E-01     4     3    1.682532E-07  -8.929578E-09
    2.302309E-01     4     4   -1.343209E-04   8.304233E-06
    2.302309E-01     4     5    3.353107E-08  -5.386608E-10
    2.302309E-01     4     6    3.485180E-09  -2.273155E-10
    2.302309E-01     5     1   -6.262500E-04  -9.743510E-05
    2.302309E-01     5     2   -6.051643E-08   4.961087E-09
    2.302309E-01     5     3    2.630307E-08   3.326074E-08
    2.302309E-01     5     4    2.812111E-08   1.776204E-09
    2.302309E-01     5     5   -1.142212E-03   2.066803E-04
    2.302309E-01     5     6    1.281900E-08  -1.309443E-09
    2.302309E-01     6     1    3.528011E-08   9.622782E-09
    2.302309E-01     6     2    5.090330E-08   7.412965E-10
    2.302309E-01     6     3    1.044963E-07  -4.906726E-08
    2.302309E-01     6     4    8.855343E-09   2.673750E-09
    2.302309E-01     6     5    5.261324E-08   2.525103E-08
    2.302309E-01     6     6    8.345422E-05   3.822310E-05
    2.274440E-01     1     1   -7.215459E-05  -9.529028E-05
    2.274440E-01     1     2   -4.717034E-09   1.255591E-09
    2.274440E-01     1     3   -4.196422E-08   1.201561E-08
    2.274440E-01     1     4   -3.086856E-09   1.343580E-09
    2.274440E-01     1     5   -9.450592E-04  -1.324494E-04
    2.274440E-01     1     6   -1.091120E-08   1.382338E-09
    2.274440E-01     2     1    5.467114E-08   3.713805E-08
    2.274440E-01     2     2    1.479501E-04   2.897648E-04
    2.274440E-01     2     3    2.866183E-07   3.964513E-07
    2.274440E-01     2     4    8.846515E-04  -5.822749E-05
    2.274440E-01     2     5    3.056098E-07   1.119569E-07
    2.274440E-01     2     6    5.595983E-08   6.688285E-09
    2.274440E-01     3     1   -3.788229E-08  -2.811194E-09
    2.274440E-01     3     2    1.604548E-07   4.020186E-08
    2.274440E-01     3     3   -5.577680E-02  -1.189595E-02
    2.274440E-01     3     4    1.094301E-07   5.544600E-08
    2.274440E-01     3     5    4.661999E-08  -1.048649E-08
    2.274440E-01     3     6    4.582766E-08  -1.159041E-08
    2.274440E-01     4     1    3.859571E-09   1.379414E-09
    2.274440E-01     4     2    8.358458E-04  -4.533969E-05
    2.274440E-01     4     3    1.694294E-07  -8.879533E-09
    2.274440E-01     4     4   -1.354357E-04   7.921788E-06
    2.274440E-01     4     5    3.376733E-08  -5.357386E-10
    2.274440E-01     4     6    3.508497E-09  -2.261410E-10
    2.274440E-01     5     1   -6.285577E-04  -9.756708E-05
    2.274440E-01     5     2   -6.094418E-08   4.935904E-09
    2.274440E-01     5     3    2.650070E-08   3.309281E-08
    2.274440E-01     5     4    2.831936E-08   1.767652E-09
    2.274440E-01     5     5   -1.148636E-03   2.036276E-04
    2.274440E-01     5     6    1.290957E-08  -1.302583E-09
    2.274440E-01     6     1    3.553210E-08   9.573993E-09
    2.274440E-01     6     2    5.124648E-08   7.372421E-10
    2.274440E-01     6     3    1.052341E-07  -4.881344E-08
    2.274440E-01     6     4    8.915687E-09   2.659770E-09
    2.274440E-01     6     5    5.299294E-08   2.512306E-08
    2.274440E-01     6     6    8.254813E-05   3.799034E-05
    2.247229E-01     1     1   -7.264314E-05  -9.486379E-05
    2.247229E-01     1     2   -4.743139E-09   1.248327E-09
    2.247229E-01     1     3   -4.222302E-08   1.194203E-08
    2.247229E-01     1     4   -3.104181E-09   1.335721E-09
    2.247229E-01     1     5   -9.475022E-04  -1.325301E-04
    2.247229E-01     1     6   -1.097497E-08   1.373495E-09
    2.247229E-01     2     1    5.499364E-08   3.690680E-08
    2.247229E-01     2     2    1.228954E-04   2.856261E-04
    2.247229E-01     2     3    2.883430E-07   3.939764E-07
    2.247229E-01     2     4    8.881671E-04  -5.684048E-05
    2.247229E-01     2     5    3.073893E-07   1.112605E-07
    2.247229E-01     2     6    5.627894E-08   6.646113E-09
    2.247229E-01     3     1   -3.810209E-08  -2.791630E-09
    2.247229E-01     3     2    1.613421E-07   3.997494E-08
    2.247229E-01     3     3   -5.590866E-02  -1.185586E-02
    2.247229E-01     3     4    1.100667E-07   5.509327E-08
    2.247229E-01     3     5    4.692277E-08  -1.041461E-08
    2.247229E-01     3     6    4.609548E-08  -1.152071E-08
    2.247229E-01     4     1    3.881278E-09   1.370752E-09
    2.247229E-01     4     2    8.392175E-04  -4.406170E-05
    2.247229E-01     4     3    1.703946E-07  -8.819798E-09
    2.247229E-01     4     4   -1.363503E-04   7.546692E-06
    2.247229E-01     4     5    3.396153E-08  -5.322284E-10
    2.247229E-01     4     6    3.527465E-09  -2.247160E-10
    2.247229E-01     5     1   -6.301192E-04  -9.756091E-05
    2.247229E-01     5     2   -6.129598E-08   4.905231E-09
    2.247229E-01     5     3    2.666508E-08   3.288795E-08
    2.247229E-01     5     4    2.848232E-08   1.757111E-09
    2.247229E-01     5     5   -1.153579E-03   2.004430E-04
    2.247229E-01     5     6    1.298406E-08  -1.294285E-09
    2.247229E-01     6     1    3.573975E-08   9.514549E-09
    2.247229E-01     6     2    5.152612E-08   7.323613E-10
    2.247229E-01     6     3    1.058408E-07  -4.850548E-08
    2.247229E-01     6     4    8.964961E-09   2.642850E-09
    2.247229E-01     6     5    5.330643E-08   2.496711E-08
    2.247229E-01     6     6    8.160165E-05   3.772140E-05
    2.220670E-01     1     1   -7.301015E-05  -9.430814E-05
    2.220670E-01     1     2   -4.763200E-09   1.239700E-09
    2.220670E-01     1     3   -4.242705E-08   1.185505E-08
    2.220670E-01     1     4   -3.117524E-09   1.326351E-09
    2.220670E-01     1     5   -9.487861E-04  -1.324154E-04
    2.220670E-01     1     6   -1.102458E-08   1.363128E-09
    2.220670E-01     2     1    5.524515E-08   3.663413E-08
    2.220670E-01     2     2    9.899019E-05   2.813877E-04
    2.220670E-01     2     3    2.896946E-07   3.910598E-07
    2.220670E-01     2     4    8.905637E-04  -5.544773E-05
    2.220670E-01     2     5    3.087727E-07   1.104393E-07
    2.220670E-01     2     6    5.652565E-08   6.596523E-09
    2.220670E-01     3     1   -3.827280E-08  -2.769056E-09
    2.220670E-01     3     2    1.620226E-07   3.970209E-08
    2.220670E-01     3     3   -5.597133E-02  -1.180066E-02
    2.220670E-01     3     4    1.105614E-07   5.467909E-08
    2.220670E-01     3     5    4.716435E-08  -1.033136E-08
    2.220670E-01     3     6    4.630389E-08  -1.143802E-08
    2.220670E-01     4     1    3.898000E-09   1.360555E-09
    2.220670E-01     4     2    8.415324E-04  -4.278623E-05
    2.220670E-01     4     3    1.711407E-07  -8.750369E-09
    2.220670E-01     4     4   -1.370576E-04   7.179365E-06
    2.220670E-01     4     5    3.411202E-08  -5.281298E-10
    2.220670E-01     4     6    3.541916E-09  -2.230401E-10
    2.220670E-01     5     1   -6.309109E-04  -9.741577E-05
    2.220670E-01     5     2   -6.156886E-08   4.869062E-09
    2.220670E-01     5     3    2.679488E-08   3.264612E-08
    2.220670E-01     5     4    2.860863E-08   1.744578E-09
    2.220670E-01     5     5   -1.156992E-03   1.971287E-04
    2.220670E-01     5     6    1.304182E-08  -1.284546E-09
    2.220670E-01     6     1    3.590132E-08   9.444438E-09
    2.220670E-01     6     2    5.173977E-08   7.266534E-10
    2.220670E-01     6     3    1.063112E-07  -4.814331E-08
    2.220670E-01     6     4    9.002738E-09   2.622988E-09
    2.220670E-01     6     5    5.355110E-08   2.478314E-08
    2.220670E-01     6     6    8.061511E-05   3.741633E-05
    2.194723E-01     1     1   -7.325323E-05  -9.362240E-05
    2.194723E-01     1     2   -4.777020E-09   1.229700E-09
    2.194723E-01     1     3   -4.257449E-08   1.175456E-08
    2.194723E-01     1     4   -3.126756E-09   1.315457E-09
    2.194723E-01     1     5   -9.488774E-04  -1.321040E-04
    2.194723E-01     1     6   -1.105958E-08   1.351226E-09
    2.194723E-01     2     1    5.542334E-08   3.631971E-08
    2.194723E-01     2     2    7.627413E-05   2.770484E-04
    2.194723E-01     2     3    2.906609E-07   3.876980E-07
    2.194723E-01     2     4    8.918074E-04  -5.404891E-05
    2.194723E-01     2     5    3.097468E-07   1.094923E-07
    2.194723E-01     2     6    5.669759E-08   6.539455E-09
    2.194723E-01     3     1   -3.839280E-08  -2.743448E-09
    2.194723E-01     3     2    1.624894E-07   3.938291E-08
    2.194723E-01     3     3   -5.596280E-02  -1.173025E-02
    2.194723E-01     3     4    1.109097E-07   5.420297E-08
    2.194723E-01     3     5    4.734267E-08  -1.023665E-08
    2.194723E-01     3     6    4.645093E-08  -1.134224E-08
    2.194723E-01     4     1    3.909575E-09   1.348811E-09
    2.194723E-01     4     2    8.427583E-04  -4.151301E-05
    2.194723E-01     4     3    1.716605E-07  -8.671168E-09
    2.194723E-01     4     4   -1.375515E-04   6.819770E-06
    2.194723E-01     4     5    3.421736E-08  -5.234380E-10
    2.194723E-01     4     6    3.551705E-09  -2.211115E-10
    2.194723E-01     5     1   -6.309105E-04  -9.713078E-05
    2.194723E-01     5     2   -6.176021E-08   4.827352E-09
    2.194723E-01     5     3    2.688894E-08   3.236702E-08
    2.194723E-01     5     4    2.869707E-08   1.730038E-09
    2.194723E-01     5     5   -1.158828E-03   1.936830E-04
    2.194723E-01     5     6    1.308233E-08  -1.273356E-09
    2.194723E-01     6     1    3.601529E-08   9.363573E-09
    2.194723E-01     6     2    5.188529E-08   7.201116E-10
    2.194723E-01     6     3    1.066409E-07  -4.772652E-08
    2.194723E-01     6     4    9.028644E-09   2.600161E-09
    2.194723E-01     6     5    5.372470E-08   2.457092E-08
    2.194723E-01     6     6    7.958766E-05   3.707486E-05
    2.169383E-01     1     1   -7.336960E-05  -9.280639E-05
    2.169383E-01     1     2   -4.784384E-09   1.218328E-09
    2.169383E-01     1     3   -4.266332E-08   1.164057E-08
    2.169383E-01     1     4   -3.131732E-09   1.303039E-09
    2.169383E-01     1     5   -9.477419E-04  -1.315951E-04
    2.169383E-01     1     6   -1.107944E-08   1.337790E-09
    2.169383E-01     2     1    5.552560E-08   3.596356E-08
    2.169383E-01     2     2    5.481486E-05   2.726121E-04
    2.169383E-01     2     3    2.912280E-07   3.838911E-07
    2.169383E-01     2     4    8.918621E-04  -5.264535E-05
    2.169383E-01     2     5    3.102972E-07   1.084195E-07
    2.169383E-01     2     6    5.679213E-08   6.474914E-09
    2.169383E-01     3     1   -3.846029E-08  -2.714810E-09
    2.169383E-01     3     2    1.627352E-07   3.901741E-08
    2.169383E-01     3     3   -5.588103E-02  -1.164462E-02
    2.169383E-01     3     4    1.111063E-07   5.366496E-08
    2.169383E-01     3     5    4.745543E-08  -1.013051E-08
    2.169383E-01     3     6    4.653442E-08  -1.123337E-08
    2.169383E-01     4     1    3.915823E-09   1.335521E-09
    2.169383E-01     4     2    8.428612E-04  -4.024331E-05
    2.169383E-01     4     3    1.719460E-07  -8.582208E-09
    2.169383E-01     4     4   -1.378252E-04   6.468301E-06
    2.169383E-01     4     5    3.427596E-08  -5.181535E-10
    2.169383E-01     4     6    3.556669E-09  -2.189302E-10
    2.169383E-01     5     1   -6.300954E-04  -9.670538E-05
    2.169383E-01     5     2   -6.186716E-08   4.780105E-09
    2.169383E-01     5     3    2.694597E-08   3.205067E-08
    2.169383E-01     5     4    2.874631E-08   1.713490E-09
    2.169383E-01     5     5   -1.159039E-03   1.901084E-04
    2.169383E-01     5     6    1.310496E-08  -1.260715E-09
    2.169383E-01     6     1    3.607997E-08   9.271959E-09
    2.169383E-01     6     2    5.196030E-08   7.127366E-10
    2.169383E-01     6     3    1.068248E-07  -4.725512E-08
    2.169383E-01     6     4    9.042264E-09   2.574370E-09
    2.169383E-01     6     5    5.382468E-08   2.433048E-08
    2.169383E-01     6     6    7.851967E-05   3.669709E-05
    2.144615E-01     1     1   -7.335672E-05  -9.185906E-05
    2.144615E-01     1     2   -4.785086E-09   1.205572E-09
    2.144615E-01     1     3   -4.269163E-08   1.151296E-08
    2.144615E-01     1     4   -3.132318E-09   1.289084E-09
    2.144615E-01     1     5   -9.453446E-04  -1.308873E-04
    2.144615E-01     1     6   -1.108368E-08   1.322806E-09
    2.144615E-01     2     1    5.554950E-08   3.556532E-08
    2.144615E-01     2     2    3.465360E-05   2.680773E-04
    2.144615E-01     2     3    2.913832E-07   3.796354E-07
    2.144615E-01     2     4    8.906925E-04  -5.123669E-05
    2.144615E-01     2     5    3.104103E-07   1.072198E-07
    2.144615E-01     2     6    5.680680E-08   6.402833E-09
    2.144615E-01     3     1   -3.847360E-08  -2.683117E-09
    2.144615E-01     3     2    1.627529E-07   3.860517E-08
    2.144615E-01     3     3   -5.572392E-02  -1.154366E-02
    2.144615E-01     3     4    1.111463E-07   5.306450E-08
    2.144615E-01     3     5    4.750049E-08  -1.001284E-08
    2.144615E-01     3     6    4.655232E-08  -1.111130E-08
    2.144615E-01     4     1    3.916573E-09   1.320672E-09
    2.144615E-01     4     2    8.418075E-04  -3.897681E-05
    2.144615E-01     4     3    1.719897E-07  -8.483400E-09
    2.144615E-01     4     4   -1.378721E-04   6.124913E-06
    2.144615E-01     4     5    3.428632E-08  -5.122711E-10
    2.144615E-01     4     6    3.556656E-09  -2.164939E-10
    2.144615E-01     5     1   -6.284425E-04  -9.613858E-05
    2.144615E-01     5     2   -6.188702E-08   4.727271E-09
    2.144615E-01     5     3    2.696479E-08   3.169674E-08
    2.144615E-01     5     4    2.875509E-08   1.694917E-09
    2.144615E-01     5     5   -1.157578E-03   1.864030E-04
    2.144615E-01     5     6    1.310915E-08  -1.246611E-09
    2.144615E-01     6     1    3.609379E-08   9.169503E-09
    2.144615E-01     6     2    5.196257E-08   7.045207E-10
    2.144615E-01     6     3    1.068584E-07  -4.672864E-08
    2.144615E-01     6     4    9.043208E-09   2.545590E-09
    2.144615E-01     6     5    5.384868E-08   2.406155E-08
    2.144615E-01     6     6    7.741026E-05   3.628272E-05
    2.120413E-01     1     1   -7.321196E-05  -9.078045E-05
    2.120413E-01     1     2   -4.778917E-09   1.191435E-09
    2.120413E-01     1     3   -4.265747E-08   1.137175E-08
    2.120413E-01     1     4   -3.128374E-09   1.273595E-09
    2.120413E-01     1     5   -9.416527E-04  -1.299799E-04
    2.120413E-01     1     6   -1.107179E-08   1.306277E-09
    2.120413E-01     2     1    5.549251E-08   3.512506E-08
    2.120413E-01     2     2    1.585643E-05   2.634478E-04
    2.120413E-01     2     3    2.911130E-07   3.749316E-07
    2.120413E-01     2     4    8.882641E-04  -4.982419E-05
    2.120413E-01     2     5    3.100722E-07   1.058935E-07
    2.120413E-01     2     6    5.673907E-08   6.323229E-09
    2.120413E-01     3     1   -3.843101E-08  -2.648378E-09
    2.120413E-01     3     2    1.625353E-07   3.814626E-08
    2.120413E-01     3     3   -5.548953E-02  -1.142737E-02
    2.120413E-01     3     4    1.110248E-07   5.240174E-08
    2.120413E-01     3     5    4.747561E-08  -9.883654E-09
    2.120413E-01     3     6    4.650255E-08  -1.097605E-08
    2.120413E-01     4     1    3.911653E-09   1.304267E-09
    2.120413E-01     4     2    8.395646E-04  -3.771473E-05
    2.120413E-01     4     3    1.717841E-07  -8.374773E-09
    2.120413E-01     4     4   -1.376856E-04   5.789975E-06
    2.120413E-01     4     5    3.424693E-08  -5.057922E-10
    2.120413E-01     4     6    3.551510E-09  -2.138033E-10
    2.120413E-01     5     1   -6.259299E-04  -9.543005E-05
    2.120413E-01     5     2   -6.181701E-08   4.668862E-09
    2.120413E-01     5     3    2.694415E-08   3.130530E-08
    2.120413E-01     5     4    2.872214E-08   1.674322E-09
    2.120413E-01     5     5   -1.154397E-03   1.825692E-04
    2.120413E-01     5     6    1.309430E-08  -1.231046E-09
    2.120413E-01     6     1    3.605512E-08   9.056224E-09
    2.120413E-01     6     2    5.188983E-08   6.954661E-10
    2.120413E-01     6     3    1.067369E-07  -4.614719E-08
    2.120413E-01     6     4    9.031080E-09   2.513826E-09
    2.120413E-01     6     5    5.379428E-08   2.376421E-08
    2.120413E-01     6     6    7.625985E-05   3.583189E-05
    2.096743E-01     1     1   -7.293261E-05  -8.956942E-05
    2.096743E-01     1     2   -4.765665E-09   1.175904E-09
    2.096743E-01     1     3   -4.255887E-08   1.121682E-08
    2.096743E-01     1     4   -3.119760E-09   1.256557E-09
    2.096743E-01     1     5   -9.366297E-04  -1.288716E-04
    2.096743E-01     1     6   -1.104329E-08   1.288189E-09
    2.096743E-01     2     1    5.535213E-08   3.464239E-08
    2.096743E-01     2     2   -1.533840E-06   2.587219E-04
    2.096743E-01     2     3    2.904043E-07   3.697754E-07
    2.096743E-01     2     4    8.845400E-04  -4.840745E-05
    2.096743E-01     2     5    3.092687E-07   1.044393E-07
    2.096743E-01     2     6    5.658636E-08   6.236029E-09
    2.096743E-01     3     1   -3.833076E-08  -2.610562E-09
    2.096743E-01     3     2    1.620752E-07   3.764022E-08
    2.096743E-01     3     3   -5.517567E-02  -1.129563E-02
    2.096743E-01     3     4    1.107368E-07   5.167607E-08
    2.096743E-01     3     5    4.737857E-08  -9.742855E-09
    2.096743E-01     3     6    4.638299E-08  -1.082749E-08
    2.096743E-01     4     1    3.900886E-09   1.286290E-09
    2.096743E-01     4     2    8.360977E-04  -3.645672E-05
    2.096743E-01     4     3    1.713213E-07  -8.256229E-09
    2.096743E-01     4     4   -1.372591E-04   5.463438E-06
    2.096743E-01     4     5    3.415622E-08  -4.987111E-10
    2.096743E-01     4     6    3.541073E-09  -2.108558E-10
    2.096743E-01     5     1   -6.225336E-04  -9.457870E-05
    2.096743E-01     5     2   -6.165434E-08   4.604823E-09
    2.096743E-01     5     3    2.688280E-08   3.087598E-08
    2.096743E-01     5     4    2.864614E-08   1.651686E-09
    2.096743E-01     5     5   -1.149447E-03   1.786052E-04
    2.096743E-01     5     6    1.305983E-08  -1.214008E-09
    2.096743E-01     6     1    3.596232E-08   8.932019E-09
    2.096743E-01     6     2    5.173976E-08   6.855643E-10
    2.096743E-01     6     3    1.064554E-07  -4.551024E-08
    2.096743E-01     6     4    9.005472E-09   2.479051E-09
    2.096743E-01     6     5    5.365900E-08   2.343816E-08
    2.096743E-01     6     6    7.506750E-05   3.534426E-05
    2.073604E-01     1     1   -7.251621E-05  -8.822619E-05
    2.073604E-01     1     2   -4.745129E-09   1.158982E-09
    2.073604E-01     1     3   -4.239394E-08   1.104821E-08
    2.073604E-01     1     4   -3.106344E-09   1.237974E-09
    2.073604E-01     1     5   -9.302444E-04  -1.275621E-04
    2.073604E-01     1     6   -1.099767E-08   1.268548E-09
    2.073604E-01     2     1    5.512592E-08   3.411745E-08
    2.073604E-01     2     2   -1.745278E-05   2.539034E-04
    2.073604E-01     2     3    2.892442E-07   3.641685E-07
    2.073604E-01     2     4    8.794872E-04  -4.698771E-05
    2.073604E-01     2     5    3.079865E-07   1.028578E-07
    2.073604E-01     2     6    5.634626E-08   6.141261E-09
    2.073604E-01     3     1   -3.817119E-08  -2.569685E-09
    2.073604E-01     3     2    1.613656E-07   3.708718E-08
    2.073604E-01     3     3   -5.478048E-02  -1.114848E-02
    2.073604E-01     3     4    1.102774E-07   5.088773E-08
    2.073604E-01     3     5    4.720724E-08  -9.590490E-09
    2.073604E-01     3     6    4.619162E-08  -1.066566E-08
    2.073604E-01     4     1    3.884106E-09   1.266747E-09
    2.073604E-01     4     2    8.313753E-04  -3.520396E-05
    2.073604E-01     4     3    1.705939E-07  -8.127812E-09
    2.073604E-01     4     4   -1.365863E-04   5.145644E-06
    2.073604E-01     4     5    3.401272E-08  -4.910299E-10
    2.073604E-01     4     6    3.525196E-09  -2.076524E-10
    2.073604E-01     5     1   -6.182330E-04  -9.358443E-05
    2.073604E-01     5     2   -6.139633E-08   4.535175E-09
    2.073604E-01     5     3    2.677956E-08   3.040893E-08
    2.073604E-01     5     4    2.852588E-08   1.627015E-09
    2.073604E-01     5     5   -1.142684E-03   1.745135E-04
    2.073604E-01     5     6    1.300518E-08  -1.195500E-09
    2.073604E-01     6     1    3.581383E-08   8.796927E-09
    2.073604E-01     6     2    5.151016E-08   6.748187E-10
    2.073604E-01     6     3    1.060094E-07  -4.481799E-08
    2.073604E-01     6     4    8.966003E-09   2.441274E-09
    2.073604E-01     6     5    5.344053E-08   2.308351E-08
    2.073604E-01     6     6    7.383367E-05   3.482005E-05
    2.050963E-01     1     1   -7.195990E-05  -8.674950E-05
    2.050963E-01     1     2   -4.717088E-09   1.140657E-09
    2.050963E-01     1     3   -4.216063E-08   1.086577E-08
    2.050963E-01     1     4   -3.087978E-09   1.217831E-09
    2.050963E-01     1     5   -9.224586E-04  -1.260498E-04
    2.050963E-01     1     6   -1.093443E-08   1.247338E-09
    2.050963E-01     2     1    5.481126E-08   3.354979E-08
    2.050963E-01     2     2   -3.185585E-05   2.489905E-04
    2.050963E-01     2     3    2.876188E-07   3.581061E-07
    2.050963E-01     2     4    8.730672E-04  -4.556451E-05
    2.050963E-01     2     5    3.062109E-07   1.011475E-07
    2.050963E-01     2     6    5.601608E-08   6.038844E-09
    2.050963E-01     3     1   -3.795049E-08  -2.525713E-09
    2.050963E-01     3     2    1.603991E-07   3.648666E-08
    2.050963E-01     3     3   -5.430168E-02  -1.098577E-02
    2.050963E-01     3     4    1.096413E-07   5.003605E-08
    2.050963E-01     3     5    4.695931E-08  -9.426436E-09
    2.050963E-01     3     6    4.592624E-08  -1.049043E-08
    2.050963E-01     4     1    3.861128E-09   1.245623E-09
    2.050963E-01     4     2    8.253613E-04  -3.395606E-05
    2.050963E-01     4     3    1.695939E-07  -7.989415E-09
    2.050963E-01     4     4   -1.356601E-04   4.836544E-06
    2.050963E-01     4     5    3.381481E-08  -4.827425E-10
    2.050963E-01     4     6    3.503713E-09  -2.041904E-10
    2.050963E-01     5     1   -6.130026E-04  -9.244604E-05
    2.050963E-01     5     2   -6.104009E-08   4.459859E-09
    2.050963E-01     5     3    2.663312E-08   2.990374E-08
    2.050963E-01     5     4    2.835998E-08   1.600288E-09
    2.050963E-01     5     5   -1.134056E-03   1.702920E-04
    2.050963E-01     5     6    1.292971E-08  -1.175509E-09
    2.050963E-01     6     1    3.560794E-08   8.650832E-09
    2.050963E-01     6     2    5.119861E-08   6.632203E-10
    2.050963E-01     6     3    1.053937E-07  -4.406987E-08
    2.050963E-01     6     4    8.912251E-09   2.400466E-09
    2.050963E-01     6     5    5.313629E-08   2.269997E-08
    2.050963E-01     6     6    7.255739E-05   3.425886E-05
    2.028817E-01     1     1   -7.126137E-05  -8.513980E-05
    2.028817E-01     1     2   -4.681351E-09   1.120935E-09
    2.028817E-01     1     3   -4.185714E-08   1.066959E-08
    2.028817E-01     1     4   -3.064535E-09   1.196134E-09
    2.028817E-01     1     5   -9.132429E-04  -1.243346E-04
    2.028817E-01     1     6   -1.085311E-08   1.224566E-09
    2.028817E-01     2     1    5.440584E-08   3.293964E-08
    2.028817E-01     2     2   -4.468042E-05   2.439870E-04
    2.028817E-01     2     3    2.855160E-07   3.515905E-07
    2.028817E-01     2     4    8.652487E-04  -4.413909E-05
    2.028817E-01     2     5    3.039290E-07   9.930912E-08
    2.028817E-01     2     6    5.559350E-08   5.928819E-09
    2.028817E-01     3     1   -3.766708E-08  -2.478665E-09
    2.028817E-01     3     2    1.591689E-07   3.583886E-08
    2.028817E-01     3     3   -5.373752E-02  -1.080757E-02
    2.028817E-01     3     4    1.088241E-07   4.912136E-08
    2.028817E-01     3     5    4.663271E-08  -9.250761E-09
    2.028817E-01     3     6    4.558493E-08  -1.030187E-08
    2.028817E-01     4     1    3.831795E-09   1.222924E-09
    2.028817E-01     4     2    8.180258E-04  -3.271415E-05
    2.028817E-01     4     3    1.683143E-07  -7.841094E-09
    2.028817E-01     4     4   -1.344745E-04   4.536457E-06
    2.028817E-01     4     5    3.356110E-08  -4.738520E-10
    2.028817E-01     4     6    3.476482E-09  -2.004711E-10
    2.028817E-01     5     1   -6.068231E-04  -9.116364E-05
    2.028817E-01     5     2   -6.058304E-08   4.378903E-09
    2.028817E-01     5     3    2.644235E-08   2.936060E-08
    2.028817E-01     5     4    2.814727E-08   1.571515E-09
    2.028817E-01     5     5   -1.123520E-03   1.659433E-04
    2.028817E-01     5     6    1.283291E-08  -1.154042E-09
    2.028817E-01     6     1    3.534316E-08   8.493789E-09
    2.028817E-01     6     2    5.080304E-08   6.507734E-10
    2.028817E-01     6     3    1.046040E-07  -4.326615E-08
    2.028817E-01     6     4    8.843850E-09   2.356641E-09
    2.028817E-01     6     5    5.274405E-08   2.228767E-08
    2.028817E-01     6     6    7.123917E-05   3.366096E-05
    2.007138E-01     1     1   -7.041760E-05  -8.339569E-05
    2.007138E-01     1     2   -4.637687E-09   1.099801E-09
    2.007138E-01     1     3   -4.148134E-08   1.045949E-08
    2.007138E-01     1     4   -3.035865E-09   1.172866E-09
    2.007138E-01     1     5   -9.025573E-04  -1.224149E-04
    2.007138E-01     1     6   -1.075315E-08   1.200214E-09
    2.007138E-01     2     1    5.390693E-08   3.228649E-08
    2.007138E-01     2     2   -5.588010E-05   2.388909E-04
    2.007138E-01     2     3    2.829212E-07   3.446166E-07
    2.007138E-01     2     4    8.559915E-04  -4.271093E-05
    2.007138E-01     2     5    3.011257E-07   9.734118E-08
    2.007138E-01     2     6    5.507574E-08   5.811097E-09
    2.007138E-01     3     1   -3.731906E-08  -2.428506E-09
    2.007138E-01     3     2    1.576672E-07   3.514325E-08
    2.007138E-01     3     3   -5.308559E-02  -1.061371E-02
    2.007138E-01     3     4    1.078202E-07   4.814295E-08
    2.007138E-01     3     5    4.622506E-08  -9.063331E-09
    2.007138E-01     3     6    4.516540E-08  -1.009981E-08
    2.007138E-01     4     1    3.795914E-09   1.198634E-09
    2.007138E-01     4     2    8.093310E-04  -3.147784E-05
    2.007138E-01     4     3    1.667467E-07  -7.682736E-09
    2.007138E-01     4     4   -1.330222E-04   4.245332E-06
    2.007138E-01     4     5    3.324990E-08  -4.643516E-10
    2.007138E-01     4     6    3.443331E-09  -1.964915E-10
    2.007138E-01     5     1   -5.996680E-04  -8.973592E-05
    2.007138E-01     5     2   -6.002218E-08   4.292242E-09
    2.007138E-01     5     3    2.620590E-08   2.877908E-08
    2.007138E-01     5     4    2.788635E-08   1.540672E-09
    2.007138E-01     5     5   -1.111023E-03   1.614653E-04
    2.007138E-01     5     6    1.271411E-08  -1.131081E-09
    2.007138E-01     6     1    3.501772E-08   8.325673E-09
    2.007138E-01     6     2    5.032092E-08   6.374682E-10
    2.007138E-01     6     3    1.036351E-07  -4.240620E-08
    2.007138E-01     6     4    8.760361E-09   2.309764E-09
    2.007138E-01     6     5    5.226116E-08   2.184628E-08
    2.007138E-01     6     6    6.987798E-05   3.302591E-05
    1.985918E-01     1     1   -6.942613E-05  -8.151723E-05
    1.985918E-01     1     2   -4.585897E-09   1.077255E-09
    1.985918E-01     1     3   -4.103137E-08   1.023550E-08
    1.985918E-01     1     4   -3.001833E-09   1.148029E-09
    1.985918E-01     1     5   -8.903703E-04  -1.202903E-04
    1.985918E-01     1     6   -1.063408E-08   1.174286E-09
    1.985918E-01     2     1    5.331212E-08   3.159043E-08
    1.985918E-01     2     2   -6.539676E-05   2.337044E-04
    1.985918E-01     2     3    2.798219E-07   3.371849E-07
    1.985918E-01     2     4    8.452626E-04  -4.128080E-05
    1.985918E-01     2     5    2.977876E-07   9.524387E-08
    1.985918E-01     2     6    5.446040E-08   5.685691E-09
    1.985918E-01     3     1   -3.690479E-08  -2.375241E-09
    1.985918E-01     3     2    1.558872E-07   3.439987E-08
    1.985918E-01     3     3   -5.234403E-02  -1.040422E-02
    1.985918E-01     3     4    1.066249E-07   4.710090E-08
    1.985918E-01     3     5    4.573422E-08  -8.864168E-09
    1.985918E-01     3     6    4.466566E-08  -9.884278E-09
    1.985918E-01     4     1    3.753321E-09   1.172753E-09
    1.985918E-01     4     2    7.992455E-04  -3.024784E-05
    1.985918E-01     4     3    1.648836E-07  -7.514359E-09
    1.985918E-01     4     4   -1.312970E-04   3.963383E-06
    1.985918E-01     4     5    3.287974E-08  -4.542421E-10
    1.985918E-01     4     6    3.404111E-09  -1.922521E-10
    1.985918E-01     5     1   -5.915164E-04  -8.816272E-05
    1.985918E-01     5     2   -5.935485E-08   4.199885E-09
    1.985918E-01     5     3    2.592260E-08   2.815923E-08
    1.985918E-01     5     4    2.757598E-08   1.507762E-09
    1.985918E-01     5     5   -1.096520E-03   1.568592E-04
    1.985918E-01     5     6    1.257277E-08  -1.106630E-09
    1.985918E-01     6     1    3.463007E-08   8.146500E-09
    1.985918E-01     6     2    4.975008E-08   6.233061E-10
    1.985918E-01     6     3    1.024824E-07  -4.149010E-08
    1.985918E-01     6     4    8.661405E-09   2.259841E-09
    1.985918E-01     6     5    5.168529E-08   2.137586E-08
    1.985918E-01     6     6    6.847395E-05   3.235384E-05
    1.965147E-01     1     1   -6.828470E-05  -7.950464E-05
    1.965147E-01     1     2   -4.525791E-09   1.053303E-09
    1.965147E-01     1     3   -4.050545E-08   9.997658E-09
    1.965147E-01     1     4   -2.962315E-09   1.121627E-09
    1.965147E-01     1     5   -8.766519E-04  -1.179608E-04
    1.965147E-01     1     6   -1.049546E-08   1.146785E-09
    1.965147E-01     2     1    5.261916E-08   3.085155E-08
    1.965147E-01     2     2   -7.317426E-05   2.284300E-04
    1.965147E-01     2     3    2.762060E-07   3.292967E-07
    1.965147E-01     2     4    8.330304E-04  -3.984947E-05
    1.965147E-01     2     5    2.939021E-07   9.301753E-08
    1.965147E-01     2     6    5.374516E-08   5.552622E-09
    1.965147E-01     3     1   -3.642271E-08  -2.318882E-09
    1.965147E-01     3     2    1.538223E-07   3.360882E-08
    1.965147E-01     3     3   -5.151103E-02  -1.017912E-02
    1.965147E-01     3     4    1.052336E-07   4.599540E-08
    1.965147E-01     3     5    4.515819E-08  -8.653310E-09
    1.965147E-01     3     6    4.408380E-08  -9.655309E-09
    1.965147E-01     4     1    3.703858E-09   1.145287E-09
    1.965147E-01     4     2    7.877394E-04  -2.902483E-05
    1.965147E-01     4     3    1.627183E-07  -7.335992E-09
    1.965147E-01     4     4   -1.292929E-04   3.690808E-06
    1.965147E-01     4     5    3.244924E-08  -4.435253E-10
    1.965147E-01     4     6    3.358682E-09  -1.877535E-10
    1.965147E-01     5     1   -5.823484E-04  -8.644408E-05
    1.965147E-01     5     2   -5.857854E-08   4.101847E-09
    1.965147E-01     5     3    2.559131E-08   2.750115E-08
    1.965147E-01     5     4    2.721500E-08   1.472790E-09
    1.965147E-01     5     5   -1.079968E-03   1.521269E-04
    1.965147E-01     5     6    1.240836E-08  -1.080692E-09
    1.965147E-01     6     1    3.417873E-08   7.956300E-09
    1.965147E-01     6     2    4.908844E-08   6.082896E-10
    1.965147E-01     6     3    1.011416E-07  -4.051802E-08
    1.965147E-01     6     4    8.546620E-09   2.206881E-09
    1.965147E-01     6     5    5.101424E-08   2.087646E-08
    1.965147E-01     6     6    6.702729E-05   3.164489E-05
    1.944801E-01     1     1   -6.699002E-05  -7.735637E-05
    1.944801E-01     1     2   -4.457125E-09   1.027925E-09
    1.944801E-01     1     3   -3.990131E-08   9.745783E-09
    1.944801E-01     1     4   -2.917149E-09   1.093639E-09
    1.944801E-01     1     5   -8.613595E-04  -1.154243E-04
    1.944801E-01     1     6   -1.033669E-08   1.117692E-09
    1.944801E-01     2     1    5.182512E-08   3.006932E-08
    1.944801E-01     2     2   -7.916321E-05   2.230654E-04
    1.944801E-01     2     3    2.720581E-07   3.209462E-07
    1.944801E-01     2     4    8.192523E-04  -3.841639E-05
    1.944801E-01     2     5    2.894529E-07   9.066051E-08
    1.944801E-01     2     6    5.292707E-08   5.411791E-09
    1.944801E-01     3     1   -3.587080E-08  -2.259387E-09
    1.944801E-01     3     2    1.514642E-07   3.276952E-08
    1.944801E-01     3     3   -5.058407E-02  -9.938235E-03
    1.944801E-01     3     4    1.036406E-07   4.482563E-08
    1.944801E-01     3     5    4.449441E-08  -8.430606E-09
    1.944801E-01     3     6    4.341740E-08  -9.412729E-09
    1.944801E-01     4     1    3.647322E-09   1.116216E-09
    1.944801E-01     4     2    7.747724E-04  -2.780841E-05
    1.944801E-01     4     3    1.602417E-07  -7.147508E-09
    1.944801E-01     4     4   -1.270021E-04   3.427557E-06
    1.944801E-01     4     5    3.195662E-08  -4.321936E-10
    1.944801E-01     4     6    3.306860E-09  -1.829924E-10
    1.944801E-01     5     1   -5.721358E-04  -8.457847E-05
    1.944801E-01     5     2   -5.769002E-08   3.998055E-09
    1.944801E-01     5     3    2.521060E-08   2.680436E-08
    1.944801E-01     5     4    2.680192E-08   1.435730E-09
    1.944801E-01     5     5   -1.061310E-03   1.472657E-04
    1.944801E-01     5     6    1.222018E-08  -1.053248E-09
    1.944801E-01     6     1    3.366181E-08   7.754931E-09
    1.944801E-01     6     2    4.833335E-08   5.924075E-10
    1.944801E-01     6     3    9.960709E-08  -3.948922E-08
    1.944801E-01     6     4    8.415540E-09   2.150843E-09
    1.944801E-01     6     5    5.024518E-08   2.034773E-08
    1.944801E-01     6     6    6.553687E-05   3.089858E-05
    1.924878E-01     1     1   -6.554022E-05  -7.507332E-05
    1.924878E-01     1     2   -4.379731E-09   1.001135E-09
    1.924878E-01     1     3   -3.921737E-08   9.479995E-09
    1.924878E-01     1     4   -2.866223E-09   1.064079E-09
    1.924878E-01     1     5   -8.444681E-04  -1.126817E-04
    1.924878E-01     1     6   -1.015738E-08   1.087020E-09
    1.924878E-01     2     1    5.092798E-08   2.924409E-08
    1.924878E-01     2     2   -8.330599E-05   2.176144E-04
    1.924878E-01     2     3    2.673676E-07   3.121373E-07
    1.924878E-01     2     4    8.039012E-04  -3.698270E-05
    1.924878E-01     2     5    2.844289E-07   8.817392E-08
    1.924878E-01     2     6    5.200411E-08   5.263264E-09
    1.924878E-01     3     1   -3.524767E-08  -2.196787E-09
    1.924878E-01     3     2    1.488070E-07   3.188233E-08
    1.924878E-01     3     3   -4.956164E-02  -9.681678E-03
    1.924878E-01     3     4    1.018418E-07   4.359215E-08
    1.924878E-01     3     5    4.374107E-08  -8.196163E-09
    1.924878E-01     3     6    4.266475E-08  -9.156652E-09
    1.924878E-01     4     1    3.583574E-09   1.085552E-09
    1.924878E-01     4     2    7.603189E-04  -2.659959E-05
    1.924878E-01     4     3    1.574477E-07  -6.948998E-09
    1.924878E-01     4     4   -1.244194E-04   3.173896E-06
    1.924878E-01     4     5    3.140064E-08  -4.202521E-10
    1.924878E-01     4     6    3.248522E-09  -1.779711E-10
    1.924878E-01     5     1   -5.608622E-04  -8.256657E-05
    1.924878E-01     5     2   -5.668708E-08   3.888558E-09
    1.924878E-01     5     3    2.477948E-08   2.606918E-08
    1.924878E-01     5     4    2.633569E-08   1.396599E-09
    1.924878E-01     5     5   -1.040510E-03   1.422787E-04
    1.924878E-01     5     6    1.200777E-08  -1.024312E-09
    1.924878E-01     6     1    3.307802E-08   7.542487E-09
    1.924878E-01     6     2    4.748297E-08   5.756674E-10
    1.924878E-01     6     3    9.787503E-08  -3.840419E-08
    1.924878E-01     6     4    8.267845E-09   2.091755E-09
    1.924878E-01     6     5    4.937615E-08   1.978991E-08
    1.924878E-01     6     6    6.400335E-05   3.011530E-05
    1.905352E-01     1     1   -6.393182E-05  -7.265380E-05
    1.905352E-01     1     2   -4.293354E-09   9.729135E-10
    1.905352E-01     1     3   -3.845128E-08   9.200101E-09
    1.905352E-01     1     4   -2.809369E-09   1.032926E-09
    1.905352E-01     1     5   -8.259334E-04  -1.097307E-04
    1.905352E-01     1     6   -9.956931E-09   1.054748E-09
    1.905352E-01     2     1    4.992472E-08   2.837528E-08
    1.905352E-01     2     2   -8.555103E-05   2.120747E-04
    1.905352E-01     2     3    2.621185E-07   3.028637E-07
    1.905352E-01     2     4    7.869326E-04  -3.554785E-05
    1.905352E-01     2     5    2.788132E-07   8.555597E-08
    1.905352E-01     2     6    5.097319E-08   5.106936E-09
    1.905352E-01     3     1   -3.455123E-08  -2.131038E-09
    1.905352E-01     3     2    1.458422E-07   3.094660E-08
    1.905352E-01     3     3   -4.844109E-02  -9.409261E-03
    1.905352E-01     3     4    9.983123E-08   4.229407E-08
    1.905352E-01     3     5    4.289553E-08  -7.949819E-09
    1.905352E-01     3     6    4.182334E-08  -8.886893E-09
    1.905352E-01     4     1    3.512403E-09   1.053275E-09
    1.905352E-01     4     2    7.443368E-04  -2.539794E-05
    1.905352E-01     4     3    1.543270E-07  -6.740321E-09
    1.905352E-01     4     4   -1.215367E-04   2.929777E-06
    1.905352E-01     4     5    3.077943E-08  -4.076926E-10
    1.905352E-01     4     6    3.183476E-09  -1.726859E-10
    1.905352E-01     5     1   -5.484981E-04  -8.040671E-05
    1.905352E-01     5     2   -5.556635E-08   3.773277E-09
    1.905352E-01     5     3    2.429646E-08   2.529508E-08
    1.905352E-01     5     4    2.581477E-08   1.355369E-09
    1.905352E-01     5     5   -1.017507E-03   1.371630E-04
    1.905352E-01     5     6    1.177041E-08  -9.938625E-10
    1.905352E-01     6     1    3.242538E-08   7.318817E-09
    1.905352E-01     6     2    4.653451E-08   5.580573E-10
    1.905352E-01     6     3    9.593962E-08  -3.726217E-08
    1.905352E-01     6     4    8.103048E-09   2.029575E-09
    1.905352E-01     6     5    4.840421E-08   1.920260E-08
    1.905352E-01     6     6    6.242555E-05   2.929452E-05
    1.886225E-01     1     1   -6.216315E-05  -7.009891E-05
    1.886225E-01     1     2   -4.197838E-09   9.432735E-10
    1.886225E-01     1     3   -3.760155E-08   8.906240E-09
    1.886225E-01     1     4   -2.746483E-09   1.000193E-09
    1.886225E-01     1     5   -8.057322E-04  -1.065725E-04
    1.886225E-01     1     6   -9.734957E-09   1.020891E-09
    1.886225E-01     2     1    4.881343E-08   2.746332E-08
    1.886225E-01     2     2   -8.584296E-05   2.064500E-04
    1.886225E-01     2     3    2.563007E-07   2.931299E-07
    1.886225E-01     2     4    7.683213E-04  -3.411297E-05
    1.886225E-01     2     5    2.725951E-07   8.280794E-08
    1.886225E-01     2     6    4.983240E-08   4.942884E-09
    1.886225E-01     3     1   -3.378019E-08  -2.062174E-09
    1.886225E-01     3     2    1.425641E-07   2.996278E-08
    1.886225E-01     3     3   -4.722105E-02  -9.121111E-03
    1.886225E-01     3     4    9.760508E-08   4.093204E-08
    1.886225E-01     3     5    4.195608E-08  -7.691697E-09
    1.886225E-01     3     6    4.089158E-08  -8.603582E-09
    1.886225E-01     4     1    3.433677E-09   1.019399E-09
    1.886225E-01     4     2    7.268022E-04  -2.420445E-05
    1.886225E-01     4     3    1.508738E-07  -6.521582E-09
    1.886225E-01     4     4   -1.183491E-04   2.695446E-06
    1.886225E-01     4     5    3.009186E-08  -3.945211E-10
    1.886225E-01     4     6    3.111607E-09  -1.671395E-10
    1.886225E-01     5     1   -5.350282E-04  -7.809978E-05
    1.886225E-01     5     2   -5.432573E-08   3.652270E-09
    1.886225E-01     5     3    2.376058E-08   2.448245E-08
    1.886225E-01     5     4    2.523817E-08   1.312059E-09
    1.886225E-01     5     5   -9.922681E-04   1.319220E-04
    1.886225E-01     5     6    1.150767E-08  -9.619149E-10
    1.886225E-01     6     1    3.170267E-08   7.084029E-09
    1.886225E-01     6     2    4.548627E-08   5.395859E-10
    1.886225E-01     6     3    9.379727E-08  -3.606371E-08
    1.886225E-01     6     4    7.920850E-09   1.964332E-09
    1.886225E-01     6     5    4.732752E-08   1.858609E-08
    1.886225E-01     6     6    6.080419E-05   2.843667E-05
    1.867472E-01     1     1   -6.023053E-05  -6.740682E-05
    1.867472E-01     1     2   -4.092915E-09   9.121947E-10
    1.867472E-01     1     3   -3.666572E-08   8.598205E-09
    1.867472E-01     1     4   -2.677388E-09   9.658588E-10
    1.867472E-01     1     5   -7.838180E-04  -1.032046E-04
    1.867472E-01     1     6   -9.490831E-09   9.854267E-10
    1.867472E-01     2     1    4.759096E-08   2.650756E-08
    1.867472E-01     2     2   -8.412790E-05   2.007379E-04
    1.867472E-01     2     3    2.498975E-07   2.829292E-07
    1.867472E-01     2     4    7.480210E-04  -3.267747E-05
    1.867472E-01     2     5    2.657572E-07   7.992793E-08
    1.867472E-01     2     6    4.857855E-08   4.770994E-09
    1.867472E-01     3     1   -3.293236E-08  -1.990147E-09
    1.867472E-01     3     2    1.389638E-07   2.893018E-08
    1.867472E-01     3     3   -4.589874E-02  -8.817024E-03
    1.867472E-01     3     4    9.515705E-08   3.950511E-08
    1.867472E-01     3     5    4.091996E-08  -7.421622E-09
    1.867472E-01     3     6    3.986683E-08  -8.306521E-09
    1.867472E-01     4     1    3.347178E-09   9.839017E-10
    1.867472E-01     4     2    7.076712E-04  -2.301868E-05
    1.867472E-01     4     3    1.470783E-07  -6.292631E-09
    1.867472E-01     4     4   -1.148482E-04   2.470859E-06
    1.867472E-01     4     5    2.933597E-08  -3.807287E-10
    1.867472E-01     4     6    3.032715E-09  -1.613280E-10
    1.867472E-01     5     1   -5.204218E-04  -7.564398E-05
    1.867472E-01     5     2   -5.296173E-08   3.525450E-09
    1.867472E-01     5     3    2.317031E-08   2.363070E-08
    1.867472E-01     5     4    2.460428E-08   1.266639E-09
    1.867472E-01     5     5   -9.647299E-04   1.265527E-04
    1.867472E-01     5     6    1.121881E-08  -9.284471E-10
    1.867472E-01     6     1    3.090784E-08   6.837960E-09
    1.867472E-01     6     2    4.433533E-08   5.202404E-10
    1.867472E-01     6     3    9.144193E-08  -3.480797E-08
    1.867472E-01     6     4    7.720746E-09   1.895983E-09
    1.867472E-01     6     5    4.614302E-08   1.793995E-08
    1.867472E-01     6     6    5.913804E-05   2.754121E-05
    1.849094E-01     1     1   -5.813250E-05  -6.457882E-05
    1.849094E-01     1     2   -3.978441E-09   8.796929E-10
    1.849094E-01     1     3   -3.564241E-08   8.276154E-09
    1.849094E-01     1     4   -2.601988E-09   9.299398E-10
    1.849094E-01     1     5   -7.601699E-04  -9.962831E-05
    1.849094E-01     1     6   -9.224203E-09   9.483722E-10
    1.849094E-01     2     1    4.625553E-08   2.550850E-08
    1.849094E-01     2     2   -8.035283E-05   1.949423E-04
    1.849094E-01     2     3    2.428996E-07   2.722667E-07
    1.849094E-01     2     4    7.260083E-04  -3.124245E-05
    1.849094E-01     2     5    2.582896E-07   7.691739E-08
    1.849094E-01     2     6    4.720984E-08   4.591352E-09
    1.849094E-01     3     1   -3.200652E-08  -1.914995E-09
    1.849094E-01     3     2    1.350362E-07   2.784929E-08
    1.849094E-01     3     3   -4.447291E-02  -8.497152E-03
    1.849094E-01     3     4    9.248364E-08   3.801402E-08
    1.849094E-01     3     5    3.978558E-08  -7.139734E-09
    1.849094E-01     3     6    3.874761E-08  -7.995860E-09
    1.849094E-01     4     1    3.252782E-09   9.468007E-10
    1.849094E-01     4     2    6.869217E-04  -2.184157E-05
    1.849094E-01     4     3    1.429354E-07  -6.053588E-09
    1.849094E-01     4     4   -1.110294E-04   2.256241E-06
    1.849094E-01     4     5    2.851069E-08  -3.663224E-10
    1.849094E-01     4     6    2.946693E-09  -1.552544E-10
    1.849094E-01     5     1   -5.046649E-04  -7.304039E-05
    1.849094E-01     5     2   -5.147240E-08   3.392884E-09
    1.849094E-01     5     3    2.252477E-08   2.274028E-08
    1.849094E-01     5     4    2.391219E-08   1.219132E-09
    1.849094E-01     5     5   -9.348615E-04   1.210585E-04
    1.849094E-01     5     6    1.090340E-08  -8.934763E-10
    1.849094E-01     6     1    3.003974E-08   6.580736E-09
    1.849094E-01     6     2    4.308011E-08   5.000307E-10
    1.849094E-01     6     3    8.887023E-08  -3.349561E-08
    1.849094E-01     6     4    7.502455E-09   1.824562E-09
    1.849094E-01     6     5    4.484898E-08   1.726450E-08
    1.849094E-01     6     6    5.742784E-05   2.660860E-05
    1.831069E-01     1     1   -5.586516E-05  -6.161294E-05
    1.831069E-01     1     2   -3.854138E-09   8.457461E-10
    1.831069E-01     1     3   -3.452905E-08   7.939865E-09
    1.831069E-01     1     4   -2.520100E-09   8.924114E-10
    1.831069E-01     1     5   -7.347393E-04  -9.584109E-05
    1.831069E-01     1     6   -8.934418E-09   9.097028E-10
    1.831069E-01     2     1    4.480386E-08   2.446545E-08
    1.831069E-01     2     2   -7.446147E-05   1.890603E-04
    1.831069E-01     2     3    2.352896E-07   2.611352E-07
    1.831069E-01     2     4    7.022348E-04  -2.980730E-05
    1.831069E-01     2     5    2.501739E-07   7.377427E-08
    1.831069E-01     2     6    4.572294E-08   4.403838E-09
    1.831069E-01     3     1   -3.100040E-08  -1.836669E-09
    1.831069E-01     3     2    1.307718E-07   2.671938E-08
    1.831069E-01     3     3   -4.294065E-02  -8.161274E-03
    1.831069E-01     3     4    8.957829E-08   3.645774E-08
    1.831069E-01     3     5    3.855006E-08  -6.845844E-09
    1.831069E-01     3     6    3.753117E-08  -7.671386E-09
    1.831069E-01     4     1    3.150261E-09   9.080710E-10
    1.831069E-01     4     2    6.645081E-04  -2.067268E-05
    1.831069E-01     4     3    1.384347E-07  -5.804290E-09
    1.831069E-01     4     4   -1.068838E-04   2.051554E-06
    1.831069E-01     4     5    2.761399E-08  -3.512924E-10
    1.831069E-01     4     6    2.853332E-09  -1.489145E-10
    1.831069E-01     5     1   -4.877254E-04  -7.028708E-05
    1.831069E-01     5     2   -4.985410E-08   3.254480E-09
    1.831069E-01     5     3    2.182233E-08   2.181058E-08
    1.831069E-01     5     4    2.316020E-08   1.169505E-09
    1.831069E-01     5     5   -9.025976E-04   1.154362E-04
    1.831069E-01     5     6    1.056068E-08  -8.569786E-10
    1.831069E-01     6     1    2.909625E-08   6.312180E-09
    1.831069E-01     6     2    4.171759E-08   4.789429E-10
    1.831069E-01     6     3    8.607588E-08  -3.212572E-08
    1.831069E-01     6     4    7.265450E-09   1.750021E-09
    1.831069E-01     6     5    4.344221E-08   1.655929E-08
    1.831069E-01     6     6    5.567234E-05   2.563826E-05
    1.813397E-01     1     1   -5.342727E-05  -5.851067E-05
    1.813397E-01     1     2   -3.719872E-09   8.103719E-10
    1.813397E-01     1     3   -3.332438E-08   7.589515E-09
    1.813397E-01     1     4   -2.431634E-09   8.532931E-10
    1.813397E-01     1     5   -7.075073E-04  -9.184465E-05
    1.813397E-01     1     6   -8.621150E-09   8.694389E-10
    1.813397E-01     2     1    4.323431E-08   2.337895E-08
    1.813397E-01     2     2   -6.640328E-05   1.830962E-04
    1.813397E-01     2     3    2.270588E-07   2.495405E-07
    1.813397E-01     2     4    6.766794E-04  -2.837312E-05
    1.813397E-01     2     5    2.414012E-07   7.050021E-08
    1.813397E-01     2     6    4.411621E-08   4.208549E-09
    1.813397E-01     3     1   -2.991289E-08  -1.755209E-09
    1.813397E-01     3     2    1.261660E-07   2.554103E-08
    1.813397E-01     3     3   -4.130084E-02  -7.809561E-03
    1.813397E-01     3     4    8.643775E-08   3.483709E-08
    1.813397E-01     3     5    3.721193E-08  -6.540109E-09
    1.813397E-01     3     6    3.621615E-08  -7.333267E-09
    1.813397E-01     4     1    3.039503E-09   8.677326E-10
    1.813397E-01     4     2    6.404101E-04  -1.951294E-05
    1.813397E-01     4     3    1.335714E-07  -5.544871E-09
    1.813397E-01     4     4   -1.024075E-04   1.857004E-06
    1.813397E-01     4     5    2.664490E-08  -3.356467E-10
    1.813397E-01     4     6    2.752535E-09  -1.423116E-10
    1.813397E-01     5     1   -4.695908E-04  -6.738533E-05
    1.813397E-01     5     2   -4.810502E-08   3.110311E-09
    1.813397E-01     5     3    2.106219E-08   2.084208E-08
    1.813397E-01     5     4    2.234750E-08   1.117784E-09
    1.813397E-01     5     5   -8.679097E-04   1.096893E-04
    1.813397E-01     5     6    1.019027E-08  -8.189733E-10
    1.813397E-01     6     1    2.807630E-08   6.032432E-09
    1.813397E-01     6     2    4.024629E-08   4.569883E-10
    1.813397E-01     6     3    8.305579E-08  -3.069902E-08
    1.813397E-01     6     4    7.009474E-09   1.672397E-09
    1.813397E-01     6     5    4.192114E-08   1.582468E-08
    1.813397E-01     6     6    5.387234E-05   2.463070E-05
    1.796058E-01     1     1   -5.081472E-05  -5.526988E-05
    1.796058E-01     1     2   -3.575354E-09   7.735468E-10
    1.796058E-01     1     3   -3.202571E-08   7.224869E-09
    1.796058E-01     1     4   -2.336400E-09   8.125585E-10
    1.796058E-01     1     5   -6.784232E-04  -8.763608E-05
    1.796058E-01     1     6   -8.283718E-09   8.275535E-10
    1.796058E-01     2     1    4.154346E-08   2.224828E-08
    1.796058E-01     2     2   -5.611941E-05   1.770468E-04
    1.796058E-01     2     3    2.181893E-07   2.374748E-07
    1.796058E-01     2     4    6.492915E-04  -2.693928E-05
    1.796058E-01     2     5    2.319522E-07   6.709303E-08
    1.796058E-01     2     6    4.238616E-08   4.005355E-09
    1.796058E-01     3     1   -2.874161E-08  -1.670564E-09
    1.796058E-01     3     2    1.212089E-07   2.431342E-08
    1.796058E-01     3     3   -3.955045E-02  -7.441777E-03
    1.796058E-01     3     4    8.305519E-08   3.315100E-08
    1.796058E-01     3     5    3.576820E-08  -6.222327E-09
    1.796058E-01     3     6    3.479969E-08  -6.981277E-09
    1.796058E-01     4     1    2.920267E-09   8.257587E-10
    1.796058E-01     4     2    6.145801E-04  -1.836187E-05
    1.796058E-01     4     3    1.283349E-07  -5.275157E-09
    1.796058E-01     4     4   -9.759097E-05   1.672558E-06
    1.796058E-01     4     5    2.560130E-08  -3.193748E-10
    1.796058E-01     4     6    2.644084E-09  -1.354413E-10
    1.796058E-01     5     1   -4.502275E-04  -6.433305E-05
    1.796058E-01     5     2   -4.622137E-08   2.960280E-09
    1.796058E-01     5     3    2.024266E-08   1.983413E-08
    1.796058E-01     5     4    2.147230E-08   1.063935E-09
    1.796058E-01     5     5   -8.307296E-04   1.038146E-04
    1.796058E-01     5     6    9.791355E-09  -7.794350E-10
    1.796058E-01     6     1    2.697768E-08   5.741306E-09
    1.796058E-01     6     2    3.866305E-08   4.341521E-10
    1.796058E-01     6     3    7.980338E-08  -2.921457E-08
    1.796058E-01     6     4    6.733977E-09   1.591641E-09
    1.796058E-01     6     5    4.028242E-08   1.506018E-08
    1.796058E-01     6     6    5.202651E-05   2.358529E-05
    1.779052E-01     1     1   -4.802646E-05  -5.189224E-05
    1.779052E-01     1     2   -3.420461E-09   7.352903E-10
    1.779052E-01     1     3   -3.063189E-08   6.846119E-09
    1.779052E-01     1     4   -2.234315E-09   7.702290E-10
    1.779052E-01     1     5   -6.474703E-04  -8.321742E-05
    1.779052E-01     1     6   -7.921825E-09   7.840692E-10
    1.779052E-01     2     1    3.972981E-08   2.107405E-08
    1.779052E-01     2     2   -4.356197E-05   1.709165E-04
    1.779052E-01     2     3    2.086730E-07   2.249446E-07
    1.779052E-01     2     4    6.200521E-04  -2.550685E-05
    1.779052E-01     2     5    2.218188E-07   6.355452E-08
    1.779052E-01     2     6    4.053131E-08   3.794364E-09
    1.779052E-01     3     1   -2.748555E-08  -1.582778E-09
    1.779052E-01     3     2    1.158963E-07   2.303722E-08
    1.779052E-01     3     3   -3.768848E-02  -7.058115E-03
    1.779052E-01     3     4    7.942764E-08   3.140036E-08
    1.779052E-01     3     5    3.421752E-08  -5.892671E-09
    1.779052E-01     3     6    3.328053E-08  -6.615602E-09
    1.779052E-01     4     1    2.792453E-09   7.821716E-10
    1.779052E-01     4     2    5.869999E-04  -1.722039E-05
    1.779052E-01     4     3    1.227207E-07  -4.995296E-09
    1.779052E-01     4     4   -9.243068E-05   1.498403E-06
    1.779052E-01     4     5    2.448228E-08  -3.024855E-10
    1.779052E-01     4     6    2.527889E-09  -1.283074E-10
    1.779052E-01     5     1   -4.296245E-04  -6.113175E-05
    1.779052E-01     5     2   -4.420150E-08   2.804467E-09
    1.779052E-01     5     3    1.936300E-08   1.878727E-08
    1.779052E-01     5     4    2.053385E-08   1.007985E-09
    1.779052E-01     5     5   -7.910319E-04   9.781572E-05
    1.779052E-01     5     6    9.363601E-09  -7.383850E-10
    1.779052E-01     6     1    2.579942E-08   5.438956E-09
    1.779052E-01     6     2    3.696656E-08   4.104466E-10
    1.779052E-01     6     3    7.631583E-08  -2.767314E-08
    1.779052E-01     6     4    6.438725E-09   1.507795E-09
    1.779052E-01     6     5    3.852463E-08   1.426620E-08
    1.779052E-01     6     6    5.013571E-05   2.250261E-05
    1.762361E-01     1     1   -4.505819E-05  -4.837550E-05
    1.762361E-01     1     2   -3.254893E-09   6.955773E-10
    1.762361E-01     1     3   -2.914014E-08   6.453018E-09
    1.762361E-01     1     4   -2.125181E-09   7.262767E-10
    1.762361E-01     1     5   -6.145958E-04  -7.858555E-05
    1.762361E-01     1     6   -7.534758E-09   7.389575E-10
    1.762361E-01     2     1    3.778978E-08   1.985547E-08
    1.762361E-01     2     2   -2.866939E-05   1.647019E-04
    1.762361E-01     2     3    1.984911E-07   2.119416E-07
    1.762361E-01     2     4    5.889085E-04  -2.407518E-05
    1.762361E-01     2     5    2.109810E-07   5.988237E-08
    1.762361E-01     2     6    3.854801E-08   3.575438E-09
    1.762361E-01     3     1   -2.614224E-08  -1.491795E-09
    1.762361E-01     3     2    1.102178E-07   2.171156E-08
    1.762361E-01     3     3   -3.571178E-02  -6.658320E-03
    1.762361E-01     3     4    7.554799E-08   2.958403E-08
    1.762361E-01     3     5    3.255676E-08  -5.550925E-09
    1.762361E-01     3     6    3.165570E-08  -6.236000E-09
    1.762361E-01     4     1    2.655811E-09   7.369428E-10
    1.762361E-01     4     2    5.576197E-04  -1.608802E-05
    1.762361E-01     4     3    1.167179E-07  -4.705105E-09
    1.762361E-01     4     4   -8.691693E-05   1.334512E-06
    1.762361E-01     4     5    2.328566E-08  -2.849677E-10
    1.762361E-01     4     6    2.403725E-09  -1.209050E-10
    1.762361E-01     5     1   -4.077468E-04  -5.777918E-05
    1.762361E-01     5     2   -4.204146E-08   2.642770E-09
    1.762361E-01     5     3    1.842145E-08   1.770081E-08
    1.762361E-01     5     4    1.953030E-08   9.498978E-10
    1.762361E-01     5     5   -7.487451E-04   9.168922E-05
    1.762361E-01     5     6    8.906163E-09  -6.957963E-10
    1.762361E-01     6     1    2.453919E-08   5.125183E-09
    1.762361E-01     6     2    3.515350E-08   3.858561E-10
    1.762361E-01     6     3    7.258630E-08  -2.607374E-08
    1.762361E-01     6     4    6.123143E-09   1.420804E-09
    1.762361E-01     6     5    3.664427E-08   1.344222E-08
    1.762361E-01     6     6    4.819856E-05   2.138196E-05
    1.745979E-01     1     1   -4.190811E-05  -4.472040E-05
    1.745979E-01     1     2   -3.078484E-09   6.544168E-10
    1.745979E-01     1     3   -2.754890E-08   6.045653E-09
    1.745979E-01     1     4   -2.008888E-09   6.807113E-10
    1.745979E-01     1     5   -5.797743E-04  -7.374133E-05
    1.745979E-01     1     6   -7.122125E-09   6.922286E-10
    1.745979E-01     2     1    3.572140E-08   1.859283E-08
    1.745979E-01     2     2   -1.139103E-05   1.584055E-04
    1.745979E-01     2     3    1.876332E-07   1.984688E-07
    1.745979E-01     2     4    5.558337E-04  -2.264491E-05
    1.745979E-01     2     5    1.994278E-07   5.607740E-08
    1.745979E-01     2     6    3.643429E-08   3.348626E-09
    1.745979E-01     3     1   -2.471031E-08  -1.397637E-09
    1.745979E-01     3     2    1.041678E-07   2.033675E-08
    1.745979E-01     3     3   -3.361883E-02  -6.242480E-03
    1.745979E-01     3     4    7.141229E-08   2.770242E-08
    1.745979E-01     3     5    3.078416E-08  -5.197171E-09
    1.745979E-01     3     6    2.992354E-08  -5.842556E-09
    1.745979E-01     4     1    2.510203E-09   6.900823E-10
    1.745979E-01     4     2    5.264140E-04  -1.496530E-05
    1.745979E-01     4     3    1.103203E-07  -4.404650E-09
    1.745979E-01     4     4   -8.104460E-05   1.181011E-06
    1.745979E-01     4     5    2.201022E-08  -2.668255E-10
    1.745979E-01     4     6    2.271470E-09  -1.132359E-10
    1.745979E-01     5     1   -3.845775E-04  -5.427596E-05
    1.745979E-01     5     2   -3.973905E-08   2.475226E-09
    1.745979E-01     5     3    1.741704E-08   1.657500E-08
    1.745979E-01     5     4    1.846066E-08   8.896864E-10
    1.745979E-01     5     5   -7.038333E-04   8.543701E-05
    1.745979E-01     5     6    8.418579E-09  -6.516786E-10
    1.745979E-01     6     1    2.319573E-08   4.800058E-09
    1.745979E-01     6     2    3.322210E-08   3.603862E-10
    1.745979E-01     6     3    6.861102E-08  -2.441672E-08
    1.745979E-01     6     4    5.786920E-09   1.330687E-09
    1.745979E-01     6     5    3.463945E-08   1.258841E-08
    1.745979E-01     6     6    4.621538E-05   2.022364E-05
    1.729904E-01     1     1   -3.857459E-05  -4.092785E-05
    1.729904E-01     1     2   -2.891085E-09   6.118196E-10
    1.729904E-01     1     3   -2.585675E-08   5.624132E-09
    1.729904E-01     1     4   -1.885337E-09   6.335446E-10
    1.729904E-01     1     5   -5.429829E-04  -6.868584E-05
    1.729904E-01     1     6   -6.683565E-09   6.438949E-10
    1.729904E-01     2     1    3.352286E-08   1.728645E-08
    1.729904E-01     2     2    8.320919E-06   1.520297E-04
    1.729904E-01     2     3    1.760896E-07   1.845296E-07
    1.729904E-01     2     4    5.208032E-04  -2.121665E-05
    1.729904E-01     2     5    1.871491E-07   5.214062E-08
    1.729904E-01     2     6    3.418829E-08   3.113988E-09
    1.729904E-01     3     1   -2.318852E-08  -1.300328E-09
    1.729904E-01     3     2    9.774110E-08   1.891312E-08
    1.729904E-01     3     3   -3.140827E-02  -5.810703E-03
    1.729904E-01     3     4    6.701694E-08   2.575602E-08
    1.729904E-01     3     5    2.889810E-08  -4.831503E-09
    1.729904E-01     3     6    2.808254E-08  -5.435373E-09
    1.729904E-01     4     1    2.355506E-09   6.416027E-10
    1.729904E-01     4     2    4.933596E-04  -1.385275E-05
    1.729904E-01     4     3    1.035224E-07  -4.094013E-09
    1.729904E-01     4     4   -7.480903E-05   1.038011E-06
    1.729904E-01     4     5    2.065486E-08  -2.480637E-10
    1.729904E-01     4     6    2.131011E-09  -1.053021E-10
    1.729904E-01     5     1   -3.601017E-04  -5.062291E-05
    1.729904E-01     5     2   -3.729229E-08   2.301877E-09
    1.729904E-01     5     3    1.634887E-08   1.541012E-08
    1.729904E-01     5     4    1.732398E-08   8.273662E-10
    1.729904E-01     5     5   -6.562635E-04   7.906113E-05
    1.729904E-01     5     6    7.900426E-09  -6.060436E-10
    1.729904E-01     6     1    2.176786E-08   4.463667E-09
    1.729904E-01     6     2    3.117071E-08   3.340438E-10
    1.729904E-01     6     3    6.438653E-08  -2.270252E-08
    1.729904E-01     6     4    5.429766E-09   1.237469E-09
    1.729904E-01     6     5    3.250839E-08   1.170501E-08
    1.729904E-01     6     6    4.418653E-05   1.902796E-05
    1.714118E-01     1     1   -3.505304E-05  -3.699537E-05
    1.714118E-01     1     2   -2.692374E-09   5.677582E-10
    1.714118E-01     1     3   -2.406074E-08   5.188181E-09
    1.714118E-01     1     4   -1.754316E-09   5.847460E-10
    1.714118E-01     1     5   -5.041653E-04  -6.341567E-05
    1.714118E-01     1     6   -6.218318E-09   5.939253E-10
    1.714118E-01     2     1    3.119033E-08   1.593549E-08
    1.714118E-01     2     2    3.053230E-05   1.455711E-04
    1.714118E-01     2     3    1.638402E-07   1.701152E-07
    1.714118E-01     2     4    4.837606E-04  -1.978974E-05
    1.714118E-01     2     5    1.741237E-07   4.806947E-08
    1.714118E-01     2     6    3.180616E-08   2.871373E-09
    1.714118E-01     3     1   -2.157423E-08  -1.199807E-09
    1.714118E-01     3     2    9.092673E-08   1.743975E-08
    1.714118E-01     3     3   -2.907674E-02  -5.362708E-03
    1.714118E-01     3     4    6.235433E-08   2.374359E-08
    1.714118E-01     3     5    2.689524E-08  -4.453688E-09
    1.714118E-01     3     6    2.612950E-08  -5.014187E-09
    1.714118E-01     4     1    2.191452E-09   5.914725E-10
    1.714118E-01     4     2    4.584031E-04  -1.274991E-05
    1.714118E-01     4     3    9.631262E-08  -3.772994E-09
    1.714118E-01     4     4   -6.819991E-05   9.054961E-07
    1.714118E-01     4     5    1.921724E-08  -2.286701E-10
    1.714118E-01     4     6    1.982109E-09  -9.709852E-11
    1.714118E-01     5     1   -3.342818E-04  -4.681757E-05
    1.714118E-01     5     2   -3.469693E-08   2.122612E-09
    1.714118E-01     5     3    1.521506E-08   1.420543E-08
    1.714118E-01     5     4    1.611830E-08   7.628969E-10
    1.714118E-01     5     5   -6.059594E-04   7.255790E-05
    1.714118E-01     5     6    7.350807E-09  -5.588620E-10
    1.714118E-01     6     1    2.025309E-08   4.115791E-09
    1.714118E-01     6     2    2.899582E-08   3.068117E-10
    1.714118E-01     6     3    5.990554E-08  -2.093002E-08
    1.714118E-01     6     4    5.051071E-09   1.141090E-09
    1.714118E-01     6     5    3.024739E-08   1.079144E-08
    1.714118E-01     6     6    4.211056E-05   1.779417E-05
    1.698622E-01     1     1   -3.134292E-05  -3.292510E-05
    1.698622E-01     1     2   -2.482262E-09   5.222569E-10
    1.698622E-01     1     3   -2.215998E-08   4.738041E-09
    1.698622E-01     1     4   -1.615764E-09   5.343422E-10
    1.698622E-01     1     5   -4.633105E-04  -5.793355E-05
    1.698622E-01     1     6   -5.726167E-09   5.423475E-10
    1.698622E-01     2     1    2.872272E-08   1.454070E-08
    1.698622E-01     2     2    5.528386E-05   1.390340E-04
    1.698622E-01     2     3    1.508792E-07   1.552334E-07
    1.698622E-01     2     4    4.446929E-04  -1.836521E-05
    1.698622E-01     2     5    1.603455E-07   4.386621E-08
    1.698622E-01     2     6    2.928680E-08   2.620915E-09
    1.698622E-01     3     1   -1.986669E-08  -1.096130E-09
    1.698622E-01     3     2    8.372157E-08   1.591746E-08
    1.698622E-01     3     3   -2.662357E-02  -4.898741E-03
    1.698622E-01     3     4    5.742228E-08   2.166622E-08
    1.698622E-01     3     5    2.477459E-08  -4.063936E-09
    1.698622E-01     3     6    2.406352E-08  -4.579230E-09
    1.698622E-01     4     1    2.017967E-09   5.397195E-10
    1.698622E-01     4     2    4.215322E-04  -1.165760E-05
    1.698622E-01     4     3    8.868750E-08  -3.441771E-09
    1.698622E-01     4     4   -6.121461E-05   7.836090E-07
    1.698622E-01     4     5    1.769668E-08  -2.086556E-10
    1.698622E-01     4     6    1.824698E-09  -8.862961E-11
    1.698622E-01     5     1   -3.071108E-04  -4.286192E-05
    1.698622E-01     5     2   -3.195178E-08   1.937531E-09
    1.698622E-01     5     3    1.401506E-08   1.296159E-08
    1.698622E-01     5     4    1.484307E-08   6.963139E-10
    1.698622E-01     5     5   -5.529038E-04   6.593133E-05
    1.698622E-01     5     6    6.769469E-09  -5.101598E-10
    1.698622E-01     6     1    1.865074E-08   3.756623E-09
    1.698622E-01     6     2    2.669646E-08   2.787051E-10
    1.698622E-01     6     3    5.516597E-08  -1.910023E-08
    1.698622E-01     6     4    4.650662E-09   1.041603E-09
    1.698622E-01     6     5    2.785539E-08   9.848214E-09
    1.698622E-01     6     6    3.998845E-05   1.652298E-05
    1.683399E-01     1     1   -2.743940E-05  -2.871438E-05
    1.683399E-01     1     2   -2.260413E-09   4.752867E-10
    1.683399E-01     1     3   -2.015141E-08   4.273423E-09
    1.683399E-01     1     4   -1.469460E-09   4.823009E-10
    1.683399E-01     1     5   -4.203599E-04  -5.223581E-05
    1.683399E-01     1     6   -5.206319E-09   4.891285E-10
    1.683399E-01     2     1    2.611605E-08   1.310118E-08
    1.683399E-01     2     2    8.264445E-05   1.324151E-04
    1.683399E-01     2     3    1.371856E-07   1.398748E-07
    1.683399E-01     2     4    4.035414E-04  -1.694239E-05
    1.683399E-01     2     5    1.457924E-07   3.952814E-08
    1.683399E-01     2     6    2.662616E-08   2.362453E-09
    1.683399E-01     3     1   -1.806317E-08  -9.892317E-10
    1.683399E-01     3     2    7.611416E-08   1.434524E-08
    1.683399E-01     3     3   -2.404526E-02  -4.418505E-03
    1.683399E-01     3     4    5.221287E-08   1.952261E-08
    1.683399E-01     3     5    2.253266E-08  -3.661999E-09
    1.683399E-01     3     6    2.188126E-08  -4.130223E-09
    1.683399E-01     4     1    1.834774E-09   4.863106E-10
    1.683399E-01     4     2    3.826913E-04  -1.057535E-05
    1.683399E-01     4     3    8.063488E-08  -3.100135E-09
    1.683399E-01     4     4   -5.384236E-05   6.723403E-07
    1.683399E-01     4     5    1.609076E-08  -1.880073E-10
    1.683399E-01     4     6    1.658528E-09  -7.988999E-11
    1.683399E-01     5     1   -2.785497E-04  -3.875333E-05
    1.683399E-01     5     2   -2.905243E-08   1.746514E-09
    1.683399E-01     5     3    1.274692E-08   1.167781E-08
    1.683399E-01     5     4    1.349625E-08   6.275743E-10
    1.683399E-01     5     5   -4.970172E-04   5.917757E-05
    1.683399E-01     5     6    6.155478E-09  -4.599060E-10
    1.683399E-01     6     1    1.695821E-08   3.385934E-09
    1.683399E-01     6     2    2.426897E-08   2.497060E-10
    1.683399E-01     6     3    5.016020E-08  -1.721195E-08
    1.683399E-01     6     4    4.227902E-09   9.389435E-10
    1.683399E-01     6     5    2.532853E-08   8.874718E-09
    1.683399E-01     6     6    3.781870E-05   1.521359E-05
    1.668451E-01     1     1   -2.334219E-05  -2.436555E-05
    1.668451E-01     1     2   -2.026753E-09   4.268738E-10
    1.668451E-01     1     3   -1.803427E-08   3.794588E-09
    1.668451E-01     1     4   -1.315354E-09   4.286510E-10
    1.668451E-01     1     5   -3.753047E-04  -4.632550E-05
    1.668451E-01     1     6   -4.658589E-09   4.342982E-10
    1.668451E-01     2     1    2.336939E-08   1.161773E-08
    1.668451E-01     2     2    1.126518E-04   1.257185E-04
    1.668451E-01     2     3    1.227544E-07   1.240478E-07
    1.668451E-01     2     4    3.602952E-04  -1.552228E-05
    1.668451E-01     2     5    1.304591E-07   3.505769E-08
    1.668451E-01     2     6    2.382332E-08   2.096133E-09
    1.668451E-01     3     1   -1.616301E-08  -8.791721E-10
    1.668451E-01     3     2    6.810188E-08   1.272399E-08
    1.668451E-01     3     3   -2.134130E-02  -3.922264E-03
    1.668451E-01     3     4    4.672426E-08   1.731394E-08
    1.668451E-01     3     5    2.016860E-08  -3.248105E-09
    1.668451E-01     3     6    1.958196E-08  -3.667415E-09
    1.668451E-01     4     1    1.641809E-09   4.312756E-10
    1.668451E-01     4     2    3.418702E-04  -9.503971E-06
    1.668451E-01     4     3    7.215194E-08  -2.748277E-09
    1.668451E-01     4     4   -4.608099E-05   5.718171E-07
    1.668451E-01     4     5    1.439890E-08  -1.667369E-10
    1.668451E-01     4     6    1.483543E-09  -7.088453E-11
    1.668451E-01     5     1   -2.485928E-04  -3.449401E-05
    1.668451E-01     5     2   -2.599785E-08   1.549668E-09
    1.668451E-01     5     3    1.141018E-08   1.035479E-08
    1.668451E-01     5     4    1.207734E-08   5.567166E-10
    1.668451E-01     5     5   -4.382854E-04   5.230076E-05
    1.668451E-01     5     6    5.508617E-09  -4.081287E-10
    1.668451E-01     6     1    1.517490E-08   3.003929E-09
    1.668451E-01     6     2    2.171252E-08   2.198305E-10
    1.668451E-01     6     3    4.488649E-08  -1.526625E-08
    1.668451E-01     6     4    3.782647E-09   8.331701E-10
    1.668451E-01     6     5    2.266591E-08   7.871498E-09
    1.668451E-01     6     6    3.560235E-05   1.386676E-05
    1.653761E-01     1     1   -1.904620E-05  -1.987580E-05
    1.653761E-01     1     2   -1.780932E-09   3.769875E-10
    1.653761E-01     1     3   -1.580536E-08   3.301230E-09
    1.653761E-01     1     4   -1.153216E-09   3.733583E-10
    1.653761E-01     1     5   -3.280839E-04  -4.019871E-05
    1.653761E-01     1     6   -4.082153E-09   3.778219E-10
    1.653761E-01     2     1    2.047860E-08   1.008942E-08
    1.653761E-01     2     2    1.453778E-04   1.189409E-04
    1.653761E-01     2     3    1.075639E-07   1.077425E-07
    1.653761E-01     2     4    3.148933E-04  -1.410422E-05
    1.653761E-01     2     5    1.143226E-07   3.045201E-08
    1.653761E-01     2     6    2.087408E-08   1.821784E-09
    1.653761E-01     3     1   -1.416337E-08  -7.658820E-10
    1.653761E-01     3     2    5.967277E-08   1.105265E-08
    1.653761E-01     3     3   -1.850804E-02  -3.409704E-03
    1.653761E-01     3     4    4.094818E-08   1.503882E-08
    1.653761E-01     3     5    1.767878E-08  -2.821993E-09
    1.653761E-01     3     6    1.716215E-08  -3.190513E-09
    1.653761E-01     4     1    1.438784E-09   3.745796E-10
    1.653761E-01     4     2    2.990110E-04  -8.442984E-06
    1.653761E-01     4     3    6.322595E-08  -2.385975E-09
    1.653761E-01     4     4   -3.791927E-05   4.820379E-07
    1.653761E-01     4     5    1.261857E-08  -1.448309E-10
    1.653761E-01     4     6    1.299482E-09  -6.160754E-11
    1.653761E-01     5     1   -2.171996E-04  -3.008116E-05
    1.653761E-01     5     2   -2.278346E-08   1.346868E-09
    1.653761E-01     5     3    1.000279E-08   8.991706E-09
    1.653761E-01     5     4    1.058423E-08   4.836954E-10
    1.653761E-01     5     5   -3.766258E-04   4.529691E-05
    1.653761E-01     5     6    4.827915E-09  -3.547951E-10
    1.653761E-01     6     1    1.329813E-08   2.610366E-09
    1.653761E-01     6     2    1.902331E-08   1.890599E-10
    1.653761E-01     6     3    3.933689E-08  -1.326190E-08
    1.653761E-01     6     4    3.314232E-09   7.242155E-10
    1.653761E-01     6     5    1.986350E-08   6.837918E-09
    1.653761E-01     6     6    3.333783E-05   1.248164E-05
    1.639333E-01     1     1   -1.455138E-05  -1.524763E-05
    1.639333E-01     1     2   -1.522889E-09   3.256558E-10
    1.639333E-01     1     3   -1.346405E-08   2.793627E-09
    1.639333E-01     1     4   -9.830033E-10   3.164537E-10
    1.639333E-01     1     5   -2.786914E-04  -3.385876E-05
    1.639333E-01     1     6   -3.476859E-09   3.197313E-10
    1.639333E-01     2     1    1.744290E-08   8.517111E-09
    1.639333E-01     2     2    1.808569E-04   1.120865E-04
    1.639333E-01     2     3    9.160980E-08   9.096807E-08
    1.639333E-01     2     4    2.673274E-04  -1.268919E-05
    1.639333E-01     2     5    9.737869E-08   2.571371E-08
    1.639333E-01     2     6    1.777767E-08   1.539563E-09
    1.639333E-01     3     1   -1.206371E-08  -6.494260E-10
    1.639333E-01     3     2    5.082472E-08   9.332166E-09
    1.639333E-01     3     3   -1.554511E-02  -2.881112E-03
    1.639333E-01     3     4    3.488312E-08   1.269852E-08
    1.639333E-01     3     5    1.506250E-08  -2.383904E-09
    1.639333E-01     3     6    1.462119E-08  -2.699783E-09
    1.639333E-01     4     1    1.225646E-09   3.162546E-10
    1.639333E-01     4     2    2.541060E-04  -7.393179E-06
    1.639333E-01     4     3    5.385463E-08  -2.013434E-09
    1.639333E-01     4     4   -2.935549E-05   4.031128E-07
    1.639333E-01     4     5    1.074930E-08  -1.223016E-10
    1.639333E-01     4     6    1.106299E-09  -5.206422E-11
    1.639333E-01     5     1   -1.843662E-04  -2.551717E-05
    1.639333E-01     5     2   -1.940842E-08   1.138229E-09
    1.639333E-01     5     3    8.524381E-09   7.589316E-09
    1.639333E-01     5     4    9.016530E-09   4.085518E-10
    1.639333E-01     5     5   -3.120276E-04   3.817030E-05
    1.639333E-01     5     6    4.113195E-09  -2.999353E-10
    1.639333E-01     6     1    1.132741E-08   2.205467E-09
    1.639333E-01     6     2    1.620066E-08   1.574113E-10
    1.639333E-01     6     3    3.350998E-08  -1.120002E-08
    1.639333E-01     6     4    2.822538E-09   6.121410E-10
    1.639333E-01     6     5    1.692056E-08   5.774559E-09
    1.639333E-01     6     6    3.102626E-05   1.105903E-05
    1.625149E-01     1     1   -9.852426E-06  -1.047809E-05
    1.625149E-01     1     2   -1.252261E-09   2.728465E-10
    1.625149E-01     1     3   -1.100700E-08   2.271459E-09
    1.625149E-01     1     4   -8.044768E-10   2.579014E-10
    1.625149E-01     1     5   -2.270634E-04  -2.730152E-05
    1.625149E-01     1     6   -2.841848E-09   2.599900E-10
    1.625149E-01     2     1    1.425800E-08   6.899802E-09
    1.625149E-01     2     2    2.191646E-04   1.051518E-04
    1.625149E-01     2     3    7.486950E-08   7.371389E-08
    1.625149E-01     2     4    2.175338E-04  -1.127651E-05
    1.625149E-01     2     5    7.960331E-08   2.083978E-08
    1.625149E-01     2     6    1.452971E-08   1.249291E-09
    1.625149E-01     3     1   -9.861072E-09  -5.297312E-10
    1.625149E-01     3     2    4.154527E-08   7.561444E-09
    1.625149E-01     3     3   -1.244871E-02  -2.336153E-03
    1.625149E-01     3     4    2.852048E-08   1.029159E-08
    1.625149E-01     3     5    1.231598E-08  -1.933564E-09
    1.625149E-01     3     6    1.195547E-08  -2.194917E-09
    1.625149E-01     4     1    1.002095E-09   2.562637E-10
    1.625149E-01     4     2    2.070948E-04  -6.354078E-06
    1.625149E-01     4     3    4.402471E-08  -1.630420E-09
    1.625149E-01     4     4   -2.037796E-05   3.350492E-07
    1.625149E-01     4     5    8.788450E-09  -9.913493E-11
    1.625149E-01     4     6    9.037250E-10  -4.224858E-11
    1.625149E-01     5     1   -1.500502E-04  -2.079909E-05
    1.625149E-01     5     2   -1.586796E-08   9.236190E-10
    1.625149E-01     5     3    6.972825E-09   6.146738E-09
    1.625149E-01     5     4    7.372016E-09   3.312384E-10
    1.625149E-01     5     5   -2.444045E-04   3.091677E-05
    1.625149E-01     5     6    3.363445E-09  -2.435149E-10
    1.625149E-01     6     1    9.259933E-09   1.788976E-09
    1.625149E-01     6     2    1.324062E-08   1.248649E-10
    1.625149E-01     6     3    2.739750E-08  -9.079311E-09
    1.625149E-01     6     4    2.306875E-09   4.968762E-10
    1.625149E-01     6     5    1.383291E-08   4.680750E-09
    1.625149E-01     6     6    2.866599E-05   9.598058E-06
    1.611214E-01     1     1   -4.949516E-06  -5.569866E-06
    1.611214E-01     1     2   -9.690014E-10   2.185895E-10
    1.611214E-01     1     3   -8.433742E-09   1.735022E-09
    1.611214E-01     1     4   -6.176047E-10   1.977343E-10
    1.611214E-01     1     5   -1.731966E-04  -2.053059E-05
    1.611214E-01     1     6   -2.177003E-09   1.986320E-10
    1.611214E-01     2     1    1.092329E-08   5.238414E-09
    1.611214E-01     2     2    2.603318E-04   9.814110E-05
    1.611214E-01     2     3    5.733979E-08   5.598978E-08
    1.611214E-01     2     4    1.655070E-04  -9.867158E-06
    1.611214E-01     2     5    6.099323E-08   1.583301E-08
    1.611214E-01     2     6    1.112963E-08   9.511323E-10
    1.611214E-01     3     1   -7.555043E-09  -4.068662E-10
    1.611214E-01     3     2    3.183280E-08   5.741482E-09
    1.611214E-01     3     3   -9.218634E-03  -1.775136E-03
    1.611214E-01     3     4    2.185910E-08   7.819371E-09
    1.611214E-01     3     5    9.438658E-09  -1.471231E-09
    1.611214E-01     3     6    9.164517E-09  -1.676200E-09
    1.611214E-01     4     1    7.680920E-10   1.946411E-10
    1.611214E-01     4     2    1.579722E-04  -5.326448E-06
    1.611214E-01     4     3    3.373445E-08  -1.237153E-09
    1.611214E-01     4     4   -1.098545E-05   2.779404E-07
    1.611214E-01     4     5    6.735662E-09  -7.534403E-11
    1.611214E-01     4     6    6.917241E-10  -3.216617E-11
    1.611214E-01     5     1   -1.142495E-04  -1.592950E-05
    1.611214E-01     5     2   -1.216142E-08   7.031593E-10
    1.611214E-01     5     3    5.347824E-09   4.664789E-09
    1.611214E-01     5     4    5.650393E-09   2.517988E-10
    1.611214E-01     5     5   -1.737495E-04   2.354075E-05
    1.611214E-01     5     6    2.578528E-09  -1.855658E-10
    1.611214E-01     6     1    7.095328E-09   1.361130E-09
    1.611214E-01     6     2    1.014267E-08   9.143920E-11
    1.611214E-01     6     3    2.099834E-08  -6.900982E-09
    1.611214E-01     6     4    1.767153E-09   3.784866E-10
    1.611214E-01     6     5    1.059997E-08   3.557113E-09
    1.611214E-01     6     6    2.625820E-05   8.099564E-06
    1.597511E-01     1     1    1.629070E-07  -5.198496E-07
    1.597511E-01     1     2   -6.727314E-10   1.628508E-10
    1.597511E-01     1     3   -5.740780E-09   1.183980E-09
    1.597511E-01     1     4   -4.221371E-10   1.359148E-10
    1.597511E-01     1     5   -1.170244E-04  -1.354160E-05
    1.597511E-01     1     6   -1.481430E-09   1.356188E-10
    1.597511E-01     2     1    7.434287E-09   3.531905E-09
    1.597511E-01     2     2    3.044372E-04   9.105070E-05
    1.597511E-01     2     3    3.899700E-08   3.778461E-08
    1.597511E-01     2     4    1.111804E-04  -8.460441E-06
    1.597511E-01     2     5    4.152340E-08   1.069024E-08
    1.597511E-01     2     6    7.572862E-09   6.449012E-10
    1.597511E-01     3     1   -5.142526E-09  -2.807544E-10
    1.597511E-01     3     2    2.167434E-08   3.871132E-09
    1.597511E-01     3     3   -5.850908E-03  -1.197707E-03
    1.597511E-01     3     4    1.489003E-08   5.280332E-09
    1.597511E-01     3     5    6.426614E-09  -9.966161E-10
    1.597511E-01     3     6    6.244564E-09  -1.143307E-09
    1.597511E-01     4     1    5.233233E-10   1.313481E-10
    1.597511E-01     4     2    1.066753E-04  -4.309813E-06
    1.597511E-01     4     3    2.297004E-08  -8.333868E-10
    1.597511E-01     4     4   -1.165761E-06   2.318031E-07
    1.597511E-01     4     5    4.588180E-09  -5.091403E-11
    1.597511E-01     4     6    4.700144E-10  -2.181069E-11
    1.597511E-01     5     1   -7.692004E-05  -1.090529E-05
    1.597511E-01     5     2   -8.283826E-09   4.767119E-10
    1.597511E-01     5     3    3.647173E-09   3.142540E-09
    1.597511E-01     5     4    3.849349E-09   1.701831E-10
    1.597511E-01     5     5   -9.997260E-05   1.603793E-05
    1.597511E-01     5     6    1.757391E-09  -1.260518E-10
    1.597511E-01     6     1    4.830681E-09   9.216607E-10
    1.597511E-01     6     2    6.902684E-09   5.711320E-11
    1.597511E-01     6     3    1.430391E-08  -4.663668E-09
    1.597511E-01     6     4    1.202649E-09   2.568979E-10
    1.597511E-01     6     5    7.217391E-09   2.402941E-09
    1.597511E-01     6     6    2.380120E-05   6.562625E-06
    1.584043E-01     1     1    5.484410E-06   4.669102E-06
    1.584043E-01     1     2   -3.634197E-10   1.056623E-10
    1.584043E-01     1     3   -2.927782E-09   6.186469E-10
    1.584043E-01     1     4   -2.180527E-10   7.247786E-11
    1.584043E-01     1     5   -5.854616E-05  -6.338433E-06
    1.584043E-01     1     6   -7.550487E-10   7.098645E-11
    1.584043E-01     2     1    3.790578E-09   1.781251E-09
    1.584043E-01     2     2    3.515085E-04   8.388515E-05
    1.584043E-01     2     3    1.983892E-08   1.910879E-08
    1.584043E-01     2     4    5.455126E-05  -7.057332E-06
    1.584043E-01     2     5    2.119160E-08   5.414413E-09
    1.584043E-01     2     6    3.859007E-09   3.307722E-10
    1.584043E-01     3     1   -2.623245E-09  -1.514685E-10
    1.584043E-01     3     2    1.106880E-08   1.951459E-09
    1.584043E-01     3     3   -2.345501E-03  -6.041970E-04
    1.584043E-01     3     4    7.612462E-09   2.675921E-09
    1.584043E-01     3     5    3.279444E-09  -5.099920E-10
    1.584043E-01     3     6    3.195276E-09  -5.965406E-10
    1.584043E-01     4     1    2.677621E-10   6.642088E-11
    1.584043E-01     4     2    5.320145E-05  -3.304917E-06
    1.584043E-01     4     3    1.173028E-08  -4.193524E-10
    1.584043E-01     4     4    9.081817E-06   1.967142E-07
    1.584043E-01     4     5    2.345763E-09  -2.585892E-11
    1.584043E-01     4     6    2.385728E-10  -1.118804E-11
    1.584043E-01     5     1   -3.806141E-05  -5.729242E-06
    1.584043E-01     5     2   -4.234746E-09   2.444062E-10
    1.584043E-01     5     3    1.870659E-09   1.580860E-09
    1.584043E-01     5     4    1.968681E-09   8.643785E-11
    1.584043E-01     5     5   -2.307041E-05   8.412888E-06
    1.584043E-01     5     6    8.999406E-10  -6.500698E-11
    1.584043E-01     6     1    2.465728E-09   4.708182E-10
    1.584043E-01     6     2    3.520316E-09   2.190656E-11
    1.584043E-01     6     3    7.313442E-09  -2.368646E-09
    1.584043E-01     6     4    6.133058E-10   1.321798E-10
    1.584043E-01     6     5    3.684768E-09   1.218895E-09
    1.584043E-01     6     6    2.129622E-05   4.988135E-06
    1.570796E-01     1     1    1.102080E-05   1.000025E-05
    1.570796E-01     1     2   -4.067260E-11   4.698825E-11
    1.570796E-01     1     3    8.880310E-12   3.867000E-11
    1.570796E-01     1     4   -5.091120E-12   7.383950E-12
    1.570796E-01     1     5    2.307290E-06   1.083518E-06
    1.570796E-01     1     6    3.072730E-12   4.694800E-12
    1.570796E-01     2     1   -1.251100E-11  -1.464132E-11
    1.570796E-01     2     2    4.016280E-04   7.664050E-05
    1.570796E-01     2     3   -1.591180E-10  -4.933100E-11
    1.570796E-01     2     4   -4.449620E-06  -5.657125E-06
    1.570796E-01     2     5   -2.823140E-11   2.242807E-12
    1.570796E-01     2     6   -1.667990E-11   8.549625E-12
    1.570796E-01     3     1    6.028130E-12  -1.892840E-11
    1.570796E-01     3     2    2.677550E-12  -1.874288E-11
    1.570796E-01     3     3    1.301730E-03   5.766325E-06
    1.570796E-01     3     4    1.707120E-11   4.513825E-12
    1.570796E-01     3     5   -6.939220E-12  -1.105698E-11
    1.570796E-01     3     6    1.274250E-11  -3.556000E-11
    1.570796E-01     4     1    1.082300E-12  -1.809895E-13
    1.570796E-01     4     2   -2.514890E-06  -2.311290E-06
    1.570796E-01     4     3    8.049030E-13   5.206850E-12
    1.570796E-01     4     4    1.977000E-05   1.727000E-07
    1.570796E-01     4     5    5.540820E-12  -1.630945E-13
    1.570796E-01     4     6   -2.894690E-12  -2.916075E-13
    1.570796E-01     5     1    2.372300E-06  -3.980650E-07
    1.570796E-01     5     2   -8.993080E-12   6.097250E-12
    1.570796E-01     5     3    1.598890E-11  -2.122577E-11
    1.570796E-01     5     4    5.982200E-12   5.106825E-13
    1.570796E-01     5     5    5.705070E-05   6.611400E-07
    1.570796E-01     5     6    5.079300E-12  -2.393335E-12
    1.570796E-01     6     1   -2.561140E-12   8.321875E-12
    1.570796E-01     6     2   -8.731150E-12  -1.420267E-11
    1.570796E-01     6     3    1.800070E-11  -1.448642E-11
    1.570796E-01     6     4   -1.628910E-12   4.254625E-12
    1.570796E-01     6     5   -2.433080E-12   4.234925E-12
    1.570796E-01     6     6    1.874150E-05   3.375125E-06
